date,index_code,floor_code,close,pe,pb,range_type,source_url,source,scrape_run_id,scraped_at
2025-06-25,VNINDEX,10,1366.75,13.46,1.74,5,https://api-finance-t19.24hmoney.vn/v1/ios/indices/key-statistic-history?floor_code=10&type=5,24hmoney:key-statistic-history,781462e565784b86ab2e7860a4d2ddc6,2026-06-21T19:01:11.694219+07:00
2025-06-26,VNINDEX,10,1365.67,13.44,1.74,5,https://api-finance-t19.24hmoney.vn/v1/ios/indices/key-statistic-history?floor_code=10&type=5,24hmoney:key-statistic-history,208c3b6cdf79435fb1a29053233f701d,2026-06-22T20:28:40.752622+07:00
2025-06-27,VNINDEX,10,1371.44,13.5,1.74,5,https://api-finance-t19.24hmoney.vn/v1/ios/indices/key-statistic-history?floor_code=10&type=5,24hmoney:key-statistic-history,e5a7b102f457402ab71b2e9ee9f74879,2026-06-23T18:03:51.022751+07:00
2025-06-30,VNINDEX,10,1376.07,13.21,1.76,5,https://api-finance-t19.24hmoney.vn/v1/ios/indices/key-statistic-history?floor_code=10&type=5,24hmoney:key-statistic-history,57f8a295e2f9467396e0bafa6a94f370,2026-06-26T17:53:01.276594+07:00
2025-07-01,VNINDEX,10,1377.84,13.23,1.76,5,https://api-finance-t19.24hmoney.vn/v1/ios/indices/key-statistic-history?floor_code=10&type=5,24hmoney:key-statistic-history,57f8a295e2f9467396e0bafa6a94f370,2026-06-26T17:53:01.276594+07:00
2025-07-02,VNINDEX,10,1384.59,13.3,1.77,5,https://api-finance-t19.24hmoney.vn/v1/ios/indices/key-statistic-history?floor_code=10&type=5,24hmoney:key-statistic-history,57f8a295e2f9467396e0bafa6a94f370,2026-06-26T17:53:01.276594+07:00
2025-07-03,VNINDEX,10,1381.96,13.27,1.76,5,https://api-finance-t19.24hmoney.vn/v1/ios/indices/key-statistic-history?floor_code=10&type=5,24hmoney:key-statistic-history,3896b0bf473947d6ad3e8813efc62bd0,2026-06-29T19:32:29.142153+07:00
2025-07-04,VNINDEX,10,1386.97,13.32,1.77,5,https://api-finance-t19.24hmoney.vn/v1/ios/indices/key-statistic-history?floor_code=10&type=5,24hmoney:key-statistic-history,103318762c844339a9e3d8a9f281d31d,2026-06-30T18:08:19.305405+07:00
2025-07-07,VNINDEX,10,1402.06,13.47,1.79,5,https://api-finance-t19.24hmoney.vn/v1/ios/indices/key-statistic-history?floor_code=10&type=5,24hmoney:key-statistic-history,7899ce70971e409788f6c7786b324174,2026-07-03T17:30:03.713085+07:00
2025-07-08,VNINDEX,10,1415.46,13.6,1.81,5,https://api-finance-t19.24hmoney.vn/v1/ios/indices/key-statistic-history?floor_code=10&type=5,24hmoney:key-statistic-history,7899ce70971e409788f6c7786b324174,2026-07-03T17:30:03.713085+07:00
2025-07-09,VNINDEX,10,1431.32,13.75,1.83,5,https://api-finance-t19.24hmoney.vn/v1/ios/indices/key-statistic-history?floor_code=10&type=5,24hmoney:key-statistic-history,7899ce70971e409788f6c7786b324174,2026-07-03T17:30:03.713085+07:00
2025-07-10,VNINDEX,10,1445.64,13.89,1.84,5,https://api-finance-t19.24hmoney.vn/v1/ios/indices/key-statistic-history?floor_code=10&type=5,24hmoney:key-statistic-history,42132a8d255445c3a6d1370750d72508,2026-07-06T19:05:30.421556+07:00
2025-07-11,VNINDEX,10,1457.76,14.02,1.86,5,https://api-finance-t19.24hmoney.vn/v1/ios/indices/key-statistic-history?floor_code=10&type=5,24hmoney:key-statistic-history,af647644dcc947d69de0754b1774b4db,2026-07-07T17:55:02.802938+07:00
2025-07-14,VNINDEX,10,1470.42,14.14,1.88,5,https://api-finance-t19.24hmoney.vn/v1/ios/indices/key-statistic-history?floor_code=10&type=5,24hmoney:key-statistic-history,5c68458ec4ae4db7b8e343dce6d35375,2026-07-10T18:35:32.235979+07:00
2025-07-15,VNINDEX,10,1460.65,14.04,1.86,5,https://api-finance-t19.24hmoney.vn/v1/ios/indices/key-statistic-history?floor_code=10&type=5,24hmoney:key-statistic-history,5c68458ec4ae4db7b8e343dce6d35375,2026-07-10T18:35:32.235979+07:00
2025-07-16,VNINDEX,10,1475.47,14.19,1.88,5,https://api-finance-t19.24hmoney.vn/v1/ios/indices/key-statistic-history?floor_code=10&type=5,24hmoney:key-statistic-history,5c68458ec4ae4db7b8e343dce6d35375,2026-07-10T18:35:32.235979+07:00
2025-07-17,VNINDEX,10,1490.01,14.33,1.9,5,https://api-finance-t19.24hmoney.vn/v1/ios/indices/key-statistic-history?floor_code=10&type=5,24hmoney:key-statistic-history,025c3142afb64e15ae9f607b598bb5f2,2026-07-13T17:54:09.425948+07:00
2025-07-18,VNINDEX,10,1497.28,14.41,1.91,5,https://api-finance-t19.24hmoney.vn/v1/ios/indices/key-statistic-history?floor_code=10&type=5,24hmoney:key-statistic-history,9dfa8dbf818a48abbb9fa6351a2b45b5,2026-07-14T19:53:58.660483+07:00
2025-07-21,VNINDEX,10,1485.05,14.27,1.9,5,https://api-finance-t19.24hmoney.vn/v1/ios/indices/key-statistic-history?floor_code=10&type=5,24hmoney:key-statistic-history,0662eb2a428a47ceae7400e3eea002c2,2026-07-17T19:49:41.870887+07:00
2025-07-22,VNINDEX,10,1509.54,14.5,1.92,5,https://api-finance-t19.24hmoney.vn/v1/ios/indices/key-statistic-history?floor_code=10&type=5,24hmoney:key-statistic-history,0662eb2a428a47ceae7400e3eea002c2,2026-07-17T19:49:41.870887+07:00
2025-07-23,VNINDEX,10,1512.31,14.47,1.92,5,https://api-finance-t19.24hmoney.vn/v1/ios/indices/key-statistic-history?floor_code=10&type=5,24hmoney:key-statistic-history,0662eb2a428a47ceae7400e3eea002c2,2026-07-17T19:49:41.870887+07:00
2025-07-24,VNINDEX,10,1521.02,14.55,1.94,5,https://api-finance-t19.24hmoney.vn/v1/ios/indices/key-statistic-history?floor_code=10&type=5,24hmoney:key-statistic-history,f86b7da2259343819585514968277afe,2026-07-20T20:30:38.072309+07:00
2025-07-25,VNINDEX,10,1531.13,14.64,1.95,5,https://api-finance-t19.24hmoney.vn/v1/ios/indices/key-statistic-history?floor_code=10&type=5,24hmoney:key-statistic-history,f86b7da2259343819585514968277afe,2026-07-20T20:30:38.072309+07:00
2025-07-28,VNINDEX,10,1557.42,14.88,1.98,5,https://api-finance-t19.24hmoney.vn/v1/ios/indices/key-statistic-history?floor_code=10&type=5,24hmoney:key-statistic-history,f86b7da2259343819585514968277afe,2026-07-20T20:30:38.072309+07:00
2025-07-29,VNINDEX,10,1493.41,14.24,1.9,5,https://api-finance-t19.24hmoney.vn/v1/ios/indices/key-statistic-history?floor_code=10&type=5,24hmoney:key-statistic-history,f86b7da2259343819585514968277afe,2026-07-20T20:30:38.072309+07:00
2025-07-30,VNINDEX,10,1507.63,14.13,1.9,5,https://api-finance-t19.24hmoney.vn/v1/ios/indices/key-statistic-history?floor_code=10&type=5,24hmoney:key-statistic-history,f86b7da2259343819585514968277afe,2026-07-20T20:30:38.072309+07:00
2025-07-31,VNINDEX,10,1502.52,13.91,1.86,5,https://api-finance-t19.24hmoney.vn/v1/ios/indices/key-statistic-history?floor_code=10&type=5,24hmoney:key-statistic-history,f86b7da2259343819585514968277afe,2026-07-20T20:30:38.072309+07:00
2025-08-01,VNINDEX,10,1495.21,13.47,1.85,5,https://api-finance-t19.24hmoney.vn/v1/ios/indices/key-statistic-history?floor_code=10&type=5,24hmoney:key-statistic-history,f86b7da2259343819585514968277afe,2026-07-20T20:30:38.072309+07:00
2025-08-04,VNINDEX,10,1528.19,13.76,1.89,5,https://api-finance-t19.24hmoney.vn/v1/ios/indices/key-statistic-history?floor_code=10&type=5,24hmoney:key-statistic-history,f86b7da2259343819585514968277afe,2026-07-20T20:30:38.072309+07:00
2025-08-05,VNINDEX,10,1547.15,13.94,1.91,5,https://api-finance-t19.24hmoney.vn/v1/ios/indices/key-statistic-history?floor_code=10&type=5,24hmoney:key-statistic-history,f86b7da2259343819585514968277afe,2026-07-20T20:30:38.072309+07:00
2025-08-06,VNINDEX,10,1573.71,14.18,1.94,5,https://api-finance-t19.24hmoney.vn/v1/ios/indices/key-statistic-history?floor_code=10&type=5,24hmoney:key-statistic-history,f86b7da2259343819585514968277afe,2026-07-20T20:30:38.072309+07:00
2025-08-07,VNINDEX,10,1581.81,14.25,1.95,5,https://api-finance-t19.24hmoney.vn/v1/ios/indices/key-statistic-history?floor_code=10&type=5,24hmoney:key-statistic-history,f86b7da2259343819585514968277afe,2026-07-20T20:30:38.072309+07:00
2025-08-08,VNINDEX,10,1584.95,14.28,1.96,5,https://api-finance-t19.24hmoney.vn/v1/ios/indices/key-statistic-history?floor_code=10&type=5,24hmoney:key-statistic-history,f86b7da2259343819585514968277afe,2026-07-20T20:30:38.072309+07:00
2025-08-11,VNINDEX,10,1596.86,14.39,1.97,5,https://api-finance-t19.24hmoney.vn/v1/ios/indices/key-statistic-history?floor_code=10&type=5,24hmoney:key-statistic-history,f86b7da2259343819585514968277afe,2026-07-20T20:30:38.072309+07:00
2025-08-12,VNINDEX,10,1608.22,14.49,1.99,5,https://api-finance-t19.24hmoney.vn/v1/ios/indices/key-statistic-history?floor_code=10&type=5,24hmoney:key-statistic-history,f86b7da2259343819585514968277afe,2026-07-20T20:30:38.072309+07:00
2025-08-13,VNINDEX,10,1611.6,14.53,1.99,5,https://api-finance-t19.24hmoney.vn/v1/ios/indices/key-statistic-history?floor_code=10&type=5,24hmoney:key-statistic-history,f86b7da2259343819585514968277afe,2026-07-20T20:30:38.072309+07:00
2025-08-14,VNINDEX,10,1640.69,14.79,2.03,5,https://api-finance-t19.24hmoney.vn/v1/ios/indices/key-statistic-history?floor_code=10&type=5,24hmoney:key-statistic-history,f86b7da2259343819585514968277afe,2026-07-20T20:30:38.072309+07:00
2025-08-15,VNINDEX,10,1630.0,14.69,2.02,5,https://api-finance-t19.24hmoney.vn/v1/ios/indices/key-statistic-history?floor_code=10&type=5,24hmoney:key-statistic-history,f86b7da2259343819585514968277afe,2026-07-20T20:30:38.072309+07:00
2025-08-18,VNINDEX,10,1636.37,14.76,2.02,5,https://api-finance-t19.24hmoney.vn/v1/ios/indices/key-statistic-history?floor_code=10&type=5,24hmoney:key-statistic-history,f86b7da2259343819585514968277afe,2026-07-20T20:30:38.072309+07:00
2025-08-19,VNINDEX,10,1654.2,14.91,2.05,5,https://api-finance-t19.24hmoney.vn/v1/ios/indices/key-statistic-history?floor_code=10&type=5,24hmoney:key-statistic-history,f86b7da2259343819585514968277afe,2026-07-20T20:30:38.072309+07:00
2025-08-20,VNINDEX,10,1664.36,15.01,2.06,5,https://api-finance-t19.24hmoney.vn/v1/ios/indices/key-statistic-history?floor_code=10&type=5,24hmoney:key-statistic-history,f86b7da2259343819585514968277afe,2026-07-20T20:30:38.072309+07:00
2025-08-21,VNINDEX,10,1688.0,15.23,2.09,5,https://api-finance-t19.24hmoney.vn/v1/ios/indices/key-statistic-history?floor_code=10&type=5,24hmoney:key-statistic-history,f86b7da2259343819585514968277afe,2026-07-20T20:30:38.072309+07:00
2025-08-22,VNINDEX,10,1645.47,14.84,2.03,5,https://api-finance-t19.24hmoney.vn/v1/ios/indices/key-statistic-history?floor_code=10&type=5,24hmoney:key-statistic-history,f86b7da2259343819585514968277afe,2026-07-20T20:30:38.072309+07:00
2025-08-25,VNINDEX,10,1614.03,14.55,2.0,5,https://api-finance-t19.24hmoney.vn/v1/ios/indices/key-statistic-history?floor_code=10&type=5,24hmoney:key-statistic-history,f86b7da2259343819585514968277afe,2026-07-20T20:30:38.072309+07:00
2025-08-26,VNINDEX,10,1667.63,15.06,2.06,5,https://api-finance-t19.24hmoney.vn/v1/ios/indices/key-statistic-history?floor_code=10&type=5,24hmoney:key-statistic-history,f86b7da2259343819585514968277afe,2026-07-20T20:30:38.072309+07:00
2025-08-27,VNINDEX,10,1672.78,15.1,2.07,5,https://api-finance-t19.24hmoney.vn/v1/ios/indices/key-statistic-history?floor_code=10&type=5,24hmoney:key-statistic-history,f86b7da2259343819585514968277afe,2026-07-20T20:30:38.072309+07:00
2025-08-28,VNINDEX,10,1680.86,15.18,2.08,5,https://api-finance-t19.24hmoney.vn/v1/ios/indices/key-statistic-history?floor_code=10&type=5,24hmoney:key-statistic-history,f86b7da2259343819585514968277afe,2026-07-20T20:30:38.072309+07:00
2025-08-29,VNINDEX,10,1682.21,15.19,2.08,5,https://api-finance-t19.24hmoney.vn/v1/ios/indices/key-statistic-history?floor_code=10&type=5,24hmoney:key-statistic-history,f86b7da2259343819585514968277afe,2026-07-20T20:30:38.072309+07:00
2025-09-03,VNINDEX,10,1681.3,15.21,2.08,5,https://api-finance-t19.24hmoney.vn/v1/ios/indices/key-statistic-history?floor_code=10&type=5,24hmoney:key-statistic-history,f86b7da2259343819585514968277afe,2026-07-20T20:30:38.072309+07:00
2025-09-04,VNINDEX,10,1696.29,15.34,2.1,5,https://api-finance-t19.24hmoney.vn/v1/ios/indices/key-statistic-history?floor_code=10&type=5,24hmoney:key-statistic-history,f86b7da2259343819585514968277afe,2026-07-20T20:30:38.072309+07:00
2025-09-05,VNINDEX,10,1666.97,15.08,2.07,5,https://api-finance-t19.24hmoney.vn/v1/ios/indices/key-statistic-history?floor_code=10&type=5,24hmoney:key-statistic-history,f86b7da2259343819585514968277afe,2026-07-20T20:30:38.072309+07:00
2025-09-08,VNINDEX,10,1624.53,14.7,2.02,5,https://api-finance-t19.24hmoney.vn/v1/ios/indices/key-statistic-history?floor_code=10&type=5,24hmoney:key-statistic-history,f86b7da2259343819585514968277afe,2026-07-20T20:30:38.072309+07:00
2025-09-09,VNINDEX,10,1637.32,14.8,2.03,5,https://api-finance-t19.24hmoney.vn/v1/ios/indices/key-statistic-history?floor_code=10&type=5,24hmoney:key-statistic-history,f86b7da2259343819585514968277afe,2026-07-20T20:30:38.072309+07:00
2025-09-10,VNINDEX,10,1643.26,14.85,2.04,5,https://api-finance-t19.24hmoney.vn/v1/ios/indices/key-statistic-history?floor_code=10&type=5,24hmoney:key-statistic-history,f86b7da2259343819585514968277afe,2026-07-20T20:30:38.072309+07:00
2025-09-11,VNINDEX,10,1657.75,14.99,2.06,5,https://api-finance-t19.24hmoney.vn/v1/ios/indices/key-statistic-history?floor_code=10&type=5,24hmoney:key-statistic-history,f86b7da2259343819585514968277afe,2026-07-20T20:30:38.072309+07:00
2025-09-12,VNINDEX,10,1667.26,15.08,2.07,5,https://api-finance-t19.24hmoney.vn/v1/ios/indices/key-statistic-history?floor_code=10&type=5,24hmoney:key-statistic-history,f86b7da2259343819585514968277afe,2026-07-20T20:30:38.072309+07:00
2025-09-15,VNINDEX,10,1684.9,15.24,2.09,5,https://api-finance-t19.24hmoney.vn/v1/ios/indices/key-statistic-history?floor_code=10&type=5,24hmoney:key-statistic-history,f86b7da2259343819585514968277afe,2026-07-20T20:30:38.072309+07:00
2025-09-16,VNINDEX,10,1680.9,15.21,2.09,5,https://api-finance-t19.24hmoney.vn/v1/ios/indices/key-statistic-history?floor_code=10&type=5,24hmoney:key-statistic-history,f86b7da2259343819585514968277afe,2026-07-20T20:30:38.072309+07:00
2025-09-17,VNINDEX,10,1670.97,15.12,2.07,5,https://api-finance-t19.24hmoney.vn/v1/ios/indices/key-statistic-history?floor_code=10&type=5,24hmoney:key-statistic-history,f86b7da2259343819585514968277afe,2026-07-20T20:30:38.072309+07:00
2025-09-18,VNINDEX,10,1665.18,15.06,2.07,5,https://api-finance-t19.24hmoney.vn/v1/ios/indices/key-statistic-history?floor_code=10&type=5,24hmoney:key-statistic-history,f86b7da2259343819585514968277afe,2026-07-20T20:30:38.072309+07:00
2025-09-19,VNINDEX,10,1658.62,15.0,2.06,5,https://api-finance-t19.24hmoney.vn/v1/ios/indices/key-statistic-history?floor_code=10&type=5,24hmoney:key-statistic-history,f86b7da2259343819585514968277afe,2026-07-20T20:30:38.072309+07:00
2025-09-22,VNINDEX,10,1634.45,14.78,2.03,5,https://api-finance-t19.24hmoney.vn/v1/ios/indices/key-statistic-history?floor_code=10&type=5,24hmoney:key-statistic-history,f86b7da2259343819585514968277afe,2026-07-20T20:30:38.072309+07:00
2025-09-23,VNINDEX,10,1635.26,14.79,2.03,5,https://api-finance-t19.24hmoney.vn/v1/ios/indices/key-statistic-history?floor_code=10&type=5,24hmoney:key-statistic-history,f86b7da2259343819585514968277afe,2026-07-20T20:30:38.072309+07:00
2025-09-24,VNINDEX,10,1657.46,14.99,2.05,5,https://api-finance-t19.24hmoney.vn/v1/ios/indices/key-statistic-history?floor_code=10&type=5,24hmoney:key-statistic-history,f86b7da2259343819585514968277afe,2026-07-20T20:30:38.072309+07:00
2025-09-25,VNINDEX,10,1666.09,15.07,2.06,5,https://api-finance-t19.24hmoney.vn/v1/ios/indices/key-statistic-history?floor_code=10&type=5,24hmoney:key-statistic-history,f86b7da2259343819585514968277afe,2026-07-20T20:30:38.072309+07:00
2025-09-26,VNINDEX,10,1660.7,15.02,2.06,5,https://api-finance-t19.24hmoney.vn/v1/ios/indices/key-statistic-history?floor_code=10&type=5,24hmoney:key-statistic-history,f86b7da2259343819585514968277afe,2026-07-20T20:30:38.072309+07:00
2025-09-29,VNINDEX,10,1666.48,15.08,2.07,5,https://api-finance-t19.24hmoney.vn/v1/ios/indices/key-statistic-history?floor_code=10&type=5,24hmoney:key-statistic-history,f86b7da2259343819585514968277afe,2026-07-20T20:30:38.072309+07:00
2025-09-30,VNINDEX,10,1661.7,15.03,2.05,5,https://api-finance-t19.24hmoney.vn/v1/ios/indices/key-statistic-history?floor_code=10&type=5,24hmoney:key-statistic-history,f86b7da2259343819585514968277afe,2026-07-20T20:30:38.072309+07:00
2025-10-01,VNINDEX,10,1665.05,15.07,2.06,5,https://api-finance-t19.24hmoney.vn/v1/ios/indices/key-statistic-history?floor_code=10&type=5,24hmoney:key-statistic-history,f86b7da2259343819585514968277afe,2026-07-20T20:30:38.072309+07:00
2025-10-02,VNINDEX,10,1652.71,14.96,2.04,5,https://api-finance-t19.24hmoney.vn/v1/ios/indices/key-statistic-history?floor_code=10&type=5,24hmoney:key-statistic-history,f86b7da2259343819585514968277afe,2026-07-20T20:30:38.072309+07:00
2025-10-03,VNINDEX,10,1645.82,14.9,2.04,5,https://api-finance-t19.24hmoney.vn/v1/ios/indices/key-statistic-history?floor_code=10&type=5,24hmoney:key-statistic-history,f86b7da2259343819585514968277afe,2026-07-20T20:30:38.072309+07:00
2025-10-06,VNINDEX,10,1695.5,15.35,2.1,5,https://api-finance-t19.24hmoney.vn/v1/ios/indices/key-statistic-history?floor_code=10&type=5,24hmoney:key-statistic-history,f86b7da2259343819585514968277afe,2026-07-20T20:30:38.072309+07:00
2025-10-07,VNINDEX,10,1685.3,15.24,2.09,5,https://api-finance-t19.24hmoney.vn/v1/ios/indices/key-statistic-history?floor_code=10&type=5,24hmoney:key-statistic-history,f86b7da2259343819585514968277afe,2026-07-20T20:30:38.072309+07:00
2025-10-08,VNINDEX,10,1697.83,15.36,2.1,5,https://api-finance-t19.24hmoney.vn/v1/ios/indices/key-statistic-history?floor_code=10&type=5,24hmoney:key-statistic-history,f86b7da2259343819585514968277afe,2026-07-20T20:30:38.072309+07:00
2025-10-09,VNINDEX,10,1716.47,15.41,2.12,5,https://api-finance-t19.24hmoney.vn/v1/ios/indices/key-statistic-history?floor_code=10&type=5,24hmoney:key-statistic-history,f86b7da2259343819585514968277afe,2026-07-20T20:30:38.072309+07:00
2025-10-10,VNINDEX,10,1747.55,15.73,2.16,5,https://api-finance-t19.24hmoney.vn/v1/ios/indices/key-statistic-history?floor_code=10&type=5,24hmoney:key-statistic-history,f86b7da2259343819585514968277afe,2026-07-20T20:30:38.072309+07:00
2025-10-13,VNINDEX,10,1765.12,15.89,2.19,5,https://api-finance-t19.24hmoney.vn/v1/ios/indices/key-statistic-history?floor_code=10&type=5,24hmoney:key-statistic-history,f86b7da2259343819585514968277afe,2026-07-20T20:30:38.072309+07:00
2025-10-14,VNINDEX,10,1761.06,15.87,2.18,5,https://api-finance-t19.24hmoney.vn/v1/ios/indices/key-statistic-history?floor_code=10&type=5,24hmoney:key-statistic-history,f86b7da2259343819585514968277afe,2026-07-20T20:30:38.072309+07:00
2025-10-15,VNINDEX,10,1757.95,15.74,2.18,5,https://api-finance-t19.24hmoney.vn/v1/ios/indices/key-statistic-history?floor_code=10&type=5,24hmoney:key-statistic-history,f86b7da2259343819585514968277afe,2026-07-20T20:30:38.072309+07:00
2025-10-16,VNINDEX,10,1766.85,15.85,2.2,5,https://api-finance-t19.24hmoney.vn/v1/ios/indices/key-statistic-history?floor_code=10&type=5,24hmoney:key-statistic-history,f86b7da2259343819585514968277afe,2026-07-20T20:30:38.072309+07:00
2025-10-17,VNINDEX,10,1731.19,15.52,2.15,5,https://api-finance-t19.24hmoney.vn/v1/ios/indices/key-statistic-history?floor_code=10&type=5,24hmoney:key-statistic-history,f86b7da2259343819585514968277afe,2026-07-20T20:30:38.072309+07:00
2025-10-20,VNINDEX,10,1636.43,14.65,2.03,5,https://api-finance-t19.24hmoney.vn/v1/ios/indices/key-statistic-history?floor_code=10&type=5,24hmoney:key-statistic-history,f86b7da2259343819585514968277afe,2026-07-20T20:30:38.072309+07:00
2025-10-21,VNINDEX,10,1663.43,14.87,2.07,5,https://api-finance-t19.24hmoney.vn/v1/ios/indices/key-statistic-history?floor_code=10&type=5,24hmoney:key-statistic-history,f86b7da2259343819585514968277afe,2026-07-20T20:30:38.072309+07:00
2025-10-22,VNINDEX,10,1678.5,15.03,2.09,5,https://api-finance-t19.24hmoney.vn/v1/ios/indices/key-statistic-history?floor_code=10&type=5,24hmoney:key-statistic-history,f86b7da2259343819585514968277afe,2026-07-20T20:30:38.072309+07:00
2025-10-23,VNINDEX,10,1687.06,15.04,2.09,5,https://api-finance-t19.24hmoney.vn/v1/ios/indices/key-statistic-history?floor_code=10&type=5,24hmoney:key-statistic-history,f86b7da2259343819585514968277afe,2026-07-20T20:30:38.072309+07:00
2025-10-24,VNINDEX,10,1683.18,14.96,2.09,5,https://api-finance-t19.24hmoney.vn/v1/ios/indices/key-statistic-history?floor_code=10&type=5,24hmoney:key-statistic-history,f86b7da2259343819585514968277afe,2026-07-20T20:30:38.072309+07:00
2025-10-27,VNINDEX,10,1652.54,14.69,2.04,5,https://api-finance-t19.24hmoney.vn/v1/ios/indices/key-statistic-history?floor_code=10&type=5,24hmoney:key-statistic-history,f86b7da2259343819585514968277afe,2026-07-20T20:30:38.072309+07:00
2025-10-28,VNINDEX,10,1680.5,14.9,2.07,5,https://api-finance-t19.24hmoney.vn/v1/ios/indices/key-statistic-history?floor_code=10&type=5,24hmoney:key-statistic-history,f86b7da2259343819585514968277afe,2026-07-20T20:30:38.072309+07:00
2025-10-29,VNINDEX,10,1685.83,15.0,2.07,5,https://api-finance-t19.24hmoney.vn/v1/ios/indices/key-statistic-history?floor_code=10&type=5,24hmoney:key-statistic-history,f86b7da2259343819585514968277afe,2026-07-20T20:30:38.072309+07:00
2025-10-30,VNINDEX,10,1669.57,14.75,2.04,5,https://api-finance-t19.24hmoney.vn/v1/ios/indices/key-statistic-history?floor_code=10&type=5,24hmoney:key-statistic-history,f86b7da2259343819585514968277afe,2026-07-20T20:30:38.072309+07:00
2025-10-31,VNINDEX,10,1639.65,14.38,1.99,5,https://api-finance-t19.24hmoney.vn/v1/ios/indices/key-statistic-history?floor_code=10&type=5,24hmoney:key-statistic-history,f86b7da2259343819585514968277afe,2026-07-20T20:30:38.072309+07:00
2025-11-03,VNINDEX,10,1617.0,14.14,1.96,5,https://api-finance-t19.24hmoney.vn/v1/ios/indices/key-statistic-history?floor_code=10&type=5,24hmoney:key-statistic-history,f86b7da2259343819585514968277afe,2026-07-20T20:30:38.072309+07:00
2025-11-04,VNINDEX,10,1651.98,14.45,2.0,5,https://api-finance-t19.24hmoney.vn/v1/ios/indices/key-statistic-history?floor_code=10&type=5,24hmoney:key-statistic-history,f86b7da2259343819585514968277afe,2026-07-20T20:30:38.072309+07:00
2025-11-05,VNINDEX,10,1654.89,14.47,2.01,5,https://api-finance-t19.24hmoney.vn/v1/ios/indices/key-statistic-history?floor_code=10&type=5,24hmoney:key-statistic-history,f86b7da2259343819585514968277afe,2026-07-20T20:30:38.072309+07:00
2025-11-06,VNINDEX,10,1642.64,14.37,1.99,5,https://api-finance-t19.24hmoney.vn/v1/ios/indices/key-statistic-history?floor_code=10&type=5,24hmoney:key-statistic-history,f86b7da2259343819585514968277afe,2026-07-20T20:30:38.072309+07:00
2025-11-07,VNINDEX,10,1599.1,13.99,1.94,5,https://api-finance-t19.24hmoney.vn/v1/ios/indices/key-statistic-history?floor_code=10&type=5,24hmoney:key-statistic-history,f86b7da2259343819585514968277afe,2026-07-20T20:30:38.072309+07:00
2025-11-10,VNINDEX,10,1580.54,13.82,1.92,5,https://api-finance-t19.24hmoney.vn/v1/ios/indices/key-statistic-history?floor_code=10&type=5,24hmoney:key-statistic-history,f86b7da2259343819585514968277afe,2026-07-20T20:30:38.072309+07:00
2025-11-11,VNINDEX,10,1593.61,13.93,1.93,5,https://api-finance-t19.24hmoney.vn/v1/ios/indices/key-statistic-history?floor_code=10&type=5,24hmoney:key-statistic-history,f86b7da2259343819585514968277afe,2026-07-20T20:30:38.072309+07:00
2025-11-12,VNINDEX,10,1631.86,14.27,1.98,5,https://api-finance-t19.24hmoney.vn/v1/ios/indices/key-statistic-history?floor_code=10&type=5,24hmoney:key-statistic-history,f86b7da2259343819585514968277afe,2026-07-20T20:30:38.072309+07:00
2025-11-13,VNINDEX,10,1631.44,14.27,1.98,5,https://api-finance-t19.24hmoney.vn/v1/ios/indices/key-statistic-history?floor_code=10&type=5,24hmoney:key-statistic-history,f86b7da2259343819585514968277afe,2026-07-20T20:30:38.072309+07:00
2025-11-14,VNINDEX,10,1635.46,14.3,1.98,5,https://api-finance-t19.24hmoney.vn/v1/ios/indices/key-statistic-history?floor_code=10&type=5,24hmoney:key-statistic-history,f86b7da2259343819585514968277afe,2026-07-20T20:30:38.072309+07:00
2025-11-17,VNINDEX,10,1654.42,14.47,2.0,5,https://api-finance-t19.24hmoney.vn/v1/ios/indices/key-statistic-history?floor_code=10&type=5,24hmoney:key-statistic-history,f86b7da2259343819585514968277afe,2026-07-20T20:30:38.072309+07:00
2025-11-18,VNINDEX,10,1659.92,14.47,2.0,5,https://api-finance-t19.24hmoney.vn/v1/ios/indices/key-statistic-history?floor_code=10&type=5,24hmoney:key-statistic-history,f86b7da2259343819585514968277afe,2026-07-20T20:30:38.072309+07:00
2025-11-19,VNINDEX,10,1649.0,14.38,1.99,5,https://api-finance-t19.24hmoney.vn/v1/ios/indices/key-statistic-history?floor_code=10&type=5,24hmoney:key-statistic-history,f86b7da2259343819585514968277afe,2026-07-20T20:30:38.072309+07:00
2025-11-20,VNINDEX,10,1655.99,14.44,1.99,5,https://api-finance-t19.24hmoney.vn/v1/ios/indices/key-statistic-history?floor_code=10&type=5,24hmoney:key-statistic-history,f86b7da2259343819585514968277afe,2026-07-20T20:30:38.072309+07:00
2025-11-21,VNINDEX,10,1654.93,14.43,1.99,5,https://api-finance-t19.24hmoney.vn/v1/ios/indices/key-statistic-history?floor_code=10&type=5,24hmoney:key-statistic-history,f86b7da2259343819585514968277afe,2026-07-20T20:30:38.072309+07:00
2025-11-24,VNINDEX,10,1667.98,14.55,2.01,5,https://api-finance-t19.24hmoney.vn/v1/ios/indices/key-statistic-history?floor_code=10&type=5,24hmoney:key-statistic-history,f86b7da2259343819585514968277afe,2026-07-20T20:30:38.072309+07:00
2025-11-25,VNINDEX,10,1660.36,14.48,2.0,5,https://api-finance-t19.24hmoney.vn/v1/ios/indices/key-statistic-history?floor_code=10&type=5,24hmoney:key-statistic-history,f86b7da2259343819585514968277afe,2026-07-20T20:30:38.072309+07:00
2025-11-26,VNINDEX,10,1680.36,14.66,2.02,5,https://api-finance-t19.24hmoney.vn/v1/ios/indices/key-statistic-history?floor_code=10&type=5,24hmoney:key-statistic-history,f86b7da2259343819585514968277afe,2026-07-20T20:30:38.072309+07:00
2025-11-27,VNINDEX,10,1684.32,14.69,2.03,5,https://api-finance-t19.24hmoney.vn/v1/ios/indices/key-statistic-history?floor_code=10&type=5,24hmoney:key-statistic-history,f86b7da2259343819585514968277afe,2026-07-20T20:30:38.072309+07:00
2025-11-28,VNINDEX,10,1690.99,14.75,2.04,5,https://api-finance-t19.24hmoney.vn/v1/ios/indices/key-statistic-history?floor_code=10&type=5,24hmoney:key-statistic-history,f86b7da2259343819585514968277afe,2026-07-20T20:30:38.072309+07:00
2025-12-01,VNINDEX,10,1701.67,14.92,2.05,5,https://api-finance-t19.24hmoney.vn/v1/ios/indices/key-statistic-history?floor_code=10&type=5,24hmoney:key-statistic-history,f86b7da2259343819585514968277afe,2026-07-20T20:30:38.072309+07:00
2025-12-02,VNINDEX,10,1717.06,15.06,2.07,5,https://api-finance-t19.24hmoney.vn/v1/ios/indices/key-statistic-history?floor_code=10&type=5,24hmoney:key-statistic-history,f86b7da2259343819585514968277afe,2026-07-20T20:30:38.072309+07:00
2025-12-03,VNINDEX,10,1731.77,15.19,2.08,5,https://api-finance-t19.24hmoney.vn/v1/ios/indices/key-statistic-history?floor_code=10&type=5,24hmoney:key-statistic-history,f86b7da2259343819585514968277afe,2026-07-20T20:30:38.072309+07:00
2025-12-04,VNINDEX,10,1737.24,15.23,2.09,5,https://api-finance-t19.24hmoney.vn/v1/ios/indices/key-statistic-history?floor_code=10&type=5,24hmoney:key-statistic-history,f86b7da2259343819585514968277afe,2026-07-20T20:30:38.072309+07:00
2025-12-05,VNINDEX,10,1741.32,15.27,2.09,5,https://api-finance-t19.24hmoney.vn/v1/ios/indices/key-statistic-history?floor_code=10&type=5,24hmoney:key-statistic-history,f86b7da2259343819585514968277afe,2026-07-20T20:30:38.072309+07:00
2025-12-08,VNINDEX,10,1753.74,15.37,2.11,5,https://api-finance-t19.24hmoney.vn/v1/ios/indices/key-statistic-history?floor_code=10&type=5,24hmoney:key-statistic-history,f86b7da2259343819585514968277afe,2026-07-20T20:30:38.072309+07:00
2025-12-09,VNINDEX,10,1747.17,15.31,2.1,5,https://api-finance-t19.24hmoney.vn/v1/ios/indices/key-statistic-history?floor_code=10&type=5,24hmoney:key-statistic-history,f86b7da2259343819585514968277afe,2026-07-20T20:30:38.072309+07:00
2025-12-10,VNINDEX,10,1718.98,15.06,2.07,5,https://api-finance-t19.24hmoney.vn/v1/ios/indices/key-statistic-history?floor_code=10&type=5,24hmoney:key-statistic-history,f86b7da2259343819585514968277afe,2026-07-20T20:30:38.072309+07:00
2025-12-11,VNINDEX,10,1698.9,14.9,2.05,5,https://api-finance-t19.24hmoney.vn/v1/ios/indices/key-statistic-history?floor_code=10&type=5,24hmoney:key-statistic-history,f86b7da2259343819585514968277afe,2026-07-20T20:30:38.072309+07:00
2025-12-12,VNINDEX,10,1646.89,14.44,1.99,5,https://api-finance-t19.24hmoney.vn/v1/ios/indices/key-statistic-history?floor_code=10&type=5,24hmoney:key-statistic-history,f86b7da2259343819585514968277afe,2026-07-20T20:30:38.072309+07:00
2025-12-15,VNINDEX,10,1646.01,14.43,1.99,5,https://api-finance-t19.24hmoney.vn/v1/ios/indices/key-statistic-history?floor_code=10&type=5,24hmoney:key-statistic-history,f86b7da2259343819585514968277afe,2026-07-20T20:30:38.072309+07:00
2025-12-16,VNINDEX,10,1679.18,14.76,2.04,5,https://api-finance-t19.24hmoney.vn/v1/ios/indices/key-statistic-history?floor_code=10&type=5,24hmoney:key-statistic-history,f86b7da2259343819585514968277afe,2026-07-20T20:30:38.072309+07:00
2025-12-17,VNINDEX,10,1673.66,14.71,2.03,5,https://api-finance-t19.24hmoney.vn/v1/ios/indices/key-statistic-history?floor_code=10&type=5,24hmoney:key-statistic-history,f86b7da2259343819585514968277afe,2026-07-20T20:30:38.072309+07:00
2025-12-18,VNINDEX,10,1676.98,14.75,2.04,5,https://api-finance-t19.24hmoney.vn/v1/ios/indices/key-statistic-history?floor_code=10&type=5,24hmoney:key-statistic-history,f86b7da2259343819585514968277afe,2026-07-20T20:30:38.072309+07:00
2025-12-19,VNINDEX,10,1704.31,14.99,2.07,5,https://api-finance-t19.24hmoney.vn/v1/ios/indices/key-statistic-history?floor_code=10&type=5,24hmoney:key-statistic-history,f86b7da2259343819585514968277afe,2026-07-20T20:30:38.072309+07:00
2025-12-22,VNINDEX,10,1751.03,15.4,2.13,5,https://api-finance-t19.24hmoney.vn/v1/ios/indices/key-statistic-history?floor_code=10&type=5,24hmoney:key-statistic-history,f86b7da2259343819585514968277afe,2026-07-20T20:30:38.072309+07:00
2025-12-23,VNINDEX,10,1772.15,15.59,2.15,5,https://api-finance-t19.24hmoney.vn/v1/ios/indices/key-statistic-history?floor_code=10&type=5,24hmoney:key-statistic-history,f86b7da2259343819585514968277afe,2026-07-20T20:30:38.072309+07:00
2025-12-24,VNINDEX,10,1782.82,15.68,2.17,5,https://api-finance-t19.24hmoney.vn/v1/ios/indices/key-statistic-history?floor_code=10&type=5,24hmoney:key-statistic-history,f86b7da2259343819585514968277afe,2026-07-20T20:30:38.072309+07:00
2025-12-25,VNINDEX,10,1742.85,15.54,2.17,5,https://api-finance-t19.24hmoney.vn/v1/ios/indices/key-statistic-history?floor_code=10&type=5,24hmoney:key-statistic-history,f86b7da2259343819585514968277afe,2026-07-20T20:30:38.072309+07:00
2025-12-26,VNINDEX,10,1729.8,15.43,2.16,5,https://api-finance-t19.24hmoney.vn/v1/ios/indices/key-statistic-history?floor_code=10&type=5,24hmoney:key-statistic-history,f86b7da2259343819585514968277afe,2026-07-20T20:30:38.072309+07:00
2025-12-29,VNINDEX,10,1754.84,15.65,2.19,5,https://api-finance-t19.24hmoney.vn/v1/ios/indices/key-statistic-history?floor_code=10&type=5,24hmoney:key-statistic-history,f86b7da2259343819585514968277afe,2026-07-20T20:30:38.072309+07:00
2025-12-31,VNINDEX,10,1784.49,16.38,2.24,5,https://api-finance-t19.24hmoney.vn/v1/ios/indices/key-statistic-history?floor_code=10&type=5,24hmoney:key-statistic-history,f86b7da2259343819585514968277afe,2026-07-20T20:30:38.072309+07:00
2026-01-05,VNINDEX,10,1788.4,15.96,2.23,5,https://api-finance-t19.24hmoney.vn/v1/ios/indices/key-statistic-history?floor_code=10&type=5,24hmoney:key-statistic-history,f86b7da2259343819585514968277afe,2026-07-20T20:30:38.072309+07:00
2026-01-06,VNINDEX,10,1816.27,16.23,2.27,5,https://api-finance-t19.24hmoney.vn/v1/ios/indices/key-statistic-history?floor_code=10&type=5,24hmoney:key-statistic-history,f86b7da2259343819585514968277afe,2026-07-20T20:30:38.072309+07:00
2026-01-07,VNINDEX,10,1861.58,16.63,2.32,5,https://api-finance-t19.24hmoney.vn/v1/ios/indices/key-statistic-history?floor_code=10&type=5,24hmoney:key-statistic-history,f86b7da2259343819585514968277afe,2026-07-20T20:30:38.072309+07:00
2026-01-08,VNINDEX,10,1855.56,16.58,2.31,5,https://api-finance-t19.24hmoney.vn/v1/ios/indices/key-statistic-history?floor_code=10&type=5,24hmoney:key-statistic-history,f86b7da2259343819585514968277afe,2026-07-20T20:30:38.072309+07:00
2026-01-09,VNINDEX,10,1867.9,16.7,2.33,5,https://api-finance-t19.24hmoney.vn/v1/ios/indices/key-statistic-history?floor_code=10&type=5,24hmoney:key-statistic-history,f86b7da2259343819585514968277afe,2026-07-20T20:30:38.072309+07:00
2026-01-12,VNINDEX,10,1877.33,16.78,2.34,5,https://api-finance-t19.24hmoney.vn/v1/ios/indices/key-statistic-history?floor_code=10&type=5,24hmoney:key-statistic-history,f86b7da2259343819585514968277afe,2026-07-20T20:30:38.072309+07:00
2026-01-13,VNINDEX,10,1902.93,17.01,2.37,5,https://api-finance-t19.24hmoney.vn/v1/ios/indices/key-statistic-history?floor_code=10&type=5,24hmoney:key-statistic-history,f86b7da2259343819585514968277afe,2026-07-20T20:30:38.072309+07:00
2026-01-14,VNINDEX,10,1894.44,16.94,2.36,5,https://api-finance-t19.24hmoney.vn/v1/ios/indices/key-statistic-history?floor_code=10&type=5,24hmoney:key-statistic-history,f86b7da2259343819585514968277afe,2026-07-20T20:30:38.072309+07:00
2026-01-15,VNINDEX,10,1864.8,16.57,2.32,5,https://api-finance-t19.24hmoney.vn/v1/ios/indices/key-statistic-history?floor_code=10&type=5,24hmoney:key-statistic-history,f86b7da2259343819585514968277afe,2026-07-20T20:30:38.072309+07:00
2026-01-16,VNINDEX,10,1879.13,16.7,2.34,5,https://api-finance-t19.24hmoney.vn/v1/ios/indices/key-statistic-history?floor_code=10&type=5,24hmoney:key-statistic-history,f86b7da2259343819585514968277afe,2026-07-20T20:30:38.072309+07:00
2026-01-19,VNINDEX,10,1896.59,16.74,2.35,5,https://api-finance-t19.24hmoney.vn/v1/ios/indices/key-statistic-history?floor_code=10&type=5,24hmoney:key-statistic-history,f86b7da2259343819585514968277afe,2026-07-20T20:30:38.072309+07:00
2026-01-20,VNINDEX,10,1893.78,16.67,2.33,5,https://api-finance-t19.24hmoney.vn/v1/ios/indices/key-statistic-history?floor_code=10&type=5,24hmoney:key-statistic-history,f86b7da2259343819585514968277afe,2026-07-20T20:30:38.072309+07:00
2026-01-21,VNINDEX,10,1885.44,16.45,2.31,5,https://api-finance-t19.24hmoney.vn/v1/ios/indices/key-statistic-history?floor_code=10&type=5,24hmoney:key-statistic-history,f86b7da2259343819585514968277afe,2026-07-20T20:30:38.072309+07:00
2026-01-22,VNINDEX,10,1882.73,16.43,2.3,5,https://api-finance-t19.24hmoney.vn/v1/ios/indices/key-statistic-history?floor_code=10&type=5,24hmoney:key-statistic-history,f86b7da2259343819585514968277afe,2026-07-20T20:30:38.072309+07:00
2026-01-23,VNINDEX,10,1870.79,16.31,2.29,5,https://api-finance-t19.24hmoney.vn/v1/ios/indices/key-statistic-history?floor_code=10&type=5,24hmoney:key-statistic-history,f86b7da2259343819585514968277afe,2026-07-20T20:30:38.072309+07:00
2026-01-26,VNINDEX,10,1843.72,16.07,2.26,5,https://api-finance-t19.24hmoney.vn/v1/ios/indices/key-statistic-history?floor_code=10&type=5,24hmoney:key-statistic-history,f86b7da2259343819585514968277afe,2026-07-20T20:30:38.072309+07:00
2026-01-27,VNINDEX,10,1830.5,15.9,2.24,5,https://api-finance-t19.24hmoney.vn/v1/ios/indices/key-statistic-history?floor_code=10&type=5,24hmoney:key-statistic-history,f86b7da2259343819585514968277afe,2026-07-20T20:30:38.072309+07:00
2026-01-28,VNINDEX,10,1805.27,15.7,2.2,5,https://api-finance-t19.24hmoney.vn/v1/ios/indices/key-statistic-history?floor_code=10&type=5,24hmoney:key-statistic-history,f86b7da2259343819585514968277afe,2026-07-20T20:30:38.072309+07:00
2026-01-30,VNINDEX,10,1829.04,15.22,2.2,5,https://api-finance-t19.24hmoney.vn/v1/ios/indices/key-statistic-history?floor_code=10&type=5,24hmoney:key-statistic-history,f86b7da2259343819585514968277afe,2026-07-20T20:30:38.072309+07:00
2026-02-03,VNINDEX,10,1813.4,14.68,2.15,5,https://api-finance-t19.24hmoney.vn/v1/ios/indices/key-statistic-history?floor_code=10&type=5,24hmoney:key-statistic-history,f86b7da2259343819585514968277afe,2026-07-20T20:30:38.072309+07:00
2026-02-04,VNINDEX,10,1791.43,14.5,2.13,5,https://api-finance-t19.24hmoney.vn/v1/ios/indices/key-statistic-history?floor_code=10&type=5,24hmoney:key-statistic-history,f86b7da2259343819585514968277afe,2026-07-20T20:30:38.072309+07:00
2026-02-05,VNINDEX,10,1782.56,14.43,2.11,5,https://api-finance-t19.24hmoney.vn/v1/ios/indices/key-statistic-history?floor_code=10&type=5,24hmoney:key-statistic-history,f86b7da2259343819585514968277afe,2026-07-20T20:30:38.072309+07:00
2026-02-06,VNINDEX,10,1755.49,14.23,2.09,5,https://api-finance-t19.24hmoney.vn/v1/ios/indices/key-statistic-history?floor_code=10&type=5,24hmoney:key-statistic-history,f86b7da2259343819585514968277afe,2026-07-20T20:30:38.072309+07:00
2026-02-09,VNINDEX,10,1761.89,14.23,2.09,5,https://api-finance-t19.24hmoney.vn/v1/ios/indices/key-statistic-history?floor_code=10&type=5,24hmoney:key-statistic-history,f86b7da2259343819585514968277afe,2026-07-20T20:30:38.072309+07:00
2026-02-10,VNINDEX,10,1754.03,14.22,2.09,5,https://api-finance-t19.24hmoney.vn/v1/ios/indices/key-statistic-history?floor_code=10&type=5,24hmoney:key-statistic-history,f86b7da2259343819585514968277afe,2026-07-20T20:30:38.072309+07:00
2026-02-11,VNINDEX,10,1796.85,14.57,2.14,5,https://api-finance-t19.24hmoney.vn/v1/ios/indices/key-statistic-history?floor_code=10&type=5,24hmoney:key-statistic-history,f86b7da2259343819585514968277afe,2026-07-20T20:30:38.072309+07:00
2026-02-12,VNINDEX,10,1814.09,14.71,2.16,5,https://api-finance-t19.24hmoney.vn/v1/ios/indices/key-statistic-history?floor_code=10&type=5,24hmoney:key-statistic-history,f86b7da2259343819585514968277afe,2026-07-20T20:30:38.072309+07:00
2026-02-13,VNINDEX,10,1824.09,14.79,2.17,5,https://api-finance-t19.24hmoney.vn/v1/ios/indices/key-statistic-history?floor_code=10&type=5,24hmoney:key-statistic-history,f86b7da2259343819585514968277afe,2026-07-20T20:30:38.072309+07:00
2026-02-23,VNINDEX,10,1860.14,15.08,2.21,5,https://api-finance-t19.24hmoney.vn/v1/ios/indices/key-statistic-history?floor_code=10&type=5,24hmoney:key-statistic-history,f86b7da2259343819585514968277afe,2026-07-20T20:30:38.072309+07:00
2026-02-24,VNINDEX,10,1867.62,15.14,2.22,5,https://api-finance-t19.24hmoney.vn/v1/ios/indices/key-statistic-history?floor_code=10&type=5,24hmoney:key-statistic-history,f86b7da2259343819585514968277afe,2026-07-20T20:30:38.072309+07:00
2026-02-25,VNINDEX,10,1860.91,15.09,2.21,5,https://api-finance-t19.24hmoney.vn/v1/ios/indices/key-statistic-history?floor_code=10&type=5,24hmoney:key-statistic-history,f86b7da2259343819585514968277afe,2026-07-20T20:30:38.072309+07:00
2026-02-26,VNINDEX,10,1879.64,15.24,2.23,5,https://api-finance-t19.24hmoney.vn/v1/ios/indices/key-statistic-history?floor_code=10&type=5,24hmoney:key-statistic-history,f86b7da2259343819585514968277afe,2026-07-20T20:30:38.072309+07:00
2026-02-27,VNINDEX,10,1880.33,15.25,2.24,5,https://api-finance-t19.24hmoney.vn/v1/ios/indices/key-statistic-history?floor_code=10&type=5,24hmoney:key-statistic-history,f86b7da2259343819585514968277afe,2026-07-20T20:30:38.072309+07:00
2026-03-02,VNINDEX,10,1846.1,14.97,2.2,5,https://api-finance-t19.24hmoney.vn/v1/ios/indices/key-statistic-history?floor_code=10&type=5,24hmoney:key-statistic-history,f86b7da2259343819585514968277afe,2026-07-20T20:30:38.072309+07:00
2026-03-03,VNINDEX,10,1813.14,14.7,2.16,5,https://api-finance-t19.24hmoney.vn/v1/ios/indices/key-statistic-history?floor_code=10&type=5,24hmoney:key-statistic-history,f86b7da2259343819585514968277afe,2026-07-20T20:30:38.072309+07:00
2026-03-04,VNINDEX,10,1818.27,14.74,2.16,5,https://api-finance-t19.24hmoney.vn/v1/ios/indices/key-statistic-history?floor_code=10&type=5,24hmoney:key-statistic-history,f86b7da2259343819585514968277afe,2026-07-20T20:30:38.072309+07:00
2026-03-05,VNINDEX,10,1808.51,14.66,2.15,5,https://api-finance-t19.24hmoney.vn/v1/ios/indices/key-statistic-history?floor_code=10&type=5,24hmoney:key-statistic-history,f86b7da2259343819585514968277afe,2026-07-20T20:30:38.072309+07:00
2026-03-06,VNINDEX,10,1767.84,14.27,2.1,5,https://api-finance-t19.24hmoney.vn/v1/ios/indices/key-statistic-history?floor_code=10&type=5,24hmoney:key-statistic-history,f86b7da2259343819585514968277afe,2026-07-20T20:30:38.072309+07:00
2026-03-09,VNINDEX,10,1652.79,13.34,1.97,5,https://api-finance-t19.24hmoney.vn/v1/ios/indices/key-statistic-history?floor_code=10&type=5,24hmoney:key-statistic-history,f86b7da2259343819585514968277afe,2026-07-20T20:30:38.072309+07:00
2026-03-10,VNINDEX,10,1676.73,13.54,2.0,5,https://api-finance-t19.24hmoney.vn/v1/ios/indices/key-statistic-history?floor_code=10&type=5,24hmoney:key-statistic-history,f86b7da2259343819585514968277afe,2026-07-20T20:30:38.072309+07:00
2026-03-11,VNINDEX,10,1728.34,13.96,2.06,5,https://api-finance-t19.24hmoney.vn/v1/ios/indices/key-statistic-history?floor_code=10&type=5,24hmoney:key-statistic-history,f86b7da2259343819585514968277afe,2026-07-20T20:30:38.072309+07:00
2026-03-12,VNINDEX,10,1709.61,13.81,2.04,5,https://api-finance-t19.24hmoney.vn/v1/ios/indices/key-statistic-history?floor_code=10&type=5,24hmoney:key-statistic-history,f86b7da2259343819585514968277afe,2026-07-20T20:30:38.072309+07:00
2026-03-13,VNINDEX,10,1696.24,13.7,2.02,5,https://api-finance-t19.24hmoney.vn/v1/ios/indices/key-statistic-history?floor_code=10&type=5,24hmoney:key-statistic-history,f86b7da2259343819585514968277afe,2026-07-20T20:30:38.072309+07:00
2026-03-16,VNINDEX,10,1693.21,13.68,2.02,5,https://api-finance-t19.24hmoney.vn/v1/ios/indices/key-statistic-history?floor_code=10&type=5,24hmoney:key-statistic-history,f86b7da2259343819585514968277afe,2026-07-20T20:30:38.072309+07:00
2026-03-17,VNINDEX,10,1710.29,13.81,2.04,5,https://api-finance-t19.24hmoney.vn/v1/ios/indices/key-statistic-history?floor_code=10&type=5,24hmoney:key-statistic-history,f86b7da2259343819585514968277afe,2026-07-20T20:30:38.072309+07:00
2026-03-18,VNINDEX,10,1713.83,13.84,2.04,5,https://api-finance-t19.24hmoney.vn/v1/ios/indices/key-statistic-history?floor_code=10&type=5,24hmoney:key-statistic-history,f86b7da2259343819585514968277afe,2026-07-20T20:30:38.072309+07:00
2026-03-19,VNINDEX,10,1699.13,13.73,2.02,5,https://api-finance-t19.24hmoney.vn/v1/ios/indices/key-statistic-history?floor_code=10&type=5,24hmoney:key-statistic-history,f86b7da2259343819585514968277afe,2026-07-20T20:30:38.072309+07:00
2026-03-20,VNINDEX,10,1647.81,13.31,1.96,5,https://api-finance-t19.24hmoney.vn/v1/ios/indices/key-statistic-history?floor_code=10&type=5,24hmoney:key-statistic-history,f86b7da2259343819585514968277afe,2026-07-20T20:30:38.072309+07:00
2026-03-23,VNINDEX,10,1591.17,12.85,1.89,5,https://api-finance-t19.24hmoney.vn/v1/ios/indices/key-statistic-history?floor_code=10&type=5,24hmoney:key-statistic-history,f86b7da2259343819585514968277afe,2026-07-20T20:30:38.072309+07:00
2026-03-24,VNINDEX,10,1614.77,13.05,1.92,5,https://api-finance-t19.24hmoney.vn/v1/ios/indices/key-statistic-history?floor_code=10&type=5,24hmoney:key-statistic-history,f86b7da2259343819585514968277afe,2026-07-20T20:30:38.072309+07:00
2026-03-25,VNINDEX,10,1658.19,13.39,1.97,5,https://api-finance-t19.24hmoney.vn/v1/ios/indices/key-statistic-history?floor_code=10&type=5,24hmoney:key-statistic-history,f86b7da2259343819585514968277afe,2026-07-20T20:30:38.072309+07:00
2026-03-26,VNINDEX,10,1644.63,13.32,1.96,5,https://api-finance-t19.24hmoney.vn/v1/ios/indices/key-statistic-history?floor_code=10&type=5,24hmoney:key-statistic-history,f86b7da2259343819585514968277afe,2026-07-20T20:30:38.072309+07:00
2026-03-27,VNINDEX,10,1672.8,13.55,1.99,5,https://api-finance-t19.24hmoney.vn/v1/ios/indices/key-statistic-history?floor_code=10&type=5,24hmoney:key-statistic-history,f86b7da2259343819585514968277afe,2026-07-20T20:30:38.072309+07:00
2026-03-30,VNINDEX,10,1662.54,13.47,1.98,5,https://api-finance-t19.24hmoney.vn/v1/ios/indices/key-statistic-history?floor_code=10&type=5,24hmoney:key-statistic-history,f86b7da2259343819585514968277afe,2026-07-20T20:30:38.072309+07:00
2026-03-31,VNINDEX,10,1674.49,13.57,2.0,5,https://api-finance-t19.24hmoney.vn/v1/ios/indices/key-statistic-history?floor_code=10&type=5,24hmoney:key-statistic-history,f86b7da2259343819585514968277afe,2026-07-20T20:30:38.072309+07:00
2026-04-01,VNINDEX,10,1702.93,13.82,2.03,5,https://api-finance-t19.24hmoney.vn/v1/ios/indices/key-statistic-history?floor_code=10&type=5,24hmoney:key-statistic-history,f86b7da2259343819585514968277afe,2026-07-20T20:30:38.072309+07:00
2026-04-02,VNINDEX,10,1694.82,13.75,2.02,5,https://api-finance-t19.24hmoney.vn/v1/ios/indices/key-statistic-history?floor_code=10&type=5,24hmoney:key-statistic-history,f86b7da2259343819585514968277afe,2026-07-20T20:30:38.072309+07:00
2026-04-03,VNINDEX,10,1684.04,13.64,2.02,5,https://api-finance-t19.24hmoney.vn/v1/ios/indices/key-statistic-history?floor_code=10&type=5,24hmoney:key-statistic-history,f86b7da2259343819585514968277afe,2026-07-20T20:30:38.072309+07:00
2026-04-06,VNINDEX,10,1674.99,13.55,2.0,5,https://api-finance-t19.24hmoney.vn/v1/ios/indices/key-statistic-history?floor_code=10&type=5,24hmoney:key-statistic-history,f86b7da2259343819585514968277afe,2026-07-20T20:30:38.072309+07:00
2026-04-07,VNINDEX,10,1677.54,13.57,2.0,5,https://api-finance-t19.24hmoney.vn/v1/ios/indices/key-statistic-history?floor_code=10&type=5,24hmoney:key-statistic-history,f86b7da2259343819585514968277afe,2026-07-20T20:30:38.072309+07:00
2026-04-08,VNINDEX,10,1756.55,14.21,2.1,5,https://api-finance-t19.24hmoney.vn/v1/ios/indices/key-statistic-history?floor_code=10&type=5,24hmoney:key-statistic-history,f86b7da2259343819585514968277afe,2026-07-20T20:30:38.072309+07:00
2026-04-09,VNINDEX,10,1736.68,14.05,2.07,5,https://api-finance-t19.24hmoney.vn/v1/ios/indices/key-statistic-history?floor_code=10&type=5,24hmoney:key-statistic-history,f86b7da2259343819585514968277afe,2026-07-20T20:30:38.072309+07:00
2026-04-10,VNINDEX,10,1750.0,14.15,2.09,5,https://api-finance-t19.24hmoney.vn/v1/ios/indices/key-statistic-history?floor_code=10&type=5,24hmoney:key-statistic-history,f86b7da2259343819585514968277afe,2026-07-20T20:30:38.072309+07:00
2026-04-13,VNINDEX,10,1758.96,14.25,2.1,5,https://api-finance-t19.24hmoney.vn/v1/ios/indices/key-statistic-history?floor_code=10&type=5,24hmoney:key-statistic-history,f86b7da2259343819585514968277afe,2026-07-20T20:30:38.072309+07:00
2026-04-14,VNINDEX,10,1775.65,14.39,2.12,5,https://api-finance-t19.24hmoney.vn/v1/ios/indices/key-statistic-history?floor_code=10&type=5,24hmoney:key-statistic-history,f86b7da2259343819585514968277afe,2026-07-20T20:30:38.072309+07:00
2026-04-15,VNINDEX,10,1800.65,14.39,2.12,5,https://api-finance-t19.24hmoney.vn/v1/ios/indices/key-statistic-history?floor_code=10&type=5,24hmoney:key-statistic-history,f86b7da2259343819585514968277afe,2026-07-20T20:30:38.072309+07:00
2026-04-16,VNINDEX,10,1819.83,14.74,2.17,5,https://api-finance-t19.24hmoney.vn/v1/ios/indices/key-statistic-history?floor_code=10&type=5,24hmoney:key-statistic-history,f86b7da2259343819585514968277afe,2026-07-20T20:30:38.072309+07:00
2026-04-17,VNINDEX,10,1817.17,14.66,2.17,5,https://api-finance-t19.24hmoney.vn/v1/ios/indices/key-statistic-history?floor_code=10&type=5,24hmoney:key-statistic-history,f86b7da2259343819585514968277afe,2026-07-20T20:30:38.072309+07:00
2026-04-20,VNINDEX,10,1837.11,14.82,2.19,5,https://api-finance-t19.24hmoney.vn/v1/ios/indices/key-statistic-history?floor_code=10&type=5,24hmoney:key-statistic-history,f86b7da2259343819585514968277afe,2026-07-20T20:30:38.072309+07:00
2026-04-21,VNINDEX,10,1833.48,14.79,2.18,5,https://api-finance-t19.24hmoney.vn/v1/ios/indices/key-statistic-history?floor_code=10&type=5,24hmoney:key-statistic-history,f86b7da2259343819585514968277afe,2026-07-20T20:30:38.072309+07:00
2026-04-22,VNINDEX,10,1857.3,14.95,2.21,5,https://api-finance-t19.24hmoney.vn/v1/ios/indices/key-statistic-history?floor_code=10&type=5,24hmoney:key-statistic-history,f86b7da2259343819585514968277afe,2026-07-20T20:30:38.072309+07:00
2026-04-23,VNINDEX,10,1870.36,15.02,2.21,5,https://api-finance-t19.24hmoney.vn/v1/ios/indices/key-statistic-history?floor_code=10&type=5,24hmoney:key-statistic-history,f86b7da2259343819585514968277afe,2026-07-20T20:30:38.072309+07:00
2026-04-24,VNINDEX,10,1853.29,14.87,2.19,5,https://api-finance-t19.24hmoney.vn/v1/ios/indices/key-statistic-history?floor_code=10&type=5,24hmoney:key-statistic-history,f86b7da2259343819585514968277afe,2026-07-20T20:30:38.072309+07:00
2026-04-27,VNINDEX,10,1853.29,14.87,2.19,5,https://api-finance-t19.24hmoney.vn/v1/ios/indices/key-statistic-history?floor_code=10&type=5,24hmoney:key-statistic-history,f86b7da2259343819585514968277afe,2026-07-20T20:30:38.072309+07:00
2026-04-28,VNINDEX,10,1875.84,14.96,2.2,5,https://api-finance-t19.24hmoney.vn/v1/ios/indices/key-statistic-history?floor_code=10&type=5,24hmoney:key-statistic-history,f86b7da2259343819585514968277afe,2026-07-20T20:30:38.072309+07:00
2026-04-29,VNINDEX,10,1854.1,14.09,2.15,5,https://api-finance-t19.24hmoney.vn/v1/ios/indices/key-statistic-history?floor_code=10&type=5,24hmoney:key-statistic-history,f86b7da2259343819585514968277afe,2026-07-20T20:30:38.072309+07:00
2026-05-04,VNINDEX,10,1854.06,13.67,2.12,5,https://api-finance-t19.24hmoney.vn/v1/ios/indices/key-statistic-history?floor_code=10&type=5,24hmoney:key-statistic-history,f86b7da2259343819585514968277afe,2026-07-20T20:30:38.072309+07:00
2026-05-05,VNINDEX,10,1874.85,13.83,2.13,5,https://api-finance-t19.24hmoney.vn/v1/ios/indices/key-statistic-history?floor_code=10&type=5,24hmoney:key-statistic-history,f86b7da2259343819585514968277afe,2026-07-20T20:30:38.072309+07:00
2026-05-06,VNINDEX,10,1891.2,13.95,2.15,5,https://api-finance-t19.24hmoney.vn/v1/ios/indices/key-statistic-history?floor_code=10&type=5,24hmoney:key-statistic-history,f86b7da2259343819585514968277afe,2026-07-20T20:30:38.072309+07:00
2026-05-07,VNINDEX,10,1909.01,14.08,2.17,5,https://api-finance-t19.24hmoney.vn/v1/ios/indices/key-statistic-history?floor_code=10&type=5,24hmoney:key-statistic-history,f86b7da2259343819585514968277afe,2026-07-20T20:30:38.072309+07:00
2026-05-08,VNINDEX,10,1915.37,14.13,2.18,5,https://api-finance-t19.24hmoney.vn/v1/ios/indices/key-statistic-history?floor_code=10&type=5,24hmoney:key-statistic-history,f86b7da2259343819585514968277afe,2026-07-20T20:30:38.072309+07:00
2026-05-11,VNINDEX,10,1895.5,13.98,2.16,5,https://api-finance-t19.24hmoney.vn/v1/ios/indices/key-statistic-history?floor_code=10&type=5,24hmoney:key-statistic-history,f86b7da2259343819585514968277afe,2026-07-20T20:30:38.072309+07:00
2026-05-12,VNINDEX,10,1901.1,14.03,2.16,5,https://api-finance-t19.24hmoney.vn/v1/ios/indices/key-statistic-history?floor_code=10&type=5,24hmoney:key-statistic-history,f86b7da2259343819585514968277afe,2026-07-20T20:30:38.072309+07:00
2026-05-13,VNINDEX,10,1898.37,14.01,2.16,5,https://api-finance-t19.24hmoney.vn/v1/ios/indices/key-statistic-history?floor_code=10&type=5,24hmoney:key-statistic-history,f86b7da2259343819585514968277afe,2026-07-20T20:30:38.072309+07:00
2026-05-14,VNINDEX,10,1925.46,14.21,2.19,5,https://api-finance-t19.24hmoney.vn/v1/ios/indices/key-statistic-history?floor_code=10&type=5,24hmoney:key-statistic-history,f86b7da2259343819585514968277afe,2026-07-20T20:30:38.072309+07:00
2026-05-15,VNINDEX,10,1921.6,14.21,2.19,5,https://api-finance-t19.24hmoney.vn/v1/ios/indices/key-statistic-history?floor_code=10&type=5,24hmoney:key-statistic-history,f86b7da2259343819585514968277afe,2026-07-20T20:30:38.072309+07:00
2026-05-18,VNINDEX,10,1927.94,14.23,2.19,5,https://api-finance-t19.24hmoney.vn/v1/ios/indices/key-statistic-history?floor_code=10&type=5,24hmoney:key-statistic-history,f86b7da2259343819585514968277afe,2026-07-20T20:30:38.072309+07:00
2026-05-19,VNINDEX,10,1912.93,14.12,2.18,5,https://api-finance-t19.24hmoney.vn/v1/ios/indices/key-statistic-history?floor_code=10&type=5,24hmoney:key-statistic-history,f86b7da2259343819585514968277afe,2026-07-20T20:30:38.072309+07:00
2026-05-20,VNINDEX,10,1913.23,14.12,2.18,5,https://api-finance-t19.24hmoney.vn/v1/ios/indices/key-statistic-history?floor_code=10&type=5,24hmoney:key-statistic-history,f86b7da2259343819585514968277afe,2026-07-20T20:30:38.072309+07:00
2026-05-21,VNINDEX,10,1896.89,14.0,2.16,5,https://api-finance-t19.24hmoney.vn/v1/ios/indices/key-statistic-history?floor_code=10&type=5,24hmoney:key-statistic-history,f86b7da2259343819585514968277afe,2026-07-20T20:30:38.072309+07:00
2026-05-22,VNINDEX,10,1877.13,13.86,2.14,5,https://api-finance-t19.24hmoney.vn/v1/ios/indices/key-statistic-history?floor_code=10&type=5,24hmoney:key-statistic-history,f86b7da2259343819585514968277afe,2026-07-20T20:30:38.072309+07:00
2026-05-25,VNINDEX,10,1886.03,13.92,2.15,5,https://api-finance-t19.24hmoney.vn/v1/ios/indices/key-statistic-history?floor_code=10&type=5,24hmoney:key-statistic-history,f86b7da2259343819585514968277afe,2026-07-20T20:30:38.072309+07:00
2026-05-26,VNINDEX,10,1884.18,13.91,2.14,5,https://api-finance-t19.24hmoney.vn/v1/ios/indices/key-statistic-history?floor_code=10&type=5,24hmoney:key-statistic-history,f86b7da2259343819585514968277afe,2026-07-20T20:30:38.072309+07:00
2026-05-27,VNINDEX,10,1874.43,13.84,2.13,5,https://api-finance-t19.24hmoney.vn/v1/ios/indices/key-statistic-history?floor_code=10&type=5,24hmoney:key-statistic-history,f86b7da2259343819585514968277afe,2026-07-20T20:30:38.072309+07:00
2026-05-28,VNINDEX,10,1863.67,13.76,2.12,5,https://api-finance-t19.24hmoney.vn/v1/ios/indices/key-statistic-history?floor_code=10&type=5,24hmoney:key-statistic-history,f86b7da2259343819585514968277afe,2026-07-20T20:30:38.072309+07:00
2026-05-29,VNINDEX,10,1863.49,13.76,2.12,5,https://api-finance-t19.24hmoney.vn/v1/ios/indices/key-statistic-history?floor_code=10&type=5,24hmoney:key-statistic-history,f86b7da2259343819585514968277afe,2026-07-20T20:30:38.072309+07:00
2026-06-01,VNINDEX,10,1844.54,13.62,2.1,5,https://api-finance-t19.24hmoney.vn/v1/ios/indices/key-statistic-history?floor_code=10&type=5,24hmoney:key-statistic-history,f86b7da2259343819585514968277afe,2026-07-20T20:30:38.072309+07:00
2026-06-02,VNINDEX,10,1826.47,13.49,2.08,5,https://api-finance-t19.24hmoney.vn/v1/ios/indices/key-statistic-history?floor_code=10&type=5,24hmoney:key-statistic-history,f86b7da2259343819585514968277afe,2026-07-20T20:30:38.072309+07:00
2026-06-03,VNINDEX,10,1819.01,13.43,2.07,5,https://api-finance-t19.24hmoney.vn/v1/ios/indices/key-statistic-history?floor_code=10&type=5,24hmoney:key-statistic-history,f86b7da2259343819585514968277afe,2026-07-20T20:30:38.072309+07:00
2026-06-04,VNINDEX,10,1831.55,13.43,2.07,5,https://api-finance-t19.24hmoney.vn/v1/ios/indices/key-statistic-history?floor_code=10&type=5,24hmoney:key-statistic-history,f86b7da2259343819585514968277afe,2026-07-20T20:30:38.072309+07:00
2026-06-05,VNINDEX,10,1838.9,13.43,2.07,5,https://api-finance-t19.24hmoney.vn/v1/ios/indices/key-statistic-history?floor_code=10&type=5,24hmoney:key-statistic-history,a42ee5952f7d4c4385e6381536e4fb4c,2026-08-27T21:58:22.950867+07:00
2026-06-08,VNINDEX,10,1790.53,13.22,2.04,5,https://api-finance-t19.24hmoney.vn/v1/ios/indices/key-statistic-history?floor_code=10&type=5,24hmoney:key-statistic-history,f86b7da2259343819585514968277afe,2026-07-20T20:30:38.072309+07:00
2026-06-10,VNINDEX,10,1803.71,13.31,2.05,5,https://api-finance-t19.24hmoney.vn/v1/ios/indices/key-statistic-history?floor_code=10&type=5,24hmoney:key-statistic-history,f86b7da2259343819585514968277afe,2026-07-20T20:30:38.072309+07:00
2026-06-11,VNINDEX,10,1798.61,13.28,2.05,5,https://api-finance-t19.24hmoney.vn/v1/ios/indices/key-statistic-history?floor_code=10&type=5,24hmoney:key-statistic-history,f86b7da2259343819585514968277afe,2026-07-20T20:30:38.072309+07:00
2026-06-12,VNINDEX,10,1791.65,13.23,2.04,5,https://api-finance-t19.24hmoney.vn/v1/ios/indices/key-statistic-history?floor_code=10&type=5,24hmoney:key-statistic-history,f86b7da2259343819585514968277afe,2026-07-20T20:30:38.072309+07:00
2026-06-15,VNINDEX,10,1799.31,13.28,2.05,5,https://api-finance-t19.24hmoney.vn/v1/ios/indices/key-statistic-history?floor_code=10&type=5,24hmoney:key-statistic-history,f86b7da2259343819585514968277afe,2026-07-20T20:30:38.072309+07:00
2026-06-16,VNINDEX,10,1807.94,13.28,2.05,5,https://api-finance-t19.24hmoney.vn/v1/ios/indices/key-statistic-history?floor_code=10&type=5,24hmoney:key-statistic-history,f86b7da2259343819585514968277afe,2026-07-20T20:30:38.072309+07:00
2026-06-17,VNINDEX,10,1806.2,13.33,2.06,5,https://api-finance-t19.24hmoney.vn/v1/ios/indices/key-statistic-history?floor_code=10&type=5,24hmoney:key-statistic-history,f86b7da2259343819585514968277afe,2026-07-20T20:30:38.072309+07:00
2026-06-18,VNINDEX,10,1830.47,13.51,2.08,5,https://api-finance-t19.24hmoney.vn/v1/ios/indices/key-statistic-history?floor_code=10&type=5,24hmoney:key-statistic-history,f86b7da2259343819585514968277afe,2026-07-20T20:30:38.072309+07:00
2026-06-19,VNINDEX,10,1824.53,13.46,2.08,5,https://api-finance-t19.24hmoney.vn/v1/ios/indices/key-statistic-history?floor_code=10&type=5,24hmoney:key-statistic-history,f86b7da2259343819585514968277afe,2026-07-20T20:30:38.072309+07:00
2026-06-22,VNINDEX,10,1857.91,13.71,2.12,5,https://api-finance-t19.24hmoney.vn/v1/ios/indices/key-statistic-history?floor_code=10&type=5,24hmoney:key-statistic-history,f86b7da2259343819585514968277afe,2026-07-20T20:30:38.072309+07:00
2026-06-24,VNINDEX,10,1878.02,13.86,2.14,5,https://api-finance-t19.24hmoney.vn/v1/ios/indices/key-statistic-history?floor_code=10&type=5,24hmoney:key-statistic-history,f86b7da2259343819585514968277afe,2026-07-20T20:30:38.072309+07:00
2026-06-25,VNINDEX,10,1863.07,13.75,2.12,5,https://api-finance-t19.24hmoney.vn/v1/ios/indices/key-statistic-history?floor_code=10&type=5,24hmoney:key-statistic-history,f86b7da2259343819585514968277afe,2026-07-20T20:30:38.072309+07:00
2026-06-26,VNINDEX,10,1871.91,13.81,2.13,5,https://api-finance-t19.24hmoney.vn/v1/ios/indices/key-statistic-history?floor_code=10&type=5,24hmoney:key-statistic-history,f86b7da2259343819585514968277afe,2026-07-20T20:30:38.072309+07:00
2026-06-29,VNINDEX,10,1854.97,13.69,2.11,5,https://api-finance-t19.24hmoney.vn/v1/ios/indices/key-statistic-history?floor_code=10&type=5,24hmoney:key-statistic-history,f86b7da2259343819585514968277afe,2026-07-20T20:30:38.072309+07:00
2026-06-30,VNINDEX,10,1860.01,13.78,2.12,5,https://api-finance-t19.24hmoney.vn/v1/ios/indices/key-statistic-history?floor_code=10&type=5,24hmoney:key-statistic-history,f86b7da2259343819585514968277afe,2026-07-20T20:30:38.072309+07:00
2026-07-01,VNINDEX,10,1867.21,13.84,2.13,5,https://api-finance-t19.24hmoney.vn/v1/ios/indices/key-statistic-history?floor_code=10&type=5,24hmoney:key-statistic-history,f86b7da2259343819585514968277afe,2026-07-20T20:30:38.072309+07:00
2026-07-02,VNINDEX,10,1866.35,13.83,2.13,5,https://api-finance-t19.24hmoney.vn/v1/ios/indices/key-statistic-history?floor_code=10&type=5,24hmoney:key-statistic-history,f86b7da2259343819585514968277afe,2026-07-20T20:30:38.072309+07:00
2026-07-03,VNINDEX,10,1862.08,13.8,2.12,5,https://api-finance-t19.24hmoney.vn/v1/ios/indices/key-statistic-history?floor_code=10&type=5,24hmoney:key-statistic-history,f86b7da2259343819585514968277afe,2026-07-20T20:30:38.072309+07:00
2026-07-06,VNINDEX,10,1843.5,13.66,2.1,5,https://api-finance-t19.24hmoney.vn/v1/ios/indices/key-statistic-history?floor_code=10&type=5,24hmoney:key-statistic-history,f86b7da2259343819585514968277afe,2026-07-20T20:30:38.072309+07:00
2026-07-07,VNINDEX,10,1848.25,13.69,2.11,5,https://api-finance-t19.24hmoney.vn/v1/ios/indices/key-statistic-history?floor_code=10&type=5,24hmoney:key-statistic-history,f86b7da2259343819585514968277afe,2026-07-20T20:30:38.072309+07:00
2026-07-08,VNINDEX,10,1853.7,13.72,2.11,5,https://api-finance-t19.24hmoney.vn/v1/ios/indices/key-statistic-history?floor_code=10&type=5,24hmoney:key-statistic-history,f86b7da2259343819585514968277afe,2026-07-20T20:30:38.072309+07:00
2026-07-09,VNINDEX,10,1840.7,13.62,2.1,5,https://api-finance-t19.24hmoney.vn/v1/ios/indices/key-statistic-history?floor_code=10&type=5,24hmoney:key-statistic-history,f86b7da2259343819585514968277afe,2026-07-20T20:30:38.072309+07:00
2026-07-10,VNINDEX,10,1828.34,13.53,2.08,5,https://api-finance-t19.24hmoney.vn/v1/ios/indices/key-statistic-history?floor_code=10&type=5,24hmoney:key-statistic-history,f86b7da2259343819585514968277afe,2026-07-20T20:30:38.072309+07:00
2026-07-13,VNINDEX,10,1800.54,13.31,2.05,5,https://api-finance-t19.24hmoney.vn/v1/ios/indices/key-statistic-history?floor_code=10&type=5,24hmoney:key-statistic-history,f86b7da2259343819585514968277afe,2026-07-20T20:30:38.072309+07:00
2026-07-14,VNINDEX,10,1806.63,13.35,2.06,5,https://api-finance-t19.24hmoney.vn/v1/ios/indices/key-statistic-history?floor_code=10&type=5,24hmoney:key-statistic-history,f86b7da2259343819585514968277afe,2026-07-20T20:30:38.072309+07:00
2026-07-15,VNINDEX,10,1782.12,13.18,2.04,5,https://api-finance-t19.24hmoney.vn/v1/ios/indices/key-statistic-history?floor_code=10&type=5,24hmoney:key-statistic-history,f86b7da2259343819585514968277afe,2026-07-20T20:30:38.072309+07:00
2026-07-16,VNINDEX,10,1804.24,13.34,2.06,5,https://api-finance-t19.24hmoney.vn/v1/ios/indices/key-statistic-history?floor_code=10&type=5,24hmoney:key-statistic-history,f86b7da2259343819585514968277afe,2026-07-20T20:30:38.072309+07:00
2026-07-17,VNINDEX,10,1787.45,13.14,2.04,5,https://api-finance-t19.24hmoney.vn/v1/ios/indices/key-statistic-history?floor_code=10&type=5,24hmoney:key-statistic-history,f86b7da2259343819585514968277afe,2026-07-20T20:30:38.072309+07:00
2026-07-20,VNINDEX,10,1743.51,12.83,1.98,5,https://api-finance-t19.24hmoney.vn/v1/ios/indices/key-statistic-history?floor_code=10&type=5,24hmoney:key-statistic-history,c9019c48aff64a14b6f20b69ab72e84d,2026-07-21T10:42:42.301894+07:00
2026-07-21,VNINDEX,10,1730.56,12.71,1.97,5,https://api-finance-t19.24hmoney.vn/v1/ios/indices/key-statistic-history?floor_code=10&type=5,24hmoney:key-statistic-history,a5e3ef5d302c43fd9405880ff15f3352,2026-07-22T13:26:04.845398+07:00
2026-07-22,VNINDEX,10,1668.53,12.23,1.9,5,https://api-finance-t19.24hmoney.vn/v1/ios/indices/key-statistic-history?floor_code=10&type=5,24hmoney:key-statistic-history,a763b5a8aee14a73ad8f0087ab54224b,2026-07-23T13:28:37.073453+07:00
2026-07-23,VNINDEX,10,1699.38,12.48,1.94,5,https://api-finance-t19.24hmoney.vn/v1/ios/indices/key-statistic-history?floor_code=10&type=5,24hmoney:key-statistic-history,a4c3baa4179c4473b9d251588c5610a5,2026-07-24T11:27:53.987231+07:00
2026-07-24,VNINDEX,10,1686.11,12.38,1.92,5,https://api-finance-t19.24hmoney.vn/v1/ios/indices/key-statistic-history?floor_code=10&type=5,24hmoney:key-statistic-history,4c54716943fc4ec18058af087f25f244,2026-07-27T14:27:56.057039+07:00
2026-07-27,VNINDEX,10,1669.01,12.21,1.9,5,https://api-finance-t19.24hmoney.vn/v1/ios/indices/key-statistic-history?floor_code=10&type=5,24hmoney:key-statistic-history,76c5246745044aeea2825e156f0fc138,2026-07-28T13:24:22.780394+07:00
2026-07-28,VNINDEX,10,1680.62,12.28,1.91,5,https://api-finance-t19.24hmoney.vn/v1/ios/indices/key-statistic-history?floor_code=10&type=5,24hmoney:key-statistic-history,d58de6d5b1c0441b979bcea67d6de820,2026-07-29T13:28:51.431296+07:00
2026-07-29,VNINDEX,10,1704.68,12.43,1.94,5,https://api-finance-t19.24hmoney.vn/v1/ios/indices/key-statistic-history?floor_code=10&type=5,24hmoney:key-statistic-history,30fe9b5034f9426abd31306459f9301d,2026-07-30T13:25:25.861456+07:00
2026-07-30,VNINDEX,10,1744.66,12.38,1.98,5,https://api-finance-t19.24hmoney.vn/v1/ios/indices/key-statistic-history?floor_code=10&type=5,24hmoney:key-statistic-history,53e16c0435404f1e8553773c330ff154,2026-07-31T13:41:28.007077+07:00
2026-07-31,VNINDEX,10,1735.78,11.77,1.93,5,https://api-finance-t19.24hmoney.vn/v1/ios/indices/key-statistic-history?floor_code=10&type=5,24hmoney:key-statistic-history,174cec29197d4c8ebf621c7dda2cac1d,2026-08-03T13:57:42.445594+07:00
2026-08-03,VNINDEX,10,1762.84,11.93,1.96,5,https://api-finance-t19.24hmoney.vn/v1/ios/indices/key-statistic-history?floor_code=10&type=5,24hmoney:key-statistic-history,919deaeb33a3430a967cbee046a76c9e,2026-08-04T13:24:51.111463+07:00
2026-08-04,VNINDEX,10,1777.23,12.03,1.97,5,https://api-finance-t19.24hmoney.vn/v1/ios/indices/key-statistic-history?floor_code=10&type=5,24hmoney:key-statistic-history,4ce7b8c5527b401e9d20f3502097cd29,2026-08-05T13:25:06.957403+07:00
2026-08-05,VNINDEX,10,1776.46,12.02,1.97,5,https://api-finance-t19.24hmoney.vn/v1/ios/indices/key-statistic-history?floor_code=10&type=5,24hmoney:key-statistic-history,3f34aa618f3a452fba3307b07004c57e,2026-08-06T13:27:42.191509+07:00
2026-08-06,VNINDEX,10,1764.78,11.98,1.98,5,https://api-finance-t19.24hmoney.vn/v1/ios/indices/key-statistic-history?floor_code=10&type=5,24hmoney:key-statistic-history,a5b9cd801eef4b989ba5363f778cd15b,2026-08-07T12:38:10.258516+07:00
2026-08-07,VNINDEX,10,1768.06,12.0,1.98,5,https://api-finance-t19.24hmoney.vn/v1/ios/indices/key-statistic-history?floor_code=10&type=5,24hmoney:key-statistic-history,a31564c0b85049e582db41691e20d5b1,2026-08-10T12:23:51.350754+07:00
2026-08-10,VNINDEX,10,1776.77,12.06,1.99,5,https://api-finance-t19.24hmoney.vn/v1/ios/indices/key-statistic-history?floor_code=10&type=5,24hmoney:key-statistic-history,f661380b1c294b8893b1280772559c7a,2026-08-11T12:04:19.946170+07:00
2026-08-11,VNINDEX,10,1773.41,12.0,1.99,5,https://api-finance-t19.24hmoney.vn/v1/ios/indices/key-statistic-history?floor_code=10&type=5,24hmoney:key-statistic-history,18433bb3bc824658803c61b943b9f61c,2026-08-12T12:28:34.503419+07:00
2026-08-12,VNINDEX,10,1793.18,12.14,2.01,5,https://api-finance-t19.24hmoney.vn/v1/ios/indices/key-statistic-history?floor_code=10&type=5,24hmoney:key-statistic-history,6317cf69559b4dda83b4b4feb9b29471,2026-08-13T12:38:10.491899+07:00
2026-08-14,VNINDEX,10,1729.08,11.7,1.94,5,https://api-finance-t19.24hmoney.vn/v1/ios/indices/key-statistic-history?floor_code=10&type=5,24hmoney:key-statistic-history,106741155ee14c6da2eaed7ad6b0d48d,2026-08-17T11:38:05.784906+07:00
2026-08-17,VNINDEX,10,1727.46,11.7,1.94,5,https://api-finance-t19.24hmoney.vn/v1/ios/indices/key-statistic-history?floor_code=10&type=5,24hmoney:key-statistic-history,9d8a38f35a6a4fcb891d8cb7355c427e,2026-08-18T11:32:08.548004+07:00
2026-08-18,VNINDEX,10,1732.02,11.77,1.94,5,https://api-finance-t19.24hmoney.vn/v1/ios/indices/key-statistic-history?floor_code=10&type=5,24hmoney:key-statistic-history,df2b2f5273474edc97e35e6e6980e9cf,2026-08-19T11:33:26.560798+07:00
2026-08-19,VNINDEX,10,1726.69,11.74,1.94,5,https://api-finance-t19.24hmoney.vn/v1/ios/indices/key-statistic-history?floor_code=10&type=5,24hmoney:key-statistic-history,d476d6144f28435c932a9ca63ea89c0c,2026-08-20T11:33:47.511566+07:00
2026-08-20,VNINDEX,10,1734.24,11.79,1.95,5,https://api-finance-t19.24hmoney.vn/v1/ios/indices/key-statistic-history?floor_code=10&type=5,24hmoney:key-statistic-history,6ef9fc4ed6b3412da07ff87de74c86be,2026-08-21T11:34:34.311279+07:00
2026-08-21,VNINDEX,10,1768.12,12.02,1.98,5,https://api-finance-t19.24hmoney.vn/v1/ios/indices/key-statistic-history?floor_code=10&type=5,24hmoney:key-statistic-history,99cc8e5d80cd43169898fdd471f89757,2026-08-24T11:41:01.497488+07:00
2026-08-24,VNINDEX,10,1788.78,12.16,2.01,5,https://api-finance-t19.24hmoney.vn/v1/ios/indices/key-statistic-history?floor_code=10&type=5,24hmoney:key-statistic-history,a3e11323f2dc42d08da919d07f8d3d55,2026-08-25T11:35:51.752242+07:00
2026-08-25,VNINDEX,10,1791.41,12.18,2.01,5,https://api-finance-t19.24hmoney.vn/v1/ios/indices/key-statistic-history?floor_code=10&type=5,24hmoney:key-statistic-history,115cd0de35734b28afc0150b22756373,2026-08-26T11:35:59.898211+07:00
2026-08-26,VNINDEX,10,1821.32,12.39,2.04,5,https://api-finance-t19.24hmoney.vn/v1/ios/indices/key-statistic-history?floor_code=10&type=5,24hmoney:key-statistic-history,a42ee5952f7d4c4385e6381536e4fb4c,2026-08-27T21:58:22.950867+07:00
2026-08-27,VNINDEX,10,1831.56,12.46,2.06,5,https://api-finance-t19.24hmoney.vn/v1/ios/indices/key-statistic-history?floor_code=10&type=5,24hmoney:key-statistic-history,afad0d36202f4ab197b76d695c757bb2,2026-08-28T22:53:27.984426+07:00
