ticker,company_name,sector,period,corporate_health_score,working_capital_stress_score,leverage_stress_score,matrix_consistency_score,primary_flag,flag_count,alert_level
SBT,Thanh Thanh Cong - Bien Hoa Joint Stock Company,Food & Beverage,2026Q1,1.9497344154176126,83.33333333333333,98.14814814814815,56.21989648802135,Leverage-Funded Growth,3,Critical
NKG,Nam Kim Steel Joint Stock Company,Basic Resources,2026Q1,10.515491484256486,66.66666666666666,94.44444444444444,49.15704884205405,Leverage-Funded Growth,2,Critical
CII,Ho Chi Minh City Infrastructure Investment Joint Stock Company,Construction & Materials,2026Q1,12.237370036369022,73.4375,87.5,47.003409235664265,Working Capital Absorption,4,Critical
DPM,Petrovietnam Fertilizer and Chemicals Corporation,Chemicals,2026Q1,22.574537179359,68.75,70.83333333333333,54.06584241662263,Accounting Profit Risk,3,Critical
KBC,Kinh Bac City Development Holding Corporation,Real Estate,2026Q1,25.38465640000415,77.77777777777777,74.29193899782136,48.23168803903933,Accounting Profit Risk,3,Critical
STB,SaiGon Thuong Tin Commercial Joint Stock Bank,Banks,2026Q1,27.34300390075091,41.17647058823529,70.58823529411764,63.39522504693544,Margin Compression,2,Critical
KOS,KOSY Joint Stock Company,Real Estate,2026Q1,28.052611842046524,44.44444444444444,70.4520697167756,53.24548097574721,High Leverage Stress,1,Critical
EIB,Vietnam Export Import Commercial Joint Stock Bank,Banks,2026Q1,28.179793301962803,14.705882352941178,76.47058823529412,44.83689542411447,Leverage-Funded Growth,2,Critical
VPI,Van Phu Real Estate Development Joint Stock Company,Real Estate,2026Q1,28.260291736178804,56.94444444444445,79.16666666666667,54.69428583007054,Working Capital Absorption,4,Critical
HSG,Hoa Sen Group,Basic Resources,2026Q1,28.298910834172915,49.99999999999999,66.66666666666667,51.492102507049374,Accounting Profit Risk,1,Critical
GEX,Gelex Group Joint Stock Company,Industrial Goods & Services,2026Q1,29.450851730877346,90.0,76.66666666666667,55.78995496478851,Accounting Profit Risk,5,Critical
FRT,FPT Digital Retail Joint Stock Company,Retail,2026Q1,29.802277500730206,68.75,83.33333333333333,67.63026603364177,Accounting Profit Risk,4,Critical
FTS,FPT Securities Joint Stock Company,Financial Services,2026Q1,33.316439393607716,54.166666666666664,66.07142857142857,49.65872980433406,Working Capital Absorption,3,High
VIB,Viet Nam International Commercial Joint Stock Bank,Banks,2026Q1,34.77075410163698,66.17647058823529,62.74509803921569,91.2639545548528,Healthy Growth,3,High
CTD,Coteccons Construction Joint Stock Company,Construction & Materials,2026Q1,36.325987246495444,62.5,66.66666666666667,63.46325343819271,Accounting Profit Risk,3,High
BSI,BIDV Joint Stock Securities Company,Financial Services,2026Q1,36.331118710495275,50.0,73.6111111111111,55.23009391986286,Accounting Profit Risk,4,High
POW,PetroVietnam Power Corporation,Utilities,2026Q1,37.00808208784953,75.0,75.83333333333333,65.48837255137278,Accounting Profit Risk,5,High
MSN,Masan Group Corporation,Food & Beverage,2026Q1,37.323701289674645,41.66666666666667,85.18518518518518,78.5140487879768,Accounting Profit Risk,3,High
BVH,Bao Viet Holdings,Insurance,2026Q1,38.1341016164487,27.644019633169723,76.02611460954127,59.43499594652822,Accounting Profit Risk,3,High
CMG,CMC Corporation,Technology,2026Q1,42.997404149892716,41.7572978558512,63.06001685793072,75.54240022026735,Healthy Growth,4,High
VCI,Vietcap Securities Joint Stock Company,Financial Services,2026Q1,43.50702161017122,50.0,53.27380952380952,62.87513604036616,Accounting Profit Risk,3,High
SHB,Saigon - Hanoi Commercial Joint Stock Bank,Banks,2026Q1,44.35799241955065,95.58823529411765,64.70588235294117,68.20479934449877,Accounting Profit Risk,4,High
DCM,PetroVietnam Ca Mau Fertilizer Corporation,Chemicals,2026Q1,47.25110014748649,43.75,70.83333333333333,60.097101779172334,Accounting Profit Risk,4,High
KDH,Khang Dien House Trading and Investment Joint Stock Company,Real Estate,2026Q1,47.863765871475024,68.75,54.444444444444436,60.74143738131075,Accounting Profit Risk,3,High
VHC,Vinh Hoan Corporation,Food & Beverage,2026Q1,49.48314757511417,72.22222222222223,37.03703703703704,78.7400115338044,Accounting Profit Risk,3,High
VGC,Viglacera Corporation - JSC,Construction & Materials,2026Q1,51.47167376288099,67.1875,50.0,75.02281709923707,Healthy Growth,3,High
FPT,FPT Corporation,Technology,2026Q1,51.92503984832652,29.777189356755358,33.20316664287958,72.39110240450411,Healthy Growth,3,High
HDC,Ba Ria - Vung Tau House Development Joint Stock Company,Real Estate,2026Q1,54.825814763008225,63.88888888888889,32.89760348583878,47.97206662809687,Accounting Profit Risk,3,High
TCB,Vietnam Technological And Commercial Joint Stock Bank,Banks,2026Q1,56.153965949993115,64.70588235294117,15.686274509803923,74.32034838472077,Healthy Growth,3,High
REE,Refrigeration Electrical Engineering Corporation,Utilities,2026Q1,56.80571790920506,55.0,60.833333333333336,71.10775564514995,Healthy Growth,3,High
HAG,Hoang Anh Gia Lai Joint Stock Company,Food & Beverage,2026Q1,61.15592784629425,22.22222222222222,57.4074074074074,70.15857992036865,Accounting Profit Risk,3,High
VRE,Vincom Retail Joint Stock Company,Real Estate,2026Q1,62.391109437109236,31.944444444444443,26.307189542483666,60.468591918395916,Accounting Profit Risk,3,High
BMP,Binh Minh Plastics Joint Stock Company,Construction & Materials,2026Q1,66.76374857736498,28.125,20.833333333333332,89.51014672225011,Healthy Growth,3,High
PHR,Phuoc Hoa Rubber Joint Stock Company,Chemicals,2026Q1,70.67181947349333,50.0,29.166666666666668,63.09482163264242,Healthy Growth,3,High
VPB,Vietnam Prosperity Joint Stock Commercial Bank,Banks,2026Q1,72.96382710984392,14.705882352941178,5.88235294117647,64.63521864056055,Healthy Growth,3,High
DIG,Development Investment Construction Joint Stock Corporation,Real Estate,2026Q1,75.2421350349072,27.08333333333333,14.46078431372549,81.60293829701297,Healthy Growth,3,High
VJC,VietJet Aviation Joint Stock Company,Travel & Leisure,2026Q1,36.613129033293816,46.16571945233789,82.92446710636001,70.0865222133588,High Leverage Stress,1,Medium
BWE,Binh Duong Water - Environment Corporation - Joint Stock Company,Utilities,2026Q1,41.06247922670206,40.0,78.33333333333333,69.07631532842333,High Leverage Stress,1,Medium
LPB,Fortune Vietnam Joint Stock Commercial Bank,Banks,2026Q1,41.938360243003785,77.94117647058823,58.8235294117647,83.34156757826754,Margin Compression,2,Medium
PDR,Phat Dat Real Estate Development Corporation,Real Estate,2026Q1,41.996577462045096,84.72222222222221,42.15686274509804,61.598649584868994,Accounting Profit Risk,2,Medium
VIC,VinGroup Joint Stock Company,Real Estate,2026Q1,42.65456010536888,47.22222222222222,85.89324618736384,55.642834041758775,Margin Compression,2,Medium
BCM,Becamex Investment And Industrial Development Group,Real Estate,2026Q1,44.617766547350605,56.94444444444444,73.63834422657952,62.74901081167673,Accounting Profit Risk,2,Medium
BID,Joint Stock Commercial Bank for Investment and Development of Vietnam,Banks,2026Q1,46.5101247867133,41.1764705882353,70.58823529411764,66.9337211975558,Margin Compression,2,Medium
EVF,EVN General Finance Joint Stock Company,Financial Services,2026Q1,47.3942148843428,50.0,94.44444444444446,62.94043009522636,Margin Compression,2,Medium
TPB,Tien Phong Commercial Joint Stock Bank,Banks,2026Q1,48.569471316058895,92.6470588235294,49.01960784313726,70.96378903936966,Margin Compression,2,Medium
DXG,Bluemarq Group Joint Stock Company,Real Estate,2026Q1,48.90386768161102,71.52777777777777,45.26143790849673,76.10120778882364,Leverage-Funded Growth,2,Medium
TCH,Hoang Huy Investment Financial Services Joint Stock Company,Real Estate,2026Q1,50.675694489410276,85.41666666666666,16.857298474945534,54.59302716920976,High Working Capital Stress,1,Medium
MSB,Vietnam Maritime Commercial Joint Stock Bank,Banks,2026Q1,54.0642766292464,82.35294117647058,43.13725490196078,82.13440510704137,High Working Capital Stress,1,Medium
CTG,Vietnam Joint Stock Commercial Bank For Industry and Trade,Banks,2026Q1,56.62471987314732,70.58823529411765,68.62745098039215,73.14719155368722,Margin Compression,2,Medium
HHV,Deo Ca Traffic Infrastructure Investment Joint Stock Company,Construction & Materials,2026Q1,59.9635811387667,28.125,72.91666666666667,68.92346461695128,High Leverage Stress,1,Medium
VND,VNDIRECT Securities Corporation,Financial Services,2026Q1,66.12007842305601,79.16666666666667,27.976190476190478,86.18785959964904,High Working Capital Stress,1,Medium
SZC,Sonadezi Chau Duc Shareholding Company,Real Estate,2026Q1,33.23593127930121,51.388888888888886,66.50326797385621,51.590518958313794,Leverage-Funded Growth,1,Watch
DSE,DNSE Securities Joint Stock Company,Financial Services,2026Q1,34.282646256463906,45.833333333333336,43.3531746031746,61.77056547415624,Accounting Profit Risk,2,Watch
VTP,Viettel Post Joint Stock Corporation,Industrial Goods & Services,2026Q1,34.65883364236203,20.0,63.333333333333336,53.94959319448245,No Major Flag,0,Watch
PPC,Pha Lai Thermal Power Joint Stock Company,Utilities,2026Q1,34.970370641243505,40.0,15.0,52.13890552401415,No Major Flag,0,Watch
DBC,DABACO Group,Food & Beverage,2026Q1,38.78209686993659,50.0,64.81481481481482,82.31159002284522,Healthy Growth,2,Watch
ACB,Asia Commercial Joint Stock Bank,Banks,2026Q1,42.55213079386237,23.52941176470588,43.137254901960794,78.85227271308608,Working Capital Absorption,2,Watch
DGC,Ducgiang Chemicals Group Joint Stock Company,Chemicals,2026Q1,43.13588921378246,68.75,45.833333333333336,58.626216438425104,Working Capital Absorption,2,Watch
VSC,Viet Nam Container Shipping Joint Stock Company,Industrial Goods & Services,2026Q1,43.603435610211875,60.0,66.66666666666667,65.50829921814581,Healthy Growth,2,Watch
PC1,PC1 Group Joint Stock Company,Construction & Materials,2026Q1,48.78825322911867,56.25,54.166666666666664,72.70857309065735,Healthy Growth,2,Watch
DGW,Digiworld Corp.,Retail,2026Q1,49.338472853028975,50.0,41.666666666666664,68.77083974628385,Accounting Profit Risk,2,Watch
CTS,Vietinbank Securities Joint Stock Company,Financial Services,2026Q1,52.67326598968652,50.0,64.98015873015873,72.94605537670375,Accounting Profit Risk,2,Watch
GAS,PetroVietnam Gas Joint Stock Corporation,Utilities,2026Q1,54.61019430528718,25.0,26.666666666666668,64.36395023345911,Accounting Profit Risk,2,Watch
TLG,Thien Long Group Corporation,Personal & Household Goods,2026Q1,57.47819290327011,46.2613019891501,27.29699251188471,78.5673202090098,Accounting Profit Risk,2,Watch
SIP,Saigon VRG Investment Corporation,Real Estate,2026Q1,58.55570769696447,15.277777777777777,52.17864923747277,67.2006442614699,Healthy Growth,2,Watch
NAB,Nam A Commercial Joint Stock Bank,Banks,2026Q1,59.278040019086994,35.294117647058826,58.8235294117647,75.03712388424522,Healthy Growth,2,Watch
PVT,PetroVietNam Transportation Corporation,Industrial Goods & Services,2026Q1,61.642658922458516,35.0,40.0,71.29276546307858,Healthy Growth,2,Watch
DXS,Dat Xanh Real Estate Services Joint Stock Company,Real Estate,2026Q1,62.28172694083427,31.944444444444443,28.86710239651416,61.51296813668742,Accounting Profit Risk,2,Watch
SJS,SJ Group Joint Stock Company,Real Estate,2026Q1,63.599710712107836,33.333333333333336,41.93899782135077,70.87591153601497,Accounting Profit Risk,2,Watch
ANV,Nam Viet Corporation,Food & Beverage,2026Q1,63.97651948625312,61.11111111111111,40.74074074074074,76.57041271954624,Accounting Profit Risk,2,Watch
OCB,Orient Commercial Joint Stock Bank,Banks,2026Q1,66.49164784774572,20.58823529411765,41.1764705882353,78.03477065349836,Healthy Growth,2,Watch
VHM,Vinhomes Joint Stock Company,Real Estate,2026Q1,68.41505432495933,48.611111111111114,52.2875816993464,76.41045263836092,Healthy Growth,2,Watch
HDB,Ho Chi Minh City Development Joint Stock Commercial Bank,Banks,2026Q1,69.30211946217122,35.294117647058826,37.254901960784316,73.06773235377314,Healthy Growth,2,Watch
SCS,Saigon Cargo Service Corporation,Travel & Leisure,2026Q1,74.51923878957462,26.16464307241884,6.732722402751905,77.00992931624583,Healthy Growth,2,Watch
PTB,Phu Tai Joint Stock Company,Basic Resources,2026Q1,75.130473907202,41.666666666666664,16.666666666666664,66.45669730096479,Accounting Profit Risk,2,Watch
