source_file,source_format,ticker_detected,parse_status,missing_fields,warnings,error_message,parsed_at
/Users/macos/Desktop/vn100_earning-health_monitor/bctc_json/json/ACB_financial_report.json,json,ACB,ok,,,,2026-06-03T08:09:15
/Users/macos/Desktop/vn100_earning-health_monitor/bctc_json/excel/ACB_financial_report.xlsx,xlsx,ACB,skipped,,ticker already parsed from preferred source,,2026-06-03T08:09:15
/Users/macos/Desktop/vn100_earning-health_monitor/bctc_json/json/ANV_financial_report.json,json,ANV,ok,,,,2026-06-03T08:09:15
/Users/macos/Desktop/vn100_earning-health_monitor/bctc_json/excel/ANV_financial_report.xlsx,xlsx,ANV,skipped,,ticker already parsed from preferred source,,2026-06-03T08:09:15
/Users/macos/Desktop/vn100_earning-health_monitor/bctc_json/json/BCM_financial_report.json,json,BCM,ok,,,,2026-06-03T08:09:15
/Users/macos/Desktop/vn100_earning-health_monitor/bctc_json/excel/BCM_financial_report.xlsx,xlsx,BCM,skipped,,ticker already parsed from preferred source,,2026-06-03T08:09:15
/Users/macos/Desktop/vn100_earning-health_monitor/bctc_json/json/BID_financial_report.json,json,BID,ok,,,,2026-06-03T08:09:15
/Users/macos/Desktop/vn100_earning-health_monitor/bctc_json/excel/BID_financial_report.xlsx,xlsx,BID,skipped,,ticker already parsed from preferred source,,2026-06-03T08:09:15
/Users/macos/Desktop/vn100_earning-health_monitor/bctc_json/json/BMP_financial_report.json,json,BMP,ok,,,,2026-06-03T08:09:15
/Users/macos/Desktop/vn100_earning-health_monitor/bctc_json/excel/BMP_financial_report.xlsx,xlsx,BMP,skipped,,ticker already parsed from preferred source,,2026-06-03T08:09:15
/Users/macos/Desktop/vn100_earning-health_monitor/bctc_json/json/BSI_financial_report.json,json,BSI,ok,,,,2026-06-03T08:09:15
/Users/macos/Desktop/vn100_earning-health_monitor/bctc_json/excel/BSI_financial_report.xlsx,xlsx,BSI,skipped,,ticker already parsed from preferred source,,2026-06-03T08:09:15
/Users/macos/Desktop/vn100_earning-health_monitor/bctc_json/json/BVH_financial_report.json,json,BVH,ok,,,,2026-06-03T08:09:15
/Users/macos/Desktop/vn100_earning-health_monitor/bctc_json/excel/BVH_financial_report.xlsx,xlsx,BVH,skipped,,ticker already parsed from preferred source,,2026-06-03T08:09:15
/Users/macos/Desktop/vn100_earning-health_monitor/bctc_json/json/BWE_financial_report.json,json,BWE,ok,,,,2026-06-03T08:09:15
/Users/macos/Desktop/vn100_earning-health_monitor/bctc_json/excel/BWE_financial_report.xlsx,xlsx,BWE,skipped,,ticker already parsed from preferred source,,2026-06-03T08:09:15
/Users/macos/Desktop/vn100_earning-health_monitor/bctc_json/json/CII_financial_report.json,json,CII,ok,,,,2026-06-03T08:09:15
/Users/macos/Desktop/vn100_earning-health_monitor/bctc_json/excel/CII_financial_report.xlsx,xlsx,CII,skipped,,ticker already parsed from preferred source,,2026-06-03T08:09:15
/Users/macos/Desktop/vn100_earning-health_monitor/bctc_json/json/CMG_financial_report.json,json,CMG,ok,,,,2026-06-03T08:09:15
/Users/macos/Desktop/vn100_earning-health_monitor/bctc_json/excel/CMG_financial_report.xlsx,xlsx,CMG,skipped,,ticker already parsed from preferred source,,2026-06-03T08:09:15
/Users/macos/Desktop/vn100_earning-health_monitor/bctc_json/json/CTD_financial_report.json,json,CTD,ok,,,,2026-06-03T08:09:15
/Users/macos/Desktop/vn100_earning-health_monitor/bctc_json/excel/CTD_financial_report.xlsx,xlsx,CTD,skipped,,ticker already parsed from preferred source,,2026-06-03T08:09:15
/Users/macos/Desktop/vn100_earning-health_monitor/bctc_json/json/CTG_financial_report.json,json,CTG,ok,,,,2026-06-03T08:09:15
/Users/macos/Desktop/vn100_earning-health_monitor/bctc_json/excel/CTG_financial_report.xlsx,xlsx,CTG,skipped,,ticker already parsed from preferred source,,2026-06-03T08:09:15
/Users/macos/Desktop/vn100_earning-health_monitor/bctc_json/json/CTR_financial_report.json,json,CTR,ok,,,,2026-06-03T08:09:15
/Users/macos/Desktop/vn100_earning-health_monitor/bctc_json/excel/CTR_financial_report.xlsx,xlsx,CTR,skipped,,ticker already parsed from preferred source,,2026-06-03T08:09:15
/Users/macos/Desktop/vn100_earning-health_monitor/bctc_json/json/CTS_financial_report.json,json,CTS,ok,,,,2026-06-03T08:09:15
/Users/macos/Desktop/vn100_earning-health_monitor/bctc_json/excel/CTS_financial_report.xlsx,xlsx,CTS,skipped,,ticker already parsed from preferred source,,2026-06-03T08:09:15
/Users/macos/Desktop/vn100_earning-health_monitor/bctc_json/json/DBC_financial_report.json,json,DBC,ok,,,,2026-06-03T08:09:15
/Users/macos/Desktop/vn100_earning-health_monitor/bctc_json/excel/DBC_financial_report.xlsx,xlsx,DBC,skipped,,ticker already parsed from preferred source,,2026-06-03T08:09:15
/Users/macos/Desktop/vn100_earning-health_monitor/bctc_json/json/DCM_financial_report.json,json,DCM,ok,,,,2026-06-03T08:09:15
/Users/macos/Desktop/vn100_earning-health_monitor/bctc_json/excel/DCM_financial_report.xlsx,xlsx,DCM,skipped,,ticker already parsed from preferred source,,2026-06-03T08:09:15
/Users/macos/Desktop/vn100_earning-health_monitor/bctc_json/json/DGC_financial_report.json,json,DGC,ok,,,,2026-06-03T08:09:15
/Users/macos/Desktop/vn100_earning-health_monitor/bctc_json/excel/DGC_financial_report.xlsx,xlsx,DGC,skipped,,ticker already parsed from preferred source,,2026-06-03T08:09:15
/Users/macos/Desktop/vn100_earning-health_monitor/bctc_json/json/DGW_financial_report.json,json,DGW,ok,,,,2026-06-03T08:09:15
/Users/macos/Desktop/vn100_earning-health_monitor/bctc_json/excel/DGW_financial_report.xlsx,xlsx,DGW,skipped,,ticker already parsed from preferred source,,2026-06-03T08:09:15
/Users/macos/Desktop/vn100_earning-health_monitor/bctc_json/json/DIG_financial_report.json,json,DIG,ok,,,,2026-06-03T08:09:15
/Users/macos/Desktop/vn100_earning-health_monitor/bctc_json/excel/DIG_financial_report.xlsx,xlsx,DIG,skipped,,ticker already parsed from preferred source,,2026-06-03T08:09:15
/Users/macos/Desktop/vn100_earning-health_monitor/bctc_json/json/DPM_financial_report.json,json,DPM,ok,,,,2026-06-03T08:09:15
/Users/macos/Desktop/vn100_earning-health_monitor/bctc_json/excel/DPM_financial_report.xlsx,xlsx,DPM,skipped,,ticker already parsed from preferred source,,2026-06-03T08:09:15
/Users/macos/Desktop/vn100_earning-health_monitor/bctc_json/json/DSE_financial_report.json,json,DSE,ok,,,,2026-06-03T08:09:15
/Users/macos/Desktop/vn100_earning-health_monitor/bctc_json/excel/DSE_financial_report.xlsx,xlsx,DSE,skipped,,ticker already parsed from preferred source,,2026-06-03T08:09:15
/Users/macos/Desktop/vn100_earning-health_monitor/bctc_json/json/DXG_financial_report.json,json,DXG,ok,,,,2026-06-03T08:09:15
/Users/macos/Desktop/vn100_earning-health_monitor/bctc_json/excel/DXG_financial_report.xlsx,xlsx,DXG,skipped,,ticker already parsed from preferred source,,2026-06-03T08:09:15
/Users/macos/Desktop/vn100_earning-health_monitor/bctc_json/json/DXS_financial_report.json,json,DXS,ok,,,,2026-06-03T08:09:16
/Users/macos/Desktop/vn100_earning-health_monitor/bctc_json/excel/DXS_financial_report.xlsx,xlsx,DXS,skipped,,ticker already parsed from preferred source,,2026-06-03T08:09:16
/Users/macos/Desktop/vn100_earning-health_monitor/bctc_json/json/EIB_financial_report.json,json,EIB,ok,,,,2026-06-03T08:09:16
/Users/macos/Desktop/vn100_earning-health_monitor/bctc_json/excel/EIB_financial_report.xlsx,xlsx,EIB,skipped,,ticker already parsed from preferred source,,2026-06-03T08:09:16
/Users/macos/Desktop/vn100_earning-health_monitor/bctc_json/json/EVF_financial_report.json,json,EVF,ok,,,,2026-06-03T08:09:16
/Users/macos/Desktop/vn100_earning-health_monitor/bctc_json/excel/EVF_financial_report.xlsx,xlsx,EVF,skipped,,ticker already parsed from preferred source,,2026-06-03T08:09:16
/Users/macos/Desktop/vn100_earning-health_monitor/bctc_json/json/FPT_financial_report.json,json,FPT,ok,,,,2026-06-03T08:09:16
/Users/macos/Desktop/vn100_earning-health_monitor/bctc_json/excel/FPT_financial_report.xlsx,xlsx,FPT,skipped,,ticker already parsed from preferred source,,2026-06-03T08:09:16
/Users/macos/Desktop/vn100_earning-health_monitor/bctc_json/json/FRT_financial_report.json,json,FRT,ok,,,,2026-06-03T08:09:16
/Users/macos/Desktop/vn100_earning-health_monitor/bctc_json/excel/FRT_financial_report.xlsx,xlsx,FRT,skipped,,ticker already parsed from preferred source,,2026-06-03T08:09:16
/Users/macos/Desktop/vn100_earning-health_monitor/bctc_json/json/FTS_financial_report.json,json,FTS,ok,,,,2026-06-03T08:09:16
/Users/macos/Desktop/vn100_earning-health_monitor/bctc_json/excel/FTS_financial_report.xlsx,xlsx,FTS,skipped,,ticker already parsed from preferred source,,2026-06-03T08:09:16
/Users/macos/Desktop/vn100_earning-health_monitor/bctc_json/json/GAS_financial_report.json,json,GAS,ok,,,,2026-06-03T08:09:16
/Users/macos/Desktop/vn100_earning-health_monitor/bctc_json/excel/GAS_financial_report.xlsx,xlsx,GAS,skipped,,ticker already parsed from preferred source,,2026-06-03T08:09:16
/Users/macos/Desktop/vn100_earning-health_monitor/bctc_json/json/GEE_financial_report.json,json,GEE,ok,,,,2026-06-03T08:09:16
/Users/macos/Desktop/vn100_earning-health_monitor/bctc_json/excel/GEE_financial_report.xlsx,xlsx,GEE,skipped,,ticker already parsed from preferred source,,2026-06-03T08:09:16
/Users/macos/Desktop/vn100_earning-health_monitor/bctc_json/json/GEX_financial_report.json,json,GEX,ok,,,,2026-06-03T08:09:16
/Users/macos/Desktop/vn100_earning-health_monitor/bctc_json/excel/GEX_financial_report.xlsx,xlsx,GEX,skipped,,ticker already parsed from preferred source,,2026-06-03T08:09:16
/Users/macos/Desktop/vn100_earning-health_monitor/bctc_json/json/GMD_financial_report.json,json,GMD,ok,,,,2026-06-03T08:09:16
/Users/macos/Desktop/vn100_earning-health_monitor/bctc_json/excel/GMD_financial_report.xlsx,xlsx,GMD,skipped,,ticker already parsed from preferred source,,2026-06-03T08:09:16
/Users/macos/Desktop/vn100_earning-health_monitor/bctc_json/json/GVR_financial_report.json,json,GVR,ok,,,,2026-06-03T08:09:16
/Users/macos/Desktop/vn100_earning-health_monitor/bctc_json/excel/GVR_financial_report.xlsx,xlsx,GVR,skipped,,ticker already parsed from preferred source,,2026-06-03T08:09:16
/Users/macos/Desktop/vn100_earning-health_monitor/bctc_json/json/HAG_financial_report.json,json,HAG,ok,,,,2026-06-03T08:09:16
/Users/macos/Desktop/vn100_earning-health_monitor/bctc_json/excel/HAG_financial_report.xlsx,xlsx,HAG,skipped,,ticker already parsed from preferred source,,2026-06-03T08:09:16
/Users/macos/Desktop/vn100_earning-health_monitor/bctc_json/json/HCM_financial_report.json,json,HCM,ok,,,,2026-06-03T08:09:16
/Users/macos/Desktop/vn100_earning-health_monitor/bctc_json/excel/HCM_financial_report.xlsx,xlsx,HCM,skipped,,ticker already parsed from preferred source,,2026-06-03T08:09:16
/Users/macos/Desktop/vn100_earning-health_monitor/bctc_json/json/HDB_financial_report.json,json,HDB,ok,,,,2026-06-03T08:09:16
/Users/macos/Desktop/vn100_earning-health_monitor/bctc_json/excel/HDB_financial_report.xlsx,xlsx,HDB,skipped,,ticker already parsed from preferred source,,2026-06-03T08:09:16
/Users/macos/Desktop/vn100_earning-health_monitor/bctc_json/json/HDC_financial_report.json,json,HDC,ok,,,,2026-06-03T08:09:16
/Users/macos/Desktop/vn100_earning-health_monitor/bctc_json/excel/HDC_financial_report.xlsx,xlsx,HDC,skipped,,ticker already parsed from preferred source,,2026-06-03T08:09:16
/Users/macos/Desktop/vn100_earning-health_monitor/bctc_json/json/HDG_financial_report.json,json,HDG,ok,,,,2026-06-03T08:09:16
/Users/macos/Desktop/vn100_earning-health_monitor/bctc_json/excel/HDG_financial_report.xlsx,xlsx,HDG,skipped,,ticker already parsed from preferred source,,2026-06-03T08:09:16
/Users/macos/Desktop/vn100_earning-health_monitor/bctc_json/json/HHV_financial_report.json,json,HHV,ok,,,,2026-06-03T08:09:16
/Users/macos/Desktop/vn100_earning-health_monitor/bctc_json/excel/HHV_financial_report.xlsx,xlsx,HHV,skipped,,ticker already parsed from preferred source,,2026-06-03T08:09:16
/Users/macos/Desktop/vn100_earning-health_monitor/bctc_json/json/HPG_financial_report.json,json,HPG,ok,,,,2026-06-03T08:09:16
/Users/macos/Desktop/vn100_earning-health_monitor/bctc_json/excel/HPG_financial_report.xlsx,xlsx,HPG,skipped,,ticker already parsed from preferred source,,2026-06-03T08:09:16
/Users/macos/Desktop/vn100_earning-health_monitor/bctc_json/json/HSG_financial_report.json,json,HSG,ok,,,,2026-06-03T08:09:16
/Users/macos/Desktop/vn100_earning-health_monitor/bctc_json/excel/HSG_financial_report.xlsx,xlsx,HSG,skipped,,ticker already parsed from preferred source,,2026-06-03T08:09:16
/Users/macos/Desktop/vn100_earning-health_monitor/bctc_json/json/HT1_financial_report.json,json,HT1,ok,,,,2026-06-03T08:09:16
/Users/macos/Desktop/vn100_earning-health_monitor/bctc_json/excel/HT1_financial_report.xlsx,xlsx,HT1,skipped,,ticker already parsed from preferred source,,2026-06-03T08:09:16
/Users/macos/Desktop/vn100_earning-health_monitor/bctc_json/json/IMP_financial_report.json,json,IMP,ok,,,,2026-06-03T08:09:16
/Users/macos/Desktop/vn100_earning-health_monitor/bctc_json/excel/IMP_financial_report.xlsx,xlsx,IMP,skipped,,ticker already parsed from preferred source,,2026-06-03T08:09:16
/Users/macos/Desktop/vn100_earning-health_monitor/bctc_json/json/KBC_financial_report.json,json,KBC,ok,,,,2026-06-03T08:09:16
/Users/macos/Desktop/vn100_earning-health_monitor/bctc_json/excel/KBC_financial_report.xlsx,xlsx,KBC,skipped,,ticker already parsed from preferred source,,2026-06-03T08:09:16
/Users/macos/Desktop/vn100_earning-health_monitor/bctc_json/json/KDC_financial_report.json,json,KDC,ok,,,,2026-06-03T08:09:16
/Users/macos/Desktop/vn100_earning-health_monitor/bctc_json/excel/KDC_financial_report.xlsx,xlsx,KDC,skipped,,ticker already parsed from preferred source,,2026-06-03T08:09:16
/Users/macos/Desktop/vn100_earning-health_monitor/bctc_json/json/KDH_financial_report.json,json,KDH,ok,,,,2026-06-03T08:09:16
/Users/macos/Desktop/vn100_earning-health_monitor/bctc_json/excel/KDH_financial_report.xlsx,xlsx,KDH,skipped,,ticker already parsed from preferred source,,2026-06-03T08:09:16
/Users/macos/Desktop/vn100_earning-health_monitor/bctc_json/json/KOS_financial_report.json,json,KOS,ok,,,,2026-06-03T08:09:16
/Users/macos/Desktop/vn100_earning-health_monitor/bctc_json/excel/KOS_financial_report.xlsx,xlsx,KOS,skipped,,ticker already parsed from preferred source,,2026-06-03T08:09:16
/Users/macos/Desktop/vn100_earning-health_monitor/bctc_json/json/LPB_financial_report.json,json,LPB,ok,,,,2026-06-03T08:09:16
/Users/macos/Desktop/vn100_earning-health_monitor/bctc_json/excel/LPB_financial_report.xlsx,xlsx,LPB,skipped,,ticker already parsed from preferred source,,2026-06-03T08:09:16
/Users/macos/Desktop/vn100_earning-health_monitor/bctc_json/json/MBB_financial_report.json,json,MBB,ok,,,,2026-06-03T08:09:16
/Users/macos/Desktop/vn100_earning-health_monitor/bctc_json/excel/MBB_financial_report.xlsx,xlsx,MBB,skipped,,ticker already parsed from preferred source,,2026-06-03T08:09:16
/Users/macos/Desktop/vn100_earning-health_monitor/bctc_json/json/MSB_financial_report.json,json,MSB,ok,,,,2026-06-03T08:09:16
/Users/macos/Desktop/vn100_earning-health_monitor/bctc_json/excel/MSB_financial_report.xlsx,xlsx,MSB,skipped,,ticker already parsed from preferred source,,2026-06-03T08:09:16
/Users/macos/Desktop/vn100_earning-health_monitor/bctc_json/json/MSN_financial_report.json,json,MSN,ok,,,,2026-06-03T08:09:16
/Users/macos/Desktop/vn100_earning-health_monitor/bctc_json/excel/MSN_financial_report.xlsx,xlsx,MSN,skipped,,ticker already parsed from preferred source,,2026-06-03T08:09:16
/Users/macos/Desktop/vn100_earning-health_monitor/bctc_json/json/MWG_financial_report.json,json,MWG,ok,,,,2026-06-03T08:09:16
/Users/macos/Desktop/vn100_earning-health_monitor/bctc_json/excel/MWG_financial_report.xlsx,xlsx,MWG,skipped,,ticker already parsed from preferred source,,2026-06-03T08:09:16
/Users/macos/Desktop/vn100_earning-health_monitor/bctc_json/json/NAB_financial_report.json,json,NAB,ok,,,,2026-06-03T08:09:16
/Users/macos/Desktop/vn100_earning-health_monitor/bctc_json/excel/NAB_financial_report.xlsx,xlsx,NAB,skipped,,ticker already parsed from preferred source,,2026-06-03T08:09:16
/Users/macos/Desktop/vn100_earning-health_monitor/bctc_json/json/NKG_financial_report.json,json,NKG,ok,,,,2026-06-03T08:09:16
/Users/macos/Desktop/vn100_earning-health_monitor/bctc_json/excel/NKG_financial_report.xlsx,xlsx,NKG,skipped,,ticker already parsed from preferred source,,2026-06-03T08:09:16
/Users/macos/Desktop/vn100_earning-health_monitor/bctc_json/json/NLG_financial_report.json,json,NLG,ok,,,,2026-06-03T08:09:16
/Users/macos/Desktop/vn100_earning-health_monitor/bctc_json/excel/NLG_financial_report.xlsx,xlsx,NLG,skipped,,ticker already parsed from preferred source,,2026-06-03T08:09:16
/Users/macos/Desktop/vn100_earning-health_monitor/bctc_json/json/NT2_financial_report.json,json,NT2,ok,,,,2026-06-03T08:09:16
/Users/macos/Desktop/vn100_earning-health_monitor/bctc_json/excel/NT2_financial_report.xlsx,xlsx,NT2,skipped,,ticker already parsed from preferred source,,2026-06-03T08:09:16
/Users/macos/Desktop/vn100_earning-health_monitor/bctc_json/json/OCB_financial_report.json,json,OCB,ok,,,,2026-06-03T08:09:16
/Users/macos/Desktop/vn100_earning-health_monitor/bctc_json/excel/OCB_financial_report.xlsx,xlsx,OCB,skipped,,ticker already parsed from preferred source,,2026-06-03T08:09:16
/Users/macos/Desktop/vn100_earning-health_monitor/bctc_json/json/PAN_financial_report.json,json,PAN,ok,,,,2026-06-03T08:09:16
/Users/macos/Desktop/vn100_earning-health_monitor/bctc_json/excel/PAN_financial_report.xlsx,xlsx,PAN,skipped,,ticker already parsed from preferred source,,2026-06-03T08:09:16
/Users/macos/Desktop/vn100_earning-health_monitor/bctc_json/json/PC1_financial_report.json,json,PC1,ok,,,,2026-06-03T08:09:16
/Users/macos/Desktop/vn100_earning-health_monitor/bctc_json/excel/PC1_financial_report.xlsx,xlsx,PC1,skipped,,ticker already parsed from preferred source,,2026-06-03T08:09:16
/Users/macos/Desktop/vn100_earning-health_monitor/bctc_json/json/PDR_financial_report.json,json,PDR,ok,,,,2026-06-03T08:09:16
/Users/macos/Desktop/vn100_earning-health_monitor/bctc_json/excel/PDR_financial_report.xlsx,xlsx,PDR,skipped,,ticker already parsed from preferred source,,2026-06-03T08:09:16
/Users/macos/Desktop/vn100_earning-health_monitor/bctc_json/json/PHR_financial_report.json,json,PHR,ok,,,,2026-06-03T08:09:16
/Users/macos/Desktop/vn100_earning-health_monitor/bctc_json/excel/PHR_financial_report.xlsx,xlsx,PHR,skipped,,ticker already parsed from preferred source,,2026-06-03T08:09:16
/Users/macos/Desktop/vn100_earning-health_monitor/bctc_json/json/PLX_financial_report.json,json,PLX,ok,,,,2026-06-03T08:09:16
/Users/macos/Desktop/vn100_earning-health_monitor/bctc_json/excel/PLX_financial_report.xlsx,xlsx,PLX,skipped,,ticker already parsed from preferred source,,2026-06-03T08:09:16
/Users/macos/Desktop/vn100_earning-health_monitor/bctc_json/json/PNJ_financial_report.json,json,PNJ,ok,,,,2026-06-03T08:09:16
/Users/macos/Desktop/vn100_earning-health_monitor/bctc_json/excel/PNJ_financial_report.xlsx,xlsx,PNJ,skipped,,ticker already parsed from preferred source,,2026-06-03T08:09:16
/Users/macos/Desktop/vn100_earning-health_monitor/bctc_json/json/POW_financial_report.json,json,POW,ok,,,,2026-06-03T08:09:16
/Users/macos/Desktop/vn100_earning-health_monitor/bctc_json/excel/POW_financial_report.xlsx,xlsx,POW,skipped,,ticker already parsed from preferred source,,2026-06-03T08:09:16
/Users/macos/Desktop/vn100_earning-health_monitor/bctc_json/json/PPC_financial_report.json,json,PPC,ok,,,,2026-06-03T08:09:16
/Users/macos/Desktop/vn100_earning-health_monitor/bctc_json/excel/PPC_financial_report.xlsx,xlsx,PPC,skipped,,ticker already parsed from preferred source,,2026-06-03T08:09:16
/Users/macos/Desktop/vn100_earning-health_monitor/bctc_json/json/PTB_financial_report.json,json,PTB,ok,,,,2026-06-03T08:09:16
/Users/macos/Desktop/vn100_earning-health_monitor/bctc_json/excel/PTB_financial_report.xlsx,xlsx,PTB,skipped,,ticker already parsed from preferred source,,2026-06-03T08:09:16
/Users/macos/Desktop/vn100_earning-health_monitor/bctc_json/json/PVD_financial_report.json,json,PVD,ok,,,,2026-06-03T08:09:16
/Users/macos/Desktop/vn100_earning-health_monitor/bctc_json/excel/PVD_financial_report.xlsx,xlsx,PVD,skipped,,ticker already parsed from preferred source,,2026-06-03T08:09:16
/Users/macos/Desktop/vn100_earning-health_monitor/bctc_json/json/PVT_financial_report.json,json,PVT,ok,,,,2026-06-03T08:09:16
/Users/macos/Desktop/vn100_earning-health_monitor/bctc_json/excel/PVT_financial_report.xlsx,xlsx,PVT,skipped,,ticker already parsed from preferred source,,2026-06-03T08:09:16
/Users/macos/Desktop/vn100_earning-health_monitor/bctc_json/json/REE_financial_report.json,json,REE,ok,,,,2026-06-03T08:09:16
/Users/macos/Desktop/vn100_earning-health_monitor/bctc_json/excel/REE_financial_report.xlsx,xlsx,REE,skipped,,ticker already parsed from preferred source,,2026-06-03T08:09:16
/Users/macos/Desktop/vn100_earning-health_monitor/bctc_json/json/SAB_financial_report.json,json,SAB,ok,,,,2026-06-03T08:09:16
/Users/macos/Desktop/vn100_earning-health_monitor/bctc_json/excel/SAB_financial_report.xlsx,xlsx,SAB,skipped,,ticker already parsed from preferred source,,2026-06-03T08:09:16
/Users/macos/Desktop/vn100_earning-health_monitor/bctc_json/json/SBT_financial_report.json,json,SBT,ok,,,,2026-06-03T08:09:16
/Users/macos/Desktop/vn100_earning-health_monitor/bctc_json/excel/SBT_financial_report.xlsx,xlsx,SBT,skipped,,ticker already parsed from preferred source,,2026-06-03T08:09:16
/Users/macos/Desktop/vn100_earning-health_monitor/bctc_json/json/SCS_financial_report.json,json,SCS,ok,,,,2026-06-03T08:09:16
/Users/macos/Desktop/vn100_earning-health_monitor/bctc_json/excel/SCS_financial_report.xlsx,xlsx,SCS,skipped,,ticker already parsed from preferred source,,2026-06-03T08:09:16
/Users/macos/Desktop/vn100_earning-health_monitor/bctc_json/json/SHB_financial_report.json,json,SHB,ok,,,,2026-06-03T08:09:16
/Users/macos/Desktop/vn100_earning-health_monitor/bctc_json/excel/SHB_financial_report.xlsx,xlsx,SHB,skipped,,ticker already parsed from preferred source,,2026-06-03T08:09:16
/Users/macos/Desktop/vn100_earning-health_monitor/bctc_json/json/SIP_financial_report.json,json,SIP,ok,,,,2026-06-03T08:09:16
/Users/macos/Desktop/vn100_earning-health_monitor/bctc_json/excel/SIP_financial_report.xlsx,xlsx,SIP,skipped,,ticker already parsed from preferred source,,2026-06-03T08:09:16
/Users/macos/Desktop/vn100_earning-health_monitor/bctc_json/json/SJS_financial_report.json,json,SJS,ok,,,,2026-06-03T08:09:16
/Users/macos/Desktop/vn100_earning-health_monitor/bctc_json/excel/SJS_financial_report.xlsx,xlsx,SJS,skipped,,ticker already parsed from preferred source,,2026-06-03T08:09:16
/Users/macos/Desktop/vn100_earning-health_monitor/bctc_json/json/SSB_financial_report.json,json,SSB,ok,,,,2026-06-03T08:09:16
/Users/macos/Desktop/vn100_earning-health_monitor/bctc_json/excel/SSB_financial_report.xlsx,xlsx,SSB,skipped,,ticker already parsed from preferred source,,2026-06-03T08:09:16
/Users/macos/Desktop/vn100_earning-health_monitor/bctc_json/json/SSI_financial_report.json,json,SSI,ok,,,,2026-06-03T08:09:16
/Users/macos/Desktop/vn100_earning-health_monitor/bctc_json/excel/SSI_financial_report.xlsx,xlsx,SSI,skipped,,ticker already parsed from preferred source,,2026-06-03T08:09:16
/Users/macos/Desktop/vn100_earning-health_monitor/bctc_json/json/STB_financial_report.json,json,STB,ok,,,,2026-06-03T08:09:16
/Users/macos/Desktop/vn100_earning-health_monitor/bctc_json/excel/STB_financial_report.xlsx,xlsx,STB,skipped,,ticker already parsed from preferred source,,2026-06-03T08:09:16
/Users/macos/Desktop/vn100_earning-health_monitor/bctc_json/json/SZC_financial_report.json,json,SZC,ok,,,,2026-06-03T08:09:16
/Users/macos/Desktop/vn100_earning-health_monitor/bctc_json/excel/SZC_financial_report.xlsx,xlsx,SZC,skipped,,ticker already parsed from preferred source,,2026-06-03T08:09:16
/Users/macos/Desktop/vn100_earning-health_monitor/bctc_json/json/TCB_financial_report.json,json,TCB,ok,,,,2026-06-03T08:09:16
/Users/macos/Desktop/vn100_earning-health_monitor/bctc_json/excel/TCB_financial_report.xlsx,xlsx,TCB,skipped,,ticker already parsed from preferred source,,2026-06-03T08:09:16
/Users/macos/Desktop/vn100_earning-health_monitor/bctc_json/json/TCH_financial_report.json,json,TCH,ok,,,,2026-06-03T08:09:16
/Users/macos/Desktop/vn100_earning-health_monitor/bctc_json/excel/TCH_financial_report.xlsx,xlsx,TCH,skipped,,ticker already parsed from preferred source,,2026-06-03T08:09:16
/Users/macos/Desktop/vn100_earning-health_monitor/bctc_json/json/TLG_financial_report.json,json,TLG,ok,,,,2026-06-03T08:09:16
/Users/macos/Desktop/vn100_earning-health_monitor/bctc_json/excel/TLG_financial_report.xlsx,xlsx,TLG,skipped,,ticker already parsed from preferred source,,2026-06-03T08:09:16
/Users/macos/Desktop/vn100_earning-health_monitor/bctc_json/json/TPB_financial_report.json,json,TPB,ok,,,,2026-06-03T08:09:16
/Users/macos/Desktop/vn100_earning-health_monitor/bctc_json/excel/TPB_financial_report.xlsx,xlsx,TPB,skipped,,ticker already parsed from preferred source,,2026-06-03T08:09:16
/Users/macos/Desktop/vn100_earning-health_monitor/bctc_json/json/VCB_financial_report.json,json,VCB,ok,,,,2026-06-03T08:09:16
/Users/macos/Desktop/vn100_earning-health_monitor/bctc_json/excel/VCB_financial_report.xlsx,xlsx,VCB,skipped,,ticker already parsed from preferred source,,2026-06-03T08:09:16
/Users/macos/Desktop/vn100_earning-health_monitor/bctc_json/json/VCG_financial_report.json,json,VCG,ok,,,,2026-06-03T08:09:16
/Users/macos/Desktop/vn100_earning-health_monitor/bctc_json/excel/VCG_financial_report.xlsx,xlsx,VCG,skipped,,ticker already parsed from preferred source,,2026-06-03T08:09:16
/Users/macos/Desktop/vn100_earning-health_monitor/bctc_json/json/VCI_financial_report.json,json,VCI,ok,,,,2026-06-03T08:09:16
/Users/macos/Desktop/vn100_earning-health_monitor/bctc_json/excel/VCI_financial_report.xlsx,xlsx,VCI,skipped,,ticker already parsed from preferred source,,2026-06-03T08:09:16
/Users/macos/Desktop/vn100_earning-health_monitor/bctc_json/json/VGC_financial_report.json,json,VGC,ok,,,,2026-06-03T08:09:16
/Users/macos/Desktop/vn100_earning-health_monitor/bctc_json/excel/VGC_financial_report.xlsx,xlsx,VGC,skipped,,ticker already parsed from preferred source,,2026-06-03T08:09:16
/Users/macos/Desktop/vn100_earning-health_monitor/bctc_json/json/VHC_financial_report.json,json,VHC,ok,,,,2026-06-03T08:09:16
/Users/macos/Desktop/vn100_earning-health_monitor/bctc_json/excel/VHC_financial_report.xlsx,xlsx,VHC,skipped,,ticker already parsed from preferred source,,2026-06-03T08:09:16
/Users/macos/Desktop/vn100_earning-health_monitor/bctc_json/json/VHM_financial_report.json,json,VHM,ok,,,,2026-06-03T08:09:16
/Users/macos/Desktop/vn100_earning-health_monitor/bctc_json/excel/VHM_financial_report.xlsx,xlsx,VHM,skipped,,ticker already parsed from preferred source,,2026-06-03T08:09:16
/Users/macos/Desktop/vn100_earning-health_monitor/bctc_json/json/VIB_financial_report.json,json,VIB,ok,,,,2026-06-03T08:09:16
/Users/macos/Desktop/vn100_earning-health_monitor/bctc_json/excel/VIB_financial_report.xlsx,xlsx,VIB,skipped,,ticker already parsed from preferred source,,2026-06-03T08:09:16
/Users/macos/Desktop/vn100_earning-health_monitor/bctc_json/json/VIC_financial_report.json,json,VIC,ok,,,,2026-06-03T08:09:16
/Users/macos/Desktop/vn100_earning-health_monitor/bctc_json/excel/VIC_financial_report.xlsx,xlsx,VIC,skipped,,ticker already parsed from preferred source,,2026-06-03T08:09:16
/Users/macos/Desktop/vn100_earning-health_monitor/bctc_json/json/VIX_financial_report.json,json,VIX,ok,,,,2026-06-03T08:09:16
/Users/macos/Desktop/vn100_earning-health_monitor/bctc_json/excel/VIX_financial_report.xlsx,xlsx,VIX,skipped,,ticker already parsed from preferred source,,2026-06-03T08:09:16
/Users/macos/Desktop/vn100_earning-health_monitor/bctc_json/json/VJC_financial_report.json,json,VJC,ok,,,,2026-06-03T08:09:16
/Users/macos/Desktop/vn100_earning-health_monitor/bctc_json/excel/VJC_financial_report.xlsx,xlsx,VJC,skipped,,ticker already parsed from preferred source,,2026-06-03T08:09:16
/Users/macos/Desktop/vn100_earning-health_monitor/bctc_json/json/VND_financial_report.json,json,VND,ok,,,,2026-06-03T08:09:16
/Users/macos/Desktop/vn100_earning-health_monitor/bctc_json/excel/VND_financial_report.xlsx,xlsx,VND,skipped,,ticker already parsed from preferred source,,2026-06-03T08:09:16
/Users/macos/Desktop/vn100_earning-health_monitor/bctc_json/json/VNM_financial_report.json,json,VNM,ok,,,,2026-06-03T08:09:16
/Users/macos/Desktop/vn100_earning-health_monitor/bctc_json/excel/VNM_financial_report.xlsx,xlsx,VNM,skipped,,ticker already parsed from preferred source,,2026-06-03T08:09:16
/Users/macos/Desktop/vn100_earning-health_monitor/bctc_json/json/VPB_financial_report.json,json,VPB,ok,,,,2026-06-03T08:09:16
/Users/macos/Desktop/vn100_earning-health_monitor/bctc_json/excel/VPB_financial_report.xlsx,xlsx,VPB,skipped,,ticker already parsed from preferred source,,2026-06-03T08:09:16
/Users/macos/Desktop/vn100_earning-health_monitor/bctc_json/json/VPI_financial_report.json,json,VPI,ok,,,,2026-06-03T08:09:16
/Users/macos/Desktop/vn100_earning-health_monitor/bctc_json/excel/VPI_financial_report.xlsx,xlsx,VPI,skipped,,ticker already parsed from preferred source,,2026-06-03T08:09:16
/Users/macos/Desktop/vn100_earning-health_monitor/bctc_json/json/VRE_financial_report.json,json,VRE,ok,,,,2026-06-03T08:09:16
/Users/macos/Desktop/vn100_earning-health_monitor/bctc_json/excel/VRE_financial_report.xlsx,xlsx,VRE,skipped,,ticker already parsed from preferred source,,2026-06-03T08:09:16
/Users/macos/Desktop/vn100_earning-health_monitor/bctc_json/json/VSC_financial_report.json,json,VSC,ok,,,,2026-06-03T08:09:16
/Users/macos/Desktop/vn100_earning-health_monitor/bctc_json/excel/VSC_financial_report.xlsx,xlsx,VSC,skipped,,ticker already parsed from preferred source,,2026-06-03T08:09:16
/Users/macos/Desktop/vn100_earning-health_monitor/bctc_json/json/VTP_financial_report.json,json,VTP,ok,,,,2026-06-03T08:09:16
/Users/macos/Desktop/vn100_earning-health_monitor/bctc_json/excel/VTP_financial_report.xlsx,xlsx,VTP,skipped,,ticker already parsed from preferred source,,2026-06-03T08:09:16
