ticker,company_name,sector,segment,sub_sector_id,market_cap,shares_outstanding,exchange,source_url,source_timestamp
ACB,Asia Commercial Joint Stock Bank,Banks,Banks,banks-151,127902749315100.0,5136656599.0,HOSE,https://research.mozyfin.com/company/ACB?tab=statement,2026-06-02T03:40:04.068Z
ANV,Nam Viet Corporation,Food & Beverage,Non-financial,farming-fishing-5,5751124200000.0,266255750.0,HOSE,https://research.mozyfin.com/company/ANV?tab=statement,2026-06-02T14:30:01.274Z
BCM,Becamex Investment And Industrial Development Group,Real Estate,Real Estate,real-estate-holding-development-160,56614500000000.0,1035000000.0,HOSE,https://research.mozyfin.com/company/BCM?tab=statement,2026-06-02T04:25:25.856Z
BID,Joint Stock Commercial Bank for Investment and Development of Vietnam,Banks,Banks,banks-151,305034732299000.0,7280065210.0,HOSE,https://research.mozyfin.com/company/BID?tab=statement,2026-06-02T14:30:33.708Z
BMP,Binh Minh Plastics Joint Stock Company,Construction & Materials,Non-financial,building-materials-fixtures-43,11223134599800.0,81860938.0,HOSE,https://research.mozyfin.com/company/BMP?tab=statement,2026-06-02T14:31:06.558Z
BSI,BIDV Joint Stock Securities Company,Financial Services,Securities,investment-services-154,8600076302150.0,245365943.0,HOSE,https://research.mozyfin.com/company/BSI?tab=statement,2026-06-02T14:31:39.228Z
BVH,Bao Viet Holdings,Insurance,Insurance,life-insurance-139,49809857464400.0,742322764.0,HOSE,https://research.mozyfin.com/company/BVH?tab=statement,2026-06-02T14:32:11.757Z
BWE,Binh Duong Water - Environment Corporation - Joint Stock Company,Utilities,Non-financial,water-124,9434938827600.0,219928644.0,HOSE,https://research.mozyfin.com/company/BWE?tab=statement,2026-06-02T04:20:33.646Z
CII,Ho Chi Minh City Infrastructure Investment Joint Stock Company,Construction & Materials,Non-financial,heavy-construction-9,11759742592500.0,671985291.0,HOSE,https://research.mozyfin.com/company/CII?tab=statement,2026-06-02T14:32:44.203Z
CMG,CMC Corporation,Technology,Non-financial,computer-services-137,6369839833800.0,232900908.0,HOSE,https://research.mozyfin.com/company/CMG?tab=statement,2026-06-02T14:33:16.631Z
CTD,Coteccons Construction Joint Stock Company,Construction & Materials,Non-financial,heavy-construction-9,8073636484000.0,111823220.0,HOSE,https://research.mozyfin.com/company/CTD?tab=statement,2026-06-02T14:33:49.174Z
CTG,Vietnam Joint Stock Commercial Bank For Industry and Trade,Banks,Banks,banks-151,268347937208350.0,7766944637.0,HOSE,https://research.mozyfin.com/company/CTG?tab=statement,2026-06-02T14:34:22.025Z
CTR,Viettel Construction Joint Stock Corporation,Construction & Materials,Non-financial,heavy-construction-9,10065957352000.0,114385879.0,HOSE,https://research.mozyfin.com/company/CTR?tab=statement,2026-06-02T04:23:48.152Z
CTS,Vietinbank Securities Joint Stock Company,Financial Services,Securities,investment-services-154,5912877576400.0,212693438.0,HOSE,https://research.mozyfin.com/company/CTS?tab=statement,2026-06-02T03:40:36.624Z
DBC,DABACO Group,Food & Beverage,Non-financial,farming-fishing-5,8390093340600.0,384866667.0,HOSE,https://research.mozyfin.com/company/DBC?tab=statement,2026-06-02T03:41:09.294Z
DCM,PetroVietnam Ca Mau Fertilizer Corporation,Chemicals,Non-financial,specialty-chemicals-57,20673070000000.0,529400000.0,HOSE,https://research.mozyfin.com/company/DCM?tab=statement,2026-06-02T14:34:54.461Z
DGC,Ducgiang Chemicals Group Joint Stock Company,Chemicals,Non-financial,specialty-chemicals-57,17033061823050.0,379778413.0,HOSE,https://research.mozyfin.com/company/DGC?tab=statement,2026-06-02T14:35:26.881Z
DGW,Digiworld Corp.,Retail,Non-financial,specialty-retailers-74,8846748000000.0,221168700.0,HOSE,https://research.mozyfin.com/company/DGW?tab=statement,2026-06-02T04:18:56.205Z
DIG,Development Investment Construction Joint Stock Corporation,Real Estate,Real Estate,real-estate-holding-development-160,10512891721200.0,796431191.0,HOSE,https://research.mozyfin.com/company/DIG?tab=statement,2026-06-02T14:35:59.308Z
DPM,Petrovietnam Fertilizer and Chemicals Corporation,Chemicals,Non-financial,specialty-chemicals-57,17440076788650.0,679925021.0,HOSE,https://research.mozyfin.com/company/DPM?tab=statement,2026-06-02T14:36:31.719Z
DSE,DNSE Securities Joint Stock Company,Financial Services,Securities,investment-services-154,9635620635000.0,428249806.0,HOSE,https://research.mozyfin.com/company/DSE?tab=statement,2026-06-02T14:56:47.763Z
DXG,Bluemarq Group Joint Stock Company,Real Estate,Real Estate,real-estate-holding-development-160,16739157270000.0,1268117975.0,HOSE,https://research.mozyfin.com/company/DXG?tab=statement,2026-06-02T14:57:12.639Z
DXS,Dat Xanh Real Estate Services Joint Stock Company,Real Estate,Real Estate,real-estate-services-170,4418556836120.0,579103124.0,HOSE,https://research.mozyfin.com/company/DXS?tab=statement,2026-06-02T04:31:56.301Z
EIB,Vietnam Export Import Commercial Joint Stock Bank,Banks,Banks,banks-151,39862220989800.0,1862720607.0,HOSE,https://research.mozyfin.com/company/EIB?tab=statement,2026-06-02T14:57:37.428Z
EVF,EVN General Finance Joint Stock Company,Financial Services,Securities,consumer-finance-129,10419751487400.0,760565802.0,HOSE,https://research.mozyfin.com/company/EVF?tab=statement,2026-06-02T04:29:13.679Z
FPT,FPT Corporation,Technology,Non-financial,software-177,124185669120900.0,1703507121.0,HOSE,https://research.mozyfin.com/company/FPT?tab=statement,2026-06-02T14:58:02.217Z
FRT,FPT Digital Retail Joint Stock Company,Retail,Non-financial,specialty-retailers-74,21645356873500.0,170301785.0,HOSE,https://research.mozyfin.com/company/FRT?tab=statement,2026-06-02T04:26:30.857Z
FTS,FPT Securities Joint Stock Company,Financial Services,Securities,investment-services-154,8367926917350.0,346498009.0,HOSE,https://research.mozyfin.com/company/FTS?tab=statement,2026-06-02T04:16:46.173Z
GAS,PetroVietnam Gas Joint Stock Corporation,Utilities,Non-financial,gas-distribution-71,203170369455200.0,2412949756.0,HOSE,https://research.mozyfin.com/company/GAS?tab=statement,2026-06-02T14:58:26.876Z
GEE,GELEX Electricity Joint Stock Company,Industrial Goods & Services,Non-financial,electronic-equipment-2,67252417155000.0,640499211.0,HOSE,https://research.mozyfin.com/company/GEE?tab=statement,2026-06-02T14:58:51.934Z
GEX,Gelex Group Joint Stock Company,Industrial Goods & Services,Non-financial,electronic-equipment-2,42132777727600.0,1308471358.0,HOSE,https://research.mozyfin.com/company/GEX?tab=statement,2026-06-02T04:24:53.370Z
GMD,Gemadept Group Corporation,Industrial Goods & Services,Non-financial,transportation-services-47,31262091489700.0,426495109.0,HOSE,https://research.mozyfin.com/company/GMD?tab=statement,2026-06-02T14:59:16.615Z
GVR,Viet Nam Rubber Group - Joint Stock Company,Chemicals,Non-financial,commodity-chemicals-11,140200000000000.0,4000000000.0,HOSE,https://research.mozyfin.com/company/GVR?tab=statement,2026-06-02T04:27:35.893Z
HAG,Hoang Anh Gia Lai Joint Stock Company,Food & Beverage,Non-financial,farming-fishing-5,19581318922350.0,1267399283.0,HOSE,https://research.mozyfin.com/company/HAG?tab=statement,2026-06-02T14:59:41.321Z
HBS,HBS,Unknown,Non-financial,,,,,https://research.mozyfin.com/company/HBS?tab=statement,2026-05-30T09:10:36.871Z
HCM,Ho Chi Minh City Securities Corporation,Financial Services,Securities,investment-services-154,29320823617650.0,1079956671.0,HOSE,https://research.mozyfin.com/company/HCM?tab=statement,2026-06-02T15:00:06.570Z
HDB,Ho Chi Minh City Development Joint Stock Commercial Bank,Banks,Banks,banks-151,128885865317250.0,5005276323.0,HOSE,https://research.mozyfin.com/company/HDB?tab=statement,2026-06-02T04:24:20.515Z
HDC,Ba Ria - Vung Tau House Development Joint Stock Company,Real Estate,Real Estate,real-estate-holding-development-160,3515680449600.0,199754571.0,HOSE,https://research.mozyfin.com/company/HDC?tab=statement,2026-06-02T15:00:31.946Z
HDG,Ha Do Joint Stock Company,Real Estate,Real Estate,real-estate-holding-development-160,8657135019000.0,369963035.0,HOSE,https://research.mozyfin.com/company/HDG?tab=statement,2026-06-02T03:56:42.617Z
HHV,Deo Ca Traffic Infrastructure Investment Joint Stock Company,Construction & Materials,Non-financial,heavy-construction-9,6429203978000.0,547166296.0,HOSE,https://research.mozyfin.com/company/HHV?tab=statement,2026-06-02T04:14:36.768Z
HPG,Hoa Phat Group Joint Stock Company,Basic Resources,Non-financial,steel-58,203054449182000.0,8443012440.0,HOSE,https://research.mozyfin.com/company/HPG?tab=statement,2026-06-02T03:57:15.178Z
HSG,Hoa Sen Group,Basic Resources,Non-financial,steel-58,10050420664800.0,807262704.0,HOSE,https://research.mozyfin.com/company/HSG?tab=statement,2026-06-02T03:57:47.693Z
HT1,VICEM Ha Tien Cement Joint Stock Company,Construction & Materials,Non-financial,building-materials-fixtures-43,5265940771800.0,381589911.0,HOSE,https://research.mozyfin.com/company/HT1?tab=statement,2026-06-02T03:58:20.202Z
IMP,Imexpharm Corporation,Health Care,Non-financial,pharmaceuticals-120,7099813148200.0,154008962.0,HOSE,https://research.mozyfin.com/company/IMP?tab=statement,2026-06-02T03:58:52.651Z
KBC,Kinh Bac City Development Holding Corporation,Real Estate,Real Estate,real-estate-holding-development-160,28629344673600.0,941754759.0,HOSE,https://research.mozyfin.com/company/KBC?tab=statement,2026-06-02T03:59:25.554Z
KDC,KIDO Group Corporation,Food & Beverage,Non-financial,food-products-87,14838083379200.0,289806316.0,HOSE,https://research.mozyfin.com/company/KDC?tab=statement,2026-06-02T03:59:57.992Z
KDH,Khang Dien House Trading and Investment Joint Stock Company,Real Estate,Real Estate,real-estate-holding-development-160,25418167462350.0,1122214899.0,HOSE,https://research.mozyfin.com/company/KDH?tab=statement,2026-06-02T04:00:30.423Z
KOS,KOSY Joint Stock Company,Real Estate,Real Estate,real-estate-holding-development-160,8247938863500.0,216481335.0,HOSE,https://research.mozyfin.com/company/KOS?tab=statement,2026-06-02T04:23:15.834Z
LPB,Fortune Vietnam Joint Stock Commercial Bank,Banks,Banks,banks-151,154741212780000.0,2987282100.0,HOSE,https://research.mozyfin.com/company/LPB?tab=statement,2026-06-02T04:21:38.431Z
MBB,Military Commercial Joint Stock Bank,Banks,Banks,banks-151,202180497715900.0,8054999909.0,HOSE,https://research.mozyfin.com/company/MBB?tab=statement,2026-06-02T04:01:02.949Z
MSB,Vietnam Maritime Commercial Joint Stock Bank,Banks,Banks,banks-151,44460000000000.0,3120000000.0,HOSE,https://research.mozyfin.com/company/MSB?tab=statement,2026-06-02T04:31:23.801Z
MSN,Masan Group Corporation,Food & Beverage,Non-financial,food-products-87,113580746946900.0,1520491927.0,HOSE,https://research.mozyfin.com/company/MSN?tab=statement,2026-06-02T04:01:35.575Z
MWG,Mobile World Investment Corporation,Retail,Non-financial,specialty-retailers-74,116152301143900.0,1468423529.0,HOSE,https://research.mozyfin.com/company/MWG?tab=statement,2026-06-02T04:02:08.143Z
NAB,Nam A Commercial Joint Stock Bank,Banks,Banks,banks-151,24602926269900.0,2058822282.0,HOSE,https://research.mozyfin.com/company/NAB?tab=statement,2026-06-02T04:33:33.988Z
NKG,Nam Kim Steel Joint Stock Company,Basic Resources,Non-financial,steel-58,6109342525650.0,447570881.0,HOSE,https://research.mozyfin.com/company/NKG?tab=statement,2026-06-02T04:02:40.600Z
NLG,Nam Long Investment Corporation,Real Estate,Real Estate,real-estate-holding-development-160,12976354995250.0,485097383.0,HOSE,https://research.mozyfin.com/company/NLG?tab=statement,2026-06-02T04:03:13.062Z
NT2,PetroVietnam Power Nhon Trach 2 Joint Stock Company,Utilities,Non-financial,conventional-electricity-110,6606754865550.0,287876029.0,HOSE,https://research.mozyfin.com/company/NT2?tab=statement,2026-06-02T04:03:45.573Z
OCB,Orient Commercial Joint Stock Bank,Banks,Banks,banks-151,30625101266000.0,2663052284.0,HOSE,https://research.mozyfin.com/company/OCB?tab=statement,2026-06-02T04:30:51.332Z
PAN,The PAN Group Joint Stock Company,Food & Beverage,Non-financial,food-products-87,6093237150000.0,250750500.0,HOSE,https://research.mozyfin.com/company/PAN?tab=statement,2026-06-02T04:04:18.059Z
PC1,PC1 Group Joint Stock Company,Construction & Materials,Non-financial,heavy-construction-9,7814421517000.0,411285343.0,HOSE,https://research.mozyfin.com/company/PC1?tab=statement,2026-06-02T04:15:41.503Z
PDR,Phat Dat Real Estate Development Corporation,Real Estate,Real Estate,real-estate-holding-development-160,16064731001900.0,997809379.0,HOSE,https://research.mozyfin.com/company/PDR?tab=statement,2026-06-02T04:04:50.565Z
PHR,Phuoc Hoa Rubber Joint Stock Company,Chemicals,Non-financial,commodity-chemicals-11,9186845624400.0,135499198.0,HOSE,https://research.mozyfin.com/company/PHR?tab=statement,2026-06-02T04:05:23.062Z
PLX,Vietnam National Petroleum Group,Oil & Gas,Non-financial,exploration-production-153,50506041341250.0,1270592235.0,HOSE,https://research.mozyfin.com/company/PLX?tab=statement,2026-06-02T04:18:23.726Z
PNJ,Phu Nhuan Jewelry Joint Stock Company,Personal & Household Goods,Non-financial,personal-products-81,33671304902200.0,511721959.0,HOSE,https://research.mozyfin.com/company/PNJ?tab=statement,2026-06-02T04:05:55.617Z
POW,PetroVietnam Power Corporation,Utilities,Non-financial,conventional-electricity-110,42336270494400.0,3067845688.0,HOSE,https://research.mozyfin.com/company/POW?tab=statement,2026-06-02T04:25:58.355Z
PPC,Pha Lai Thermal Power Joint Stock Company,Utilities,Non-financial,conventional-electricity-110,3135595668120.0,320613054.0,HOSE,https://research.mozyfin.com/company/PPC?tab=statement,2026-06-02T04:06:28.531Z
PTB,Phu Tai Joint Stock Company,Basic Resources,Non-financial,forestry-49,3961059069300.0,100407074.0,HOSE,https://research.mozyfin.com/company/PTB?tab=statement,2026-06-02T04:07:01.008Z
PVD,PetroVietNam Driling & Well Service Corporation,Oil & Gas,Non-financial,oil-equipment-services-148,16676400180000.0,555880006.0,HOSE,https://research.mozyfin.com/company/PVD?tab=statement,2026-06-02T04:07:33.883Z
PVT,PetroVietNam Transportation Corporation,Industrial Goods & Services,Non-financial,marine-transportation-44,10385480293500.0,469931235.0,HOSE,https://research.mozyfin.com/company/PVT?tab=statement,2026-06-02T04:08:06.259Z
REE,Refrigeration Electrical Engineering Corporation,Utilities,Non-financial,conventional-electricity-110,31892430643200.0,622899036.0,HOSE,https://research.mozyfin.com/company/REE?tab=statement,2026-06-02T04:08:38.973Z
SAB,Saigon Beer - Alcohol - Beverage Corporation,Food & Beverage,Non-financial,brewers-8,60536943958400.0,1282562372.0,HOSE,https://research.mozyfin.com/company/SAB?tab=statement,2026-06-02T04:16:13.855Z
SBT,Thanh Thanh Cong - Bien Hoa Joint Stock Company,Food & Beverage,Non-financial,food-products-87,18400225352600.0,906415042.0,HOSE,https://research.mozyfin.com/company/SBT?tab=statement,2026-06-02T04:09:11.391Z
SCS,Saigon Cargo Service Corporation,Travel & Leisure,Non-financial,airlines-114,5226341478400.0,102076982.0,HOSE,https://research.mozyfin.com/company/SCS?tab=statement,2026-06-02T04:19:28.858Z
SHB,Saigon - Hanoi Commercial Joint Stock Bank,Banks,Banks,banks-151,72229770538750.0,5253074221.0,HOSE,https://research.mozyfin.com/company/SHB?tab=statement,2026-06-02T03:41:41.732Z
SIP,Saigon VRG Investment Corporation,Real Estate,Real Estate,real-estate-holding-development-160,12493027858800.0,242112943.0,HOSE,https://research.mozyfin.com/company/SIP?tab=statement,2026-06-02T04:33:01.137Z
SJS,SJ Group Joint Stock Company,Real Estate,Real Estate,real-estate-holding-development-160,15200963710800.0,297474828.0,HOSE,https://research.mozyfin.com/company/SJS?tab=statement,2026-06-02T04:09:43.725Z
SSB,Southeast Asia Commercial Joint Stock Bank,Banks,Banks,banks-151,48688955598000.0,3428799690.0,HOSE,https://research.mozyfin.com/company/SSB?tab=statement,2026-06-02T04:32:28.712Z
STB,SaiGon Thuong Tin Commercial Joint Stock Bank,Banks,Banks,banks-151,126309452972000.0,1885215716.0,HOSE,https://research.mozyfin.com/company/STB?tab=statement,2026-06-02T04:10:48.593Z
SZC,Sonadezi Chau Duc Shareholding Company,Real Estate,Real Estate,real-estate-holding-development-160,4229667780500.0,179985863.0,HOSE,https://research.mozyfin.com/company/SZC?tab=statement,2026-06-02T04:29:46.147Z
TCB,Vietnam Technological And Commercial Joint Stock Bank,Banks,Banks,banks-151,229239877392900.0,7086240414.0,HOSE,https://research.mozyfin.com/company/TCB?tab=statement,2026-06-02T04:28:41.161Z
TCH,Hoang Huy Investment Financial Services Joint Stock Company,Real Estate,Real Estate,real-estate-holding-development-160,14137692972000.0,912109224.0,HOSE,https://research.mozyfin.com/company/TCH?tab=statement,2026-06-02T04:15:09.119Z
TLG,Thien Long Group Corporation,Personal & Household Goods,Non-financial,nondurable-household-products-80,4729888660000.0,96528340.0,HOSE,https://research.mozyfin.com/company/TLG?tab=statement,2026-06-02T04:11:21.845Z
TPB,Tien Phong Commercial Joint Stock Bank,Banks,Banks,banks-151,43552535906100.0,2774046873.0,HOSE,https://research.mozyfin.com/company/TPB?tab=statement,2026-06-02T04:28:08.726Z
VCB,Joint Stock Commercial Bank For Foreign Trade Of Vietnam,Banks,Banks,banks-151,519722990846800.0,8355675094.0,HOSE,https://research.mozyfin.com/company/VCB?tab=statement,2026-06-02T04:11:54.586Z
VCG,Viet Nam Construction And Import - Export Joint Stock Corporation,Construction & Materials,Non-financial,heavy-construction-9,13058660387200.0,646468336.0,HOSE,https://research.mozyfin.com/company/VCG?tab=statement,2026-06-02T15:00:56.709Z
VCI,Vietcap Securities Joint Stock Company,Financial Services,Securities,investment-services-154,28346508547500.0,1147631925.0,HOSE,https://research.mozyfin.com/company/VCI?tab=statement,2026-06-02T04:20:01.213Z
VGC,Viglacera Corporation - JSC,Construction & Materials,Non-financial,building-materials-fixtures-43,19189380000000.0,448350000.0,HOSE,https://research.mozyfin.com/company/VGC?tab=statement,2026-06-02T04:30:18.898Z
VHC,Vinh Hoan Corporation,Food & Beverage,Non-financial,farming-fishing-5,12211119169700.0,209453159.0,HOSE,https://research.mozyfin.com/company/VHC?tab=statement,2026-06-02T04:12:26.965Z
VHM,Vinhomes Joint Stock Company,Real Estate,Real Estate,real-estate-holding-development-160,624326624608000.0,4107412004.0,HOSE,https://research.mozyfin.com/company/VHM?tab=statement,2026-06-02T04:27:03.409Z
VIB,Viet Nam International Commercial Joint Stock Bank,Banks,Banks,banks-151,54804491931000.0,3404005710.0,HOSE,https://research.mozyfin.com/company/VIB?tab=statement,2026-06-02T04:17:18.973Z
VIC,VinGroup Joint Stock Company,Real Estate,Real Estate,real-estate-holding-development-160,1578965756817600.0,7706031024.0,HOSE,https://research.mozyfin.com/company/VIC?tab=statement,2026-06-02T04:12:59.432Z
VIX,VIX Securities Joint Stock Company,Financial Services,Securities,investment-services-154,43860151118800.0,2450287772.0,HOSE,https://research.mozyfin.com/company/VIX?tab=statement,2026-06-02T15:01:21.171Z
VJC,VietJet Aviation Joint Stock Company,Travel & Leisure,Non-financial,airlines-114,101165538114000.0,591611334.0,HOSE,https://research.mozyfin.com/company/VJC?tab=statement,2026-06-02T04:17:51.357Z
VND,VNDIRECT Securities Corporation,Financial Services,Securities,investment-services-154,26716363385400.0,1522299908.0,HOSE,https://research.mozyfin.com/company/VND?tab=statement,2026-06-02T15:01:46.575Z
VNM,Vietnam Dairy Products Joint Stock Company,Food & Beverage,Non-financial,food-products-87,123516366799500.0,2089955445.0,HOSE,https://research.mozyfin.com/company/VNM?tab=statement,2026-06-02T04:13:31.799Z
VPB,Vietnam Prosperity Joint Stock Commercial Bank,Banks,Banks,banks-151,213819241046950.0,7933923601.0,HOSE,https://research.mozyfin.com/company/VPB?tab=statement,2026-06-02T04:21:06.012Z
VPI,Van Phu Real Estate Development Joint Stock Company,Real Estate,Real Estate,real-estate-holding-development-160,20131118393300.0,320049577.0,HOSE,https://research.mozyfin.com/company/VPI?tab=statement,2026-06-02T04:22:10.816Z
VRE,Vincom Retail Joint Stock Company,Real Estate,Real Estate,real-estate-holding-development-160,70896334392000.0,2272318410.0,HOSE,https://research.mozyfin.com/company/VRE?tab=statement,2026-06-02T04:22:43.496Z
VSC,Viet Nam Container Shipping Joint Stock Company,Industrial Goods & Services,Non-financial,transportation-services-47,7431251685700.0,374370362.0,HOSE,https://research.mozyfin.com/company/VSC?tab=statement,2026-06-02T04:14:04.401Z
VTP,Viettel Post Joint Stock Corporation,Industrial Goods & Services,Non-financial,delivery-services-30,11292454310700.0,172931919.0,HOSE,https://research.mozyfin.com/company/VTP?tab=statement,2026-06-02T15:02:11.700Z
