date,tenor,yield_pct,source,scrape_run_id,scraped_at
2025-09-05,10Y,3.54,vbma_weekly:https://vbma.org.vn/storage/reports/September2025/25082025-05092025  BAO CAO TUAN TTTP.pdf,vbma_weekly_local-20260528T075604Z,2026-05-28T07:56:04Z
2025-09-05,15Y,3.62,vbma_weekly:https://vbma.org.vn/storage/reports/September2025/25082025-05092025  BAO CAO TUAN TTTP.pdf,vbma_weekly_local-20260528T075604Z,2026-05-28T07:56:04Z
2025-09-05,1Y,2.64,vbma_weekly:https://vbma.org.vn/storage/reports/September2025/25082025-05092025  BAO CAO TUAN TTTP.pdf,vbma_weekly_local-20260528T075604Z,2026-05-28T07:56:04Z
2025-09-05,20Y,3.68,vbma_weekly:https://vbma.org.vn/storage/reports/September2025/25082025-05092025  BAO CAO TUAN TTTP.pdf,vbma_weekly_local-20260528T075604Z,2026-05-28T07:56:04Z
2025-09-05,2Y,2.68,vbma_weekly:https://vbma.org.vn/storage/reports/September2025/25082025-05092025  BAO CAO TUAN TTTP.pdf,vbma_weekly_local-20260528T075604Z,2026-05-28T07:56:04Z
2025-09-05,30Y,3.77,vbma_weekly:https://vbma.org.vn/storage/reports/September2025/25082025-05092025  BAO CAO TUAN TTTP.pdf,vbma_weekly_local-20260528T075604Z,2026-05-28T07:56:04Z
2025-09-05,3Y,2.74,vbma_weekly:https://vbma.org.vn/storage/reports/September2025/25082025-05092025  BAO CAO TUAN TTTP.pdf,vbma_weekly_local-20260528T075604Z,2026-05-28T07:56:04Z
2025-09-05,5Y,3.01,vbma_weekly:https://vbma.org.vn/storage/reports/September2025/25082025-05092025  BAO CAO TUAN TTTP.pdf,vbma_weekly_local-20260528T075604Z,2026-05-28T07:56:04Z
2025-09-05,7Y,3.38,vbma_weekly:https://vbma.org.vn/storage/reports/September2025/25082025-05092025  BAO CAO TUAN TTTP.pdf,vbma_weekly_local-20260528T075604Z,2026-05-28T07:56:04Z
2025-09-12,10Y,3.55,vbma_weekly:https://vbma.org.vn/storage/reports/September2025/08092025-12092025  BAO CAO TUAN TTTP.pdf,vbma_weekly_local-20260528T075604Z,2026-05-28T07:56:04Z
2025-09-12,15Y,3.63,vbma_weekly:https://vbma.org.vn/storage/reports/September2025/08092025-12092025  BAO CAO TUAN TTTP.pdf,vbma_weekly_local-20260528T075604Z,2026-05-28T07:56:04Z
2025-09-12,1Y,2.66,vbma_weekly:https://vbma.org.vn/storage/reports/September2025/08092025-12092025  BAO CAO TUAN TTTP.pdf,vbma_weekly_local-20260528T075604Z,2026-05-28T07:56:04Z
2025-09-12,20Y,3.68,vbma_weekly:https://vbma.org.vn/storage/reports/September2025/08092025-12092025  BAO CAO TUAN TTTP.pdf,vbma_weekly_local-20260528T075604Z,2026-05-28T07:56:04Z
2025-09-12,2Y,2.7,vbma_weekly:https://vbma.org.vn/storage/reports/September2025/08092025-12092025  BAO CAO TUAN TTTP.pdf,vbma_weekly_local-20260528T075604Z,2026-05-28T07:56:04Z
2025-09-12,30Y,3.78,vbma_weekly:https://vbma.org.vn/storage/reports/September2025/08092025-12092025  BAO CAO TUAN TTTP.pdf,vbma_weekly_local-20260528T075604Z,2026-05-28T07:56:04Z
2025-09-12,3Y,2.76,vbma_weekly:https://vbma.org.vn/storage/reports/September2025/08092025-12092025  BAO CAO TUAN TTTP.pdf,vbma_weekly_local-20260528T075604Z,2026-05-28T07:56:04Z
2025-09-12,5Y,3.01,vbma_weekly:https://vbma.org.vn/storage/reports/September2025/08092025-12092025  BAO CAO TUAN TTTP.pdf,vbma_weekly_local-20260528T075604Z,2026-05-28T07:56:04Z
2025-09-12,7Y,3.37,vbma_weekly:https://vbma.org.vn/storage/reports/September2025/08092025-12092025  BAO CAO TUAN TTTP.pdf,vbma_weekly_local-20260528T075604Z,2026-05-28T07:56:04Z
2025-09-19,10Y,3.56,vbma_weekly:https://vbma.org.vn/storage/reports/September2025/15092025-19092025  BAO CAO TUAN TTTP.pdf,vbma_weekly_local-20260528T075604Z,2026-05-28T07:56:04Z
2025-09-19,15Y,3.65,vbma_weekly:https://vbma.org.vn/storage/reports/September2025/15092025-19092025  BAO CAO TUAN TTTP.pdf,vbma_weekly_local-20260528T075604Z,2026-05-28T07:56:04Z
2025-09-19,1Y,2.67,vbma_weekly:https://vbma.org.vn/storage/reports/September2025/15092025-19092025  BAO CAO TUAN TTTP.pdf,vbma_weekly_local-20260528T075604Z,2026-05-28T07:56:04Z
2025-09-19,20Y,3.69,vbma_weekly:https://vbma.org.vn/storage/reports/September2025/15092025-19092025  BAO CAO TUAN TTTP.pdf,vbma_weekly_local-20260528T075604Z,2026-05-28T07:56:04Z
2025-09-19,2Y,2.71,vbma_weekly:https://vbma.org.vn/storage/reports/September2025/15092025-19092025  BAO CAO TUAN TTTP.pdf,vbma_weekly_local-20260528T075604Z,2026-05-28T07:56:04Z
2025-09-19,30Y,3.79,vbma_weekly:https://vbma.org.vn/storage/reports/September2025/15092025-19092025  BAO CAO TUAN TTTP.pdf,vbma_weekly_local-20260528T075604Z,2026-05-28T07:56:04Z
2025-09-19,3Y,2.77,vbma_weekly:https://vbma.org.vn/storage/reports/September2025/15092025-19092025  BAO CAO TUAN TTTP.pdf,vbma_weekly_local-20260528T075604Z,2026-05-28T07:56:04Z
2025-09-19,5Y,3.01,vbma_weekly:https://vbma.org.vn/storage/reports/September2025/15092025-19092025  BAO CAO TUAN TTTP.pdf,vbma_weekly_local-20260528T075604Z,2026-05-28T07:56:04Z
2025-09-19,7Y,3.36,vbma_weekly:https://vbma.org.vn/storage/reports/September2025/15092025-19092025  BAO CAO TUAN TTTP.pdf,vbma_weekly_local-20260528T075604Z,2026-05-28T07:56:04Z
2025-09-26,10Y,3.59,vbma_weekly:https://vbma.org.vn/storage/reports/September2025/22092025-26092025  BAO CAO TUAN TTTP.pdf,vbma_weekly_local-20260528T075604Z,2026-05-28T07:56:04Z
2025-09-26,15Y,3.68,vbma_weekly:https://vbma.org.vn/storage/reports/September2025/22092025-26092025  BAO CAO TUAN TTTP.pdf,vbma_weekly_local-20260528T075604Z,2026-05-28T07:56:04Z
2025-09-26,1Y,2.69,vbma_weekly:https://vbma.org.vn/storage/reports/September2025/22092025-26092025  BAO CAO TUAN TTTP.pdf,vbma_weekly_local-20260528T075604Z,2026-05-28T07:56:04Z
2025-09-26,20Y,3.71,vbma_weekly:https://vbma.org.vn/storage/reports/September2025/22092025-26092025  BAO CAO TUAN TTTP.pdf,vbma_weekly_local-20260528T075604Z,2026-05-28T07:56:04Z
2025-09-26,2Y,2.73,vbma_weekly:https://vbma.org.vn/storage/reports/September2025/22092025-26092025  BAO CAO TUAN TTTP.pdf,vbma_weekly_local-20260528T075604Z,2026-05-28T07:56:04Z
2025-09-26,30Y,3.8,vbma_weekly:https://vbma.org.vn/storage/reports/September2025/22092025-26092025  BAO CAO TUAN TTTP.pdf,vbma_weekly_local-20260528T075604Z,2026-05-28T07:56:04Z
2025-09-26,3Y,2.79,vbma_weekly:https://vbma.org.vn/storage/reports/September2025/22092025-26092025  BAO CAO TUAN TTTP.pdf,vbma_weekly_local-20260528T075604Z,2026-05-28T07:56:04Z
2025-09-26,5Y,3.04,vbma_weekly:https://vbma.org.vn/storage/reports/September2025/22092025-26092025  BAO CAO TUAN TTTP.pdf,vbma_weekly_local-20260528T075604Z,2026-05-28T07:56:04Z
2025-09-26,7Y,3.37,vbma_weekly:https://vbma.org.vn/storage/reports/September2025/22092025-26092025  BAO CAO TUAN TTTP.pdf,vbma_weekly_local-20260528T075604Z,2026-05-28T07:56:04Z
2025-10-03,10Y,3.64,vbma_weekly:https://vbma.org.vn/storage/reports/December2025/29092025-03102025  BAO CAO TUAN TTTP.pdf,vbma_weekly_local-20260528T075604Z,2026-05-28T07:56:04Z
2025-10-03,15Y,3.72,vbma_weekly:https://vbma.org.vn/storage/reports/December2025/29092025-03102025  BAO CAO TUAN TTTP.pdf,vbma_weekly_local-20260528T075604Z,2026-05-28T07:56:04Z
2025-10-03,1Y,2.7,vbma_weekly:https://vbma.org.vn/storage/reports/December2025/29092025-03102025  BAO CAO TUAN TTTP.pdf,vbma_weekly_local-20260528T075604Z,2026-05-28T07:56:04Z
2025-10-03,20Y,3.74,vbma_weekly:https://vbma.org.vn/storage/reports/December2025/29092025-03102025  BAO CAO TUAN TTTP.pdf,vbma_weekly_local-20260528T075604Z,2026-05-28T07:56:04Z
2025-10-03,2Y,2.75,vbma_weekly:https://vbma.org.vn/storage/reports/December2025/29092025-03102025  BAO CAO TUAN TTTP.pdf,vbma_weekly_local-20260528T075604Z,2026-05-28T07:56:04Z
2025-10-03,30Y,3.82,vbma_weekly:https://vbma.org.vn/storage/reports/December2025/29092025-03102025  BAO CAO TUAN TTTP.pdf,vbma_weekly_local-20260528T075604Z,2026-05-28T07:56:04Z
2025-10-03,3Y,2.8,vbma_weekly:https://vbma.org.vn/storage/reports/December2025/29092025-03102025  BAO CAO TUAN TTTP.pdf,vbma_weekly_local-20260528T075604Z,2026-05-28T07:56:04Z
2025-10-03,5Y,3.07,vbma_weekly:https://vbma.org.vn/storage/reports/December2025/29092025-03102025  BAO CAO TUAN TTTP.pdf,vbma_weekly_local-20260528T075604Z,2026-05-28T07:56:04Z
2025-10-03,7Y,3.39,vbma_weekly:https://vbma.org.vn/storage/reports/December2025/29092025-03102025  BAO CAO TUAN TTTP.pdf,vbma_weekly_local-20260528T075604Z,2026-05-28T07:56:04Z
2025-10-10,10Y,3.69,vbma_weekly:https://vbma.org.vn/storage/reports/December2025/06102025-10102025%20%20BAO%20CAO%20TUAN%20TTTP.pdf,vbma_weekly_local-20260528T125059Z,2026-05-28T12:50:59Z
2025-10-10,15Y,3.76,vbma_weekly:https://vbma.org.vn/storage/reports/December2025/06102025-10102025%20%20BAO%20CAO%20TUAN%20TTTP.pdf,vbma_weekly_local-20260528T125059Z,2026-05-28T12:50:59Z
2025-10-10,1Y,2.72,vbma_weekly:https://vbma.org.vn/storage/reports/December2025/06102025-10102025%20%20BAO%20CAO%20TUAN%20TTTP.pdf,vbma_weekly_local-20260528T125059Z,2026-05-28T12:50:59Z
2025-10-10,20Y,3.77,vbma_weekly:https://vbma.org.vn/storage/reports/December2025/06102025-10102025%20%20BAO%20CAO%20TUAN%20TTTP.pdf,vbma_weekly_local-20260528T125059Z,2026-05-28T12:50:59Z
2025-10-10,2Y,2.77,vbma_weekly:https://vbma.org.vn/storage/reports/December2025/06102025-10102025%20%20BAO%20CAO%20TUAN%20TTTP.pdf,vbma_weekly_local-20260528T125059Z,2026-05-28T12:50:59Z
2025-10-10,30Y,3.84,vbma_weekly:https://vbma.org.vn/storage/reports/December2025/06102025-10102025%20%20BAO%20CAO%20TUAN%20TTTP.pdf,vbma_weekly_local-20260528T125059Z,2026-05-28T12:50:59Z
2025-10-10,3Y,2.83,vbma_weekly:https://vbma.org.vn/storage/reports/December2025/06102025-10102025%20%20BAO%20CAO%20TUAN%20TTTP.pdf,vbma_weekly_local-20260528T125059Z,2026-05-28T12:50:59Z
2025-10-10,5Y,3.1,vbma_weekly:https://vbma.org.vn/storage/reports/December2025/06102025-10102025%20%20BAO%20CAO%20TUAN%20TTTP.pdf,vbma_weekly_local-20260528T125059Z,2026-05-28T12:50:59Z
2025-10-10,7Y,3.41,vbma_weekly:https://vbma.org.vn/storage/reports/December2025/06102025-10102025%20%20BAO%20CAO%20TUAN%20TTTP.pdf,vbma_weekly_local-20260528T125059Z,2026-05-28T12:50:59Z
2025-10-17,10Y,3.74,vbma_weekly:https://vbma.org.vn/storage/reports/December2025/13102025-17102025%20%20BAO%20CAO%20TUAN%20TTTP.pdf,vbma_weekly_local-20260528T125059Z,2026-05-28T12:50:59Z
2025-10-17,15Y,3.8,vbma_weekly:https://vbma.org.vn/storage/reports/December2025/13102025-17102025%20%20BAO%20CAO%20TUAN%20TTTP.pdf,vbma_weekly_local-20260528T125059Z,2026-05-28T12:50:59Z
2025-10-17,1Y,2.74,vbma_weekly:https://vbma.org.vn/storage/reports/December2025/13102025-17102025%20%20BAO%20CAO%20TUAN%20TTTP.pdf,vbma_weekly_local-20260528T125059Z,2026-05-28T12:50:59Z
2025-10-17,20Y,3.82,vbma_weekly:https://vbma.org.vn/storage/reports/December2025/13102025-17102025%20%20BAO%20CAO%20TUAN%20TTTP.pdf,vbma_weekly_local-20260528T125059Z,2026-05-28T12:50:59Z
2025-10-17,2Y,2.78,vbma_weekly:https://vbma.org.vn/storage/reports/December2025/13102025-17102025%20%20BAO%20CAO%20TUAN%20TTTP.pdf,vbma_weekly_local-20260528T125059Z,2026-05-28T12:50:59Z
2025-10-17,30Y,3.88,vbma_weekly:https://vbma.org.vn/storage/reports/December2025/13102025-17102025%20%20BAO%20CAO%20TUAN%20TTTP.pdf,vbma_weekly_local-20260528T125059Z,2026-05-28T12:50:59Z
2025-10-17,3Y,2.85,vbma_weekly:https://vbma.org.vn/storage/reports/December2025/13102025-17102025%20%20BAO%20CAO%20TUAN%20TTTP.pdf,vbma_weekly_local-20260528T125059Z,2026-05-28T12:50:59Z
2025-10-17,5Y,3.14,vbma_weekly:https://vbma.org.vn/storage/reports/December2025/13102025-17102025%20%20BAO%20CAO%20TUAN%20TTTP.pdf,vbma_weekly_local-20260528T125059Z,2026-05-28T12:50:59Z
2025-10-17,7Y,3.41,vbma_weekly:https://vbma.org.vn/storage/reports/December2025/13102025-17102025%20%20BAO%20CAO%20TUAN%20TTTP.pdf,vbma_weekly_local-20260528T125059Z,2026-05-28T12:50:59Z
2025-10-24,10Y,3.78,vbma_weekly:https://vbma.org.vn/storage/reports/December2025/20102025-24102025%20%20BAO%20CAO%20TUAN%20TTTP.pdf,vbma_weekly_local-20260528T125059Z,2026-05-28T12:50:59Z
2025-10-24,15Y,3.84,vbma_weekly:https://vbma.org.vn/storage/reports/December2025/20102025-24102025%20%20BAO%20CAO%20TUAN%20TTTP.pdf,vbma_weekly_local-20260528T125059Z,2026-05-28T12:50:59Z
2025-10-24,1Y,2.78,vbma_weekly:https://vbma.org.vn/storage/reports/December2025/20102025-24102025%20%20BAO%20CAO%20TUAN%20TTTP.pdf,vbma_weekly_local-20260528T125059Z,2026-05-28T12:50:59Z
2025-10-24,20Y,3.85,vbma_weekly:https://vbma.org.vn/storage/reports/December2025/20102025-24102025%20%20BAO%20CAO%20TUAN%20TTTP.pdf,vbma_weekly_local-20260528T125059Z,2026-05-28T12:50:59Z
2025-10-24,2Y,2.82,vbma_weekly:https://vbma.org.vn/storage/reports/December2025/20102025-24102025%20%20BAO%20CAO%20TUAN%20TTTP.pdf,vbma_weekly_local-20260528T125059Z,2026-05-28T12:50:59Z
2025-10-24,30Y,3.91,vbma_weekly:https://vbma.org.vn/storage/reports/December2025/20102025-24102025%20%20BAO%20CAO%20TUAN%20TTTP.pdf,vbma_weekly_local-20260528T125059Z,2026-05-28T12:50:59Z
2025-10-24,3Y,2.89,vbma_weekly:https://vbma.org.vn/storage/reports/December2025/20102025-24102025%20%20BAO%20CAO%20TUAN%20TTTP.pdf,vbma_weekly_local-20260528T125059Z,2026-05-28T12:50:59Z
2025-10-24,5Y,3.16,vbma_weekly:https://vbma.org.vn/storage/reports/December2025/20102025-24102025%20%20BAO%20CAO%20TUAN%20TTTP.pdf,vbma_weekly_local-20260528T125059Z,2026-05-28T12:50:59Z
2025-10-24,7Y,3.43,vbma_weekly:https://vbma.org.vn/storage/reports/December2025/20102025-24102025%20%20BAO%20CAO%20TUAN%20TTTP.pdf,vbma_weekly_local-20260528T125059Z,2026-05-28T12:50:59Z
2025-10-31,10Y,3.8,vbma_weekly:https://vbma.org.vn/storage/reports/December2025/27102025-31102025%20%20BAO%20CAO%20TUAN%20TTTP.pdf,vbma_weekly_local-20260528T125059Z,2026-05-28T12:50:59Z
2025-10-31,15Y,3.88,vbma_weekly:https://vbma.org.vn/storage/reports/December2025/27102025-31102025%20%20BAO%20CAO%20TUAN%20TTTP.pdf,vbma_weekly_local-20260528T125059Z,2026-05-28T12:50:59Z
2025-10-31,1Y,2.79,vbma_weekly:https://vbma.org.vn/storage/reports/December2025/27102025-31102025%20%20BAO%20CAO%20TUAN%20TTTP.pdf,vbma_weekly_local-20260528T125059Z,2026-05-28T12:50:59Z
2025-10-31,20Y,3.87,vbma_weekly:https://vbma.org.vn/storage/reports/December2025/27102025-31102025%20%20BAO%20CAO%20TUAN%20TTTP.pdf,vbma_weekly_local-20260528T125059Z,2026-05-28T12:50:59Z
2025-10-31,2Y,2.84,vbma_weekly:https://vbma.org.vn/storage/reports/December2025/27102025-31102025%20%20BAO%20CAO%20TUAN%20TTTP.pdf,vbma_weekly_local-20260528T125059Z,2026-05-28T12:50:59Z
2025-10-31,30Y,3.94,vbma_weekly:https://vbma.org.vn/storage/reports/December2025/27102025-31102025%20%20BAO%20CAO%20TUAN%20TTTP.pdf,vbma_weekly_local-20260528T125059Z,2026-05-28T12:50:59Z
2025-10-31,3Y,2.91,vbma_weekly:https://vbma.org.vn/storage/reports/December2025/27102025-31102025%20%20BAO%20CAO%20TUAN%20TTTP.pdf,vbma_weekly_local-20260528T125059Z,2026-05-28T12:50:59Z
2025-10-31,5Y,3.16,vbma_weekly:https://vbma.org.vn/storage/reports/December2025/27102025-31102025%20%20BAO%20CAO%20TUAN%20TTTP.pdf,vbma_weekly_local-20260528T125059Z,2026-05-28T12:50:59Z
2025-10-31,7Y,3.42,vbma_weekly:https://vbma.org.vn/storage/reports/December2025/27102025-31102025%20%20BAO%20CAO%20TUAN%20TTTP.pdf,vbma_weekly_local-20260528T125059Z,2026-05-28T12:50:59Z
2025-11-07,10Y,3.83,vbma_weekly:https://vbma.org.vn/storage/reports/December2025/03112025-07112025%20%20BAO%20CAO%20TUAN%20TTTP.pdf,vbma_weekly_local-20260528T125059Z,2026-05-28T12:50:59Z
2025-11-07,15Y,3.9,vbma_weekly:https://vbma.org.vn/storage/reports/December2025/03112025-07112025%20%20BAO%20CAO%20TUAN%20TTTP.pdf,vbma_weekly_local-20260528T125059Z,2026-05-28T12:50:59Z
2025-11-07,1Y,2.79,vbma_weekly:https://vbma.org.vn/storage/reports/December2025/03112025-07112025%20%20BAO%20CAO%20TUAN%20TTTP.pdf,vbma_weekly_local-20260528T125059Z,2026-05-28T12:50:59Z
2025-11-07,20Y,3.9,vbma_weekly:https://vbma.org.vn/storage/reports/December2025/03112025-07112025%20%20BAO%20CAO%20TUAN%20TTTP.pdf,vbma_weekly_local-20260528T125059Z,2026-05-28T12:50:59Z
2025-11-07,2Y,2.84,vbma_weekly:https://vbma.org.vn/storage/reports/December2025/03112025-07112025%20%20BAO%20CAO%20TUAN%20TTTP.pdf,vbma_weekly_local-20260528T125059Z,2026-05-28T12:50:59Z
2025-11-07,30Y,3.97,vbma_weekly:https://vbma.org.vn/storage/reports/December2025/03112025-07112025%20%20BAO%20CAO%20TUAN%20TTTP.pdf,vbma_weekly_local-20260528T125059Z,2026-05-28T12:50:59Z
2025-11-07,3Y,2.91,vbma_weekly:https://vbma.org.vn/storage/reports/December2025/03112025-07112025%20%20BAO%20CAO%20TUAN%20TTTP.pdf,vbma_weekly_local-20260528T125059Z,2026-05-28T12:50:59Z
2025-11-07,5Y,3.17,vbma_weekly:https://vbma.org.vn/storage/reports/December2025/03112025-07112025%20%20BAO%20CAO%20TUAN%20TTTP.pdf,vbma_weekly_local-20260528T125059Z,2026-05-28T12:50:59Z
2025-11-07,7Y,3.43,vbma_weekly:https://vbma.org.vn/storage/reports/December2025/03112025-07112025%20%20BAO%20CAO%20TUAN%20TTTP.pdf,vbma_weekly_local-20260528T125059Z,2026-05-28T12:50:59Z
2025-11-14,10Y,3.85,vbma_weekly:https://vbma.org.vn/storage/reports/December2025/10112025-14112025%20%20BAO%20CAO%20TUAN%20TTTP.pdf,vbma_weekly_local-20260528T125059Z,2026-05-28T12:50:59Z
2025-11-14,15Y,3.93,vbma_weekly:https://vbma.org.vn/storage/reports/December2025/10112025-14112025%20%20BAO%20CAO%20TUAN%20TTTP.pdf,vbma_weekly_local-20260528T125059Z,2026-05-28T12:50:59Z
2025-11-14,1Y,2.84,vbma_weekly:https://vbma.org.vn/storage/reports/December2025/10112025-14112025%20%20BAO%20CAO%20TUAN%20TTTP.pdf,vbma_weekly_local-20260528T125059Z,2026-05-28T12:50:59Z
2025-11-14,20Y,3.96,vbma_weekly:https://vbma.org.vn/storage/reports/December2025/10112025-14112025%20%20BAO%20CAO%20TUAN%20TTTP.pdf,vbma_weekly_local-20260528T125059Z,2026-05-28T12:50:59Z
2025-11-14,2Y,2.87,vbma_weekly:https://vbma.org.vn/storage/reports/December2025/10112025-14112025%20%20BAO%20CAO%20TUAN%20TTTP.pdf,vbma_weekly_local-20260528T125059Z,2026-05-28T12:50:59Z
2025-11-14,30Y,4.02,vbma_weekly:https://vbma.org.vn/storage/reports/December2025/10112025-14112025%20%20BAO%20CAO%20TUAN%20TTTP.pdf,vbma_weekly_local-20260528T125059Z,2026-05-28T12:50:59Z
2025-11-14,3Y,2.93,vbma_weekly:https://vbma.org.vn/storage/reports/December2025/10112025-14112025%20%20BAO%20CAO%20TUAN%20TTTP.pdf,vbma_weekly_local-20260528T125059Z,2026-05-28T12:50:59Z
2025-11-14,5Y,3.18,vbma_weekly:https://vbma.org.vn/storage/reports/December2025/10112025-14112025%20%20BAO%20CAO%20TUAN%20TTTP.pdf,vbma_weekly_local-20260528T125059Z,2026-05-28T12:50:59Z
2025-11-14,7Y,3.44,vbma_weekly:https://vbma.org.vn/storage/reports/December2025/10112025-14112025%20%20BAO%20CAO%20TUAN%20TTTP.pdf,vbma_weekly_local-20260528T125059Z,2026-05-28T12:50:59Z
2025-11-21,10Y,3.86,vbma_weekly:https://vbma.org.vn/storage/reports/December2025/17112025-21112025%20%20BAO%20CAO%20TUAN%20TTTP.pdf,vbma_weekly_local-20260528T125059Z,2026-05-28T12:50:59Z
2025-11-21,15Y,3.95,vbma_weekly:https://vbma.org.vn/storage/reports/December2025/17112025-21112025%20%20BAO%20CAO%20TUAN%20TTTP.pdf,vbma_weekly_local-20260528T125059Z,2026-05-28T12:50:59Z
2025-11-21,1Y,2.85,vbma_weekly:https://vbma.org.vn/storage/reports/December2025/17112025-21112025%20%20BAO%20CAO%20TUAN%20TTTP.pdf,vbma_weekly_local-20260528T125059Z,2026-05-28T12:50:59Z
2025-11-21,20Y,3.98,vbma_weekly:https://vbma.org.vn/storage/reports/December2025/17112025-21112025%20%20BAO%20CAO%20TUAN%20TTTP.pdf,vbma_weekly_local-20260528T125059Z,2026-05-28T12:50:59Z
2025-11-21,2Y,2.88,vbma_weekly:https://vbma.org.vn/storage/reports/December2025/17112025-21112025%20%20BAO%20CAO%20TUAN%20TTTP.pdf,vbma_weekly_local-20260528T125059Z,2026-05-28T12:50:59Z
2025-11-21,30Y,4.04,vbma_weekly:https://vbma.org.vn/storage/reports/December2025/17112025-21112025%20%20BAO%20CAO%20TUAN%20TTTP.pdf,vbma_weekly_local-20260528T125059Z,2026-05-28T12:50:59Z
2025-11-21,3Y,2.95,vbma_weekly:https://vbma.org.vn/storage/reports/December2025/17112025-21112025%20%20BAO%20CAO%20TUAN%20TTTP.pdf,vbma_weekly_local-20260528T125059Z,2026-05-28T12:50:59Z
2025-11-21,5Y,3.18,vbma_weekly:https://vbma.org.vn/storage/reports/December2025/17112025-21112025%20%20BAO%20CAO%20TUAN%20TTTP.pdf,vbma_weekly_local-20260528T125059Z,2026-05-28T12:50:59Z
2025-11-21,7Y,3.44,vbma_weekly:https://vbma.org.vn/storage/reports/December2025/17112025-21112025%20%20BAO%20CAO%20TUAN%20TTTP.pdf,vbma_weekly_local-20260528T125059Z,2026-05-28T12:50:59Z
2025-11-28,10Y,3.88,vbma_weekly:https://vbma.org.vn/storage/reports/December2025/24112025-28112025%20%20BAO%20CAO%20TUAN%20TTTP.pdf,vbma_weekly_local-20260528T125059Z,2026-05-28T12:50:59Z
2025-11-28,15Y,3.95,vbma_weekly:https://vbma.org.vn/storage/reports/December2025/24112025-28112025%20%20BAO%20CAO%20TUAN%20TTTP.pdf,vbma_weekly_local-20260528T125059Z,2026-05-28T12:50:59Z
2025-11-28,1Y,2.86,vbma_weekly:https://vbma.org.vn/storage/reports/December2025/24112025-28112025%20%20BAO%20CAO%20TUAN%20TTTP.pdf,vbma_weekly_local-20260528T125059Z,2026-05-28T12:50:59Z
2025-11-28,20Y,3.98,vbma_weekly:https://vbma.org.vn/storage/reports/December2025/24112025-28112025%20%20BAO%20CAO%20TUAN%20TTTP.pdf,vbma_weekly_local-20260528T125059Z,2026-05-28T12:50:59Z
2025-11-28,2Y,2.9,vbma_weekly:https://vbma.org.vn/storage/reports/December2025/24112025-28112025%20%20BAO%20CAO%20TUAN%20TTTP.pdf,vbma_weekly_local-20260528T125059Z,2026-05-28T12:50:59Z
2025-11-28,30Y,4.04,vbma_weekly:https://vbma.org.vn/storage/reports/December2025/24112025-28112025%20%20BAO%20CAO%20TUAN%20TTTP.pdf,vbma_weekly_local-20260528T125059Z,2026-05-28T12:50:59Z
2025-11-28,3Y,2.97,vbma_weekly:https://vbma.org.vn/storage/reports/December2025/24112025-28112025%20%20BAO%20CAO%20TUAN%20TTTP.pdf,vbma_weekly_local-20260528T125059Z,2026-05-28T12:50:59Z
2025-11-28,5Y,3.19,vbma_weekly:https://vbma.org.vn/storage/reports/December2025/24112025-28112025%20%20BAO%20CAO%20TUAN%20TTTP.pdf,vbma_weekly_local-20260528T125059Z,2026-05-28T12:50:59Z
2025-11-28,7Y,3.44,vbma_weekly:https://vbma.org.vn/storage/reports/December2025/24112025-28112025%20%20BAO%20CAO%20TUAN%20TTTP.pdf,vbma_weekly_local-20260528T125059Z,2026-05-28T12:50:59Z
2025-12-05,10Y,3.93,vbma_weekly:https://vbma.org.vn/storage/reports/December2025/01122025-05122025%20%20BAO%20CAO%20TUAN%20TTTP.pdf,vbma_weekly_local-20260528T125059Z,2026-05-28T12:50:59Z
2025-12-05,15Y,4.0,vbma_weekly:https://vbma.org.vn/storage/reports/December2025/01122025-05122025%20%20BAO%20CAO%20TUAN%20TTTP.pdf,vbma_weekly_local-20260528T125059Z,2026-05-28T12:50:59Z
2025-12-05,1Y,2.88,vbma_weekly:https://vbma.org.vn/storage/reports/December2025/01122025-05122025%20%20BAO%20CAO%20TUAN%20TTTP.pdf,vbma_weekly_local-20260528T125059Z,2026-05-28T12:50:59Z
2025-12-05,20Y,4.01,vbma_weekly:https://vbma.org.vn/storage/reports/December2025/01122025-05122025%20%20BAO%20CAO%20TUAN%20TTTP.pdf,vbma_weekly_local-20260528T125059Z,2026-05-28T12:50:59Z
2025-12-05,2Y,2.92,vbma_weekly:https://vbma.org.vn/storage/reports/December2025/01122025-05122025%20%20BAO%20CAO%20TUAN%20TTTP.pdf,vbma_weekly_local-20260528T125059Z,2026-05-28T12:50:59Z
2025-12-05,30Y,4.07,vbma_weekly:https://vbma.org.vn/storage/reports/December2025/01122025-05122025%20%20BAO%20CAO%20TUAN%20TTTP.pdf,vbma_weekly_local-20260528T125059Z,2026-05-28T12:50:59Z
2025-12-05,3Y,2.99,vbma_weekly:https://vbma.org.vn/storage/reports/December2025/01122025-05122025%20%20BAO%20CAO%20TUAN%20TTTP.pdf,vbma_weekly_local-20260528T125059Z,2026-05-28T12:50:59Z
2025-12-05,5Y,3.19,vbma_weekly:https://vbma.org.vn/storage/reports/December2025/01122025-05122025%20%20BAO%20CAO%20TUAN%20TTTP.pdf,vbma_weekly_local-20260528T125059Z,2026-05-28T12:50:59Z
2025-12-05,7Y,3.45,vbma_weekly:https://vbma.org.vn/storage/reports/December2025/01122025-05122025%20%20BAO%20CAO%20TUAN%20TTTP.pdf,vbma_weekly_local-20260528T125059Z,2026-05-28T12:50:59Z
2025-12-12,10Y,3.97,vbma_weekly:https://vbma.org.vn/storage/reports/December2025/08122025-12122025%20%20BAO%20CAO%20TUAN%20TTTP.pdf,vbma_weekly_local-20260528T125059Z,2026-05-28T12:50:59Z
2025-12-12,15Y,4.04,vbma_weekly:https://vbma.org.vn/storage/reports/December2025/08122025-12122025%20%20BAO%20CAO%20TUAN%20TTTP.pdf,vbma_weekly_local-20260528T125059Z,2026-05-28T12:50:59Z
2025-12-12,1Y,2.91,vbma_weekly:https://vbma.org.vn/storage/reports/December2025/08122025-12122025%20%20BAO%20CAO%20TUAN%20TTTP.pdf,vbma_weekly_local-20260528T125059Z,2026-05-28T12:50:59Z
2025-12-12,20Y,4.06,vbma_weekly:https://vbma.org.vn/storage/reports/December2025/08122025-12122025%20%20BAO%20CAO%20TUAN%20TTTP.pdf,vbma_weekly_local-20260528T125059Z,2026-05-28T12:50:59Z
2025-12-12,2Y,2.96,vbma_weekly:https://vbma.org.vn/storage/reports/December2025/08122025-12122025%20%20BAO%20CAO%20TUAN%20TTTP.pdf,vbma_weekly_local-20260528T125059Z,2026-05-28T12:50:59Z
2025-12-12,30Y,4.11,vbma_weekly:https://vbma.org.vn/storage/reports/December2025/08122025-12122025%20%20BAO%20CAO%20TUAN%20TTTP.pdf,vbma_weekly_local-20260528T125059Z,2026-05-28T12:50:59Z
2025-12-12,3Y,3.02,vbma_weekly:https://vbma.org.vn/storage/reports/December2025/08122025-12122025%20%20BAO%20CAO%20TUAN%20TTTP.pdf,vbma_weekly_local-20260528T125059Z,2026-05-28T12:50:59Z
2025-12-12,5Y,3.21,vbma_weekly:https://vbma.org.vn/storage/reports/December2025/08122025-12122025%20%20BAO%20CAO%20TUAN%20TTTP.pdf,vbma_weekly_local-20260528T125059Z,2026-05-28T12:50:59Z
2025-12-12,7Y,3.47,vbma_weekly:https://vbma.org.vn/storage/reports/December2025/08122025-12122025%20%20BAO%20CAO%20TUAN%20TTTP.pdf,vbma_weekly_local-20260528T125059Z,2026-05-28T12:50:59Z
2025-12-19,10Y,3.99,vbma_weekly:https://vbma.org.vn/storage/reports/December2025/15122025-19122025%20%20BAO%20CAO%20TUAN%20TTTP.pdf,vbma_weekly_local-20260528T125059Z,2026-05-28T12:50:59Z
2025-12-19,15Y,4.06,vbma_weekly:https://vbma.org.vn/storage/reports/December2025/15122025-19122025%20%20BAO%20CAO%20TUAN%20TTTP.pdf,vbma_weekly_local-20260528T125059Z,2026-05-28T12:50:59Z
2025-12-19,1Y,2.91,vbma_weekly:https://vbma.org.vn/storage/reports/December2025/15122025-19122025%20%20BAO%20CAO%20TUAN%20TTTP.pdf,vbma_weekly_local-20260528T125059Z,2026-05-28T12:50:59Z
2025-12-19,20Y,4.08,vbma_weekly:https://vbma.org.vn/storage/reports/December2025/15122025-19122025%20%20BAO%20CAO%20TUAN%20TTTP.pdf,vbma_weekly_local-20260528T125059Z,2026-05-28T12:50:59Z
2025-12-19,2Y,2.96,vbma_weekly:https://vbma.org.vn/storage/reports/December2025/15122025-19122025%20%20BAO%20CAO%20TUAN%20TTTP.pdf,vbma_weekly_local-20260528T125059Z,2026-05-28T12:50:59Z
2025-12-19,30Y,4.13,vbma_weekly:https://vbma.org.vn/storage/reports/December2025/15122025-19122025%20%20BAO%20CAO%20TUAN%20TTTP.pdf,vbma_weekly_local-20260528T125059Z,2026-05-28T12:50:59Z
2025-12-19,3Y,3.02,vbma_weekly:https://vbma.org.vn/storage/reports/December2025/15122025-19122025%20%20BAO%20CAO%20TUAN%20TTTP.pdf,vbma_weekly_local-20260528T125059Z,2026-05-28T12:50:59Z
2025-12-19,5Y,3.22,vbma_weekly:https://vbma.org.vn/storage/reports/December2025/15122025-19122025%20%20BAO%20CAO%20TUAN%20TTTP.pdf,vbma_weekly_local-20260528T125059Z,2026-05-28T12:50:59Z
2025-12-19,7Y,3.48,vbma_weekly:https://vbma.org.vn/storage/reports/December2025/15122025-19122025%20%20BAO%20CAO%20TUAN%20TTTP.pdf,vbma_weekly_local-20260528T125059Z,2026-05-28T12:50:59Z
2025-12-26,10Y,4.02,vbma_weekly:https://vbma.org.vn/storage/reports/January2026/22122025-26122025%20%20BAO%20CAO%20TUAN%20TTTP.pdf,vbma_weekly_local-20260528T125059Z,2026-05-28T12:50:59Z
2025-12-26,15Y,4.08,vbma_weekly:https://vbma.org.vn/storage/reports/January2026/22122025-26122025%20%20BAO%20CAO%20TUAN%20TTTP.pdf,vbma_weekly_local-20260528T125059Z,2026-05-28T12:50:59Z
2025-12-26,1Y,2.92,vbma_weekly:https://vbma.org.vn/storage/reports/January2026/22122025-26122025%20%20BAO%20CAO%20TUAN%20TTTP.pdf,vbma_weekly_local-20260528T125059Z,2026-05-28T12:50:59Z
2025-12-26,20Y,4.09,vbma_weekly:https://vbma.org.vn/storage/reports/January2026/22122025-26122025%20%20BAO%20CAO%20TUAN%20TTTP.pdf,vbma_weekly_local-20260528T125059Z,2026-05-28T12:50:59Z
2025-12-26,2Y,2.97,vbma_weekly:https://vbma.org.vn/storage/reports/January2026/22122025-26122025%20%20BAO%20CAO%20TUAN%20TTTP.pdf,vbma_weekly_local-20260528T125059Z,2026-05-28T12:50:59Z
2025-12-26,30Y,4.14,vbma_weekly:https://vbma.org.vn/storage/reports/January2026/22122025-26122025%20%20BAO%20CAO%20TUAN%20TTTP.pdf,vbma_weekly_local-20260528T125059Z,2026-05-28T12:50:59Z
2025-12-26,3Y,3.03,vbma_weekly:https://vbma.org.vn/storage/reports/January2026/22122025-26122025%20%20BAO%20CAO%20TUAN%20TTTP.pdf,vbma_weekly_local-20260528T125059Z,2026-05-28T12:50:59Z
2025-12-26,5Y,3.23,vbma_weekly:https://vbma.org.vn/storage/reports/January2026/22122025-26122025%20%20BAO%20CAO%20TUAN%20TTTP.pdf,vbma_weekly_local-20260528T125059Z,2026-05-28T12:50:59Z
2025-12-26,7Y,3.49,vbma_weekly:https://vbma.org.vn/storage/reports/January2026/22122025-26122025%20%20BAO%20CAO%20TUAN%20TTTP.pdf,vbma_weekly_local-20260528T125059Z,2026-05-28T12:50:59Z
2026-01-09,10Y,4.1,vbma_weekly:https://vbma.org.vn/storage/reports/January2026/29122025-10012026%20%20BAO%20CAO%20TUAN%20TTTP.pdf,vbma_weekly_local-20260528T125059Z,2026-05-28T12:50:59Z
2026-01-09,15Y,4.17,vbma_weekly:https://vbma.org.vn/storage/reports/January2026/29122025-10012026%20%20BAO%20CAO%20TUAN%20TTTP.pdf,vbma_weekly_local-20260528T125059Z,2026-05-28T12:50:59Z
2026-01-09,1Y,2.97,vbma_weekly:https://vbma.org.vn/storage/reports/January2026/29122025-10012026%20%20BAO%20CAO%20TUAN%20TTTP.pdf,vbma_weekly_local-20260528T125059Z,2026-05-28T12:50:59Z
2026-01-09,20Y,4.17,vbma_weekly:https://vbma.org.vn/storage/reports/January2026/29122025-10012026%20%20BAO%20CAO%20TUAN%20TTTP.pdf,vbma_weekly_local-20260528T125059Z,2026-05-28T12:50:59Z
2026-01-09,2Y,3.03,vbma_weekly:https://vbma.org.vn/storage/reports/January2026/29122025-10012026%20%20BAO%20CAO%20TUAN%20TTTP.pdf,vbma_weekly_local-20260528T125059Z,2026-05-28T12:50:59Z
2026-01-09,30Y,4.22,vbma_weekly:https://vbma.org.vn/storage/reports/January2026/29122025-10012026%20%20BAO%20CAO%20TUAN%20TTTP.pdf,vbma_weekly_local-20260528T125059Z,2026-05-28T12:50:59Z
2026-01-09,3Y,3.09,vbma_weekly:https://vbma.org.vn/storage/reports/January2026/29122025-10012026%20%20BAO%20CAO%20TUAN%20TTTP.pdf,vbma_weekly_local-20260528T125059Z,2026-05-28T12:50:59Z
2026-01-09,5Y,3.37,vbma_weekly:https://vbma.org.vn/storage/reports/January2026/29122025-10012026%20%20BAO%20CAO%20TUAN%20TTTP.pdf,vbma_weekly_local-20260528T125059Z,2026-05-28T12:50:59Z
2026-01-09,7Y,3.55,vbma_weekly:https://vbma.org.vn/storage/reports/January2026/29122025-10012026%20%20BAO%20CAO%20TUAN%20TTTP.pdf,vbma_weekly_local-20260528T125059Z,2026-05-28T12:50:59Z
2026-01-16,10Y,4.14,vbma_weekly:https://vbma.org.vn/storage/reports/February2026/12012026-16012026%20%20BAO%20CAO%20TUAN%20TTTP.pdf,vbma_weekly_local-20260528T125059Z,2026-05-28T12:50:59Z
2026-01-16,15Y,4.24,vbma_weekly:https://vbma.org.vn/storage/reports/February2026/12012026-16012026%20%20BAO%20CAO%20TUAN%20TTTP.pdf,vbma_weekly_local-20260528T125059Z,2026-05-28T12:50:59Z
2026-01-16,1Y,3.01,vbma_weekly:https://vbma.org.vn/storage/reports/February2026/12012026-16012026%20%20BAO%20CAO%20TUAN%20TTTP.pdf,vbma_weekly_local-20260528T125059Z,2026-05-28T12:50:59Z
2026-01-16,20Y,4.29,vbma_weekly:https://vbma.org.vn/storage/reports/February2026/12012026-16012026%20%20BAO%20CAO%20TUAN%20TTTP.pdf,vbma_weekly_local-20260528T125059Z,2026-05-28T12:50:59Z
2026-01-16,2Y,3.1,vbma_weekly:https://vbma.org.vn/storage/reports/February2026/12012026-16012026%20%20BAO%20CAO%20TUAN%20TTTP.pdf,vbma_weekly_local-20260528T125059Z,2026-05-28T12:50:59Z
2026-01-16,30Y,4.34,vbma_weekly:https://vbma.org.vn/storage/reports/February2026/12012026-16012026%20%20BAO%20CAO%20TUAN%20TTTP.pdf,vbma_weekly_local-20260528T125059Z,2026-05-28T12:50:59Z
2026-01-16,3Y,3.14,vbma_weekly:https://vbma.org.vn/storage/reports/February2026/12012026-16012026%20%20BAO%20CAO%20TUAN%20TTTP.pdf,vbma_weekly_local-20260528T125059Z,2026-05-28T12:50:59Z
2026-01-16,5Y,3.58,vbma_weekly:https://vbma.org.vn/storage/reports/February2026/12012026-16012026%20%20BAO%20CAO%20TUAN%20TTTP.pdf,vbma_weekly_local-20260528T125059Z,2026-05-28T12:50:59Z
2026-01-16,7Y,3.65,vbma_weekly:https://vbma.org.vn/storage/reports/February2026/12012026-16012026%20%20BAO%20CAO%20TUAN%20TTTP.pdf,vbma_weekly_local-20260528T125059Z,2026-05-28T12:50:59Z
2026-01-23,10Y,4.07,vbma_weekly:https://vbma.org.vn/storage/reports/February2026/19012026-23012026%20%20BAO%20CAO%20TUAN%20TTTP.pdf,vbma_weekly_local-20260528T125059Z,2026-05-28T12:50:59Z
2026-01-23,15Y,4.2,vbma_weekly:https://vbma.org.vn/storage/reports/February2026/19012026-23012026%20%20BAO%20CAO%20TUAN%20TTTP.pdf,vbma_weekly_local-20260528T125059Z,2026-05-28T12:50:59Z
2026-01-23,1Y,2.99,vbma_weekly:https://vbma.org.vn/storage/reports/February2026/19012026-23012026%20%20BAO%20CAO%20TUAN%20TTTP.pdf,vbma_weekly_local-20260528T125059Z,2026-05-28T12:50:59Z
2026-01-23,20Y,4.3,vbma_weekly:https://vbma.org.vn/storage/reports/February2026/19012026-23012026%20%20BAO%20CAO%20TUAN%20TTTP.pdf,vbma_weekly_local-20260528T125059Z,2026-05-28T12:50:59Z
2026-01-23,2Y,3.11,vbma_weekly:https://vbma.org.vn/storage/reports/February2026/19012026-23012026%20%20BAO%20CAO%20TUAN%20TTTP.pdf,vbma_weekly_local-20260528T125059Z,2026-05-28T12:50:59Z
2026-01-23,30Y,4.34,vbma_weekly:https://vbma.org.vn/storage/reports/February2026/19012026-23012026%20%20BAO%20CAO%20TUAN%20TTTP.pdf,vbma_weekly_local-20260528T125059Z,2026-05-28T12:50:59Z
2026-01-23,3Y,3.15,vbma_weekly:https://vbma.org.vn/storage/reports/February2026/19012026-23012026%20%20BAO%20CAO%20TUAN%20TTTP.pdf,vbma_weekly_local-20260528T125059Z,2026-05-28T12:50:59Z
2026-01-23,5Y,3.62,vbma_weekly:https://vbma.org.vn/storage/reports/February2026/19012026-23012026%20%20BAO%20CAO%20TUAN%20TTTP.pdf,vbma_weekly_local-20260528T125059Z,2026-05-28T12:50:59Z
2026-01-23,7Y,3.7,vbma_weekly:https://vbma.org.vn/storage/reports/February2026/19012026-23012026%20%20BAO%20CAO%20TUAN%20TTTP.pdf,vbma_weekly_local-20260528T125059Z,2026-05-28T12:50:59Z
2026-01-30,10Y,4.06,vbma_weekly:https://vbma.org.vn/storage/reports/February2026/26012026-30012026%20%20BAO%20CAO%20TUAN%20TTTP.pdf,vbma_weekly_local-20260528T125059Z,2026-05-28T12:50:59Z
2026-01-30,15Y,4.19,vbma_weekly:https://vbma.org.vn/storage/reports/February2026/26012026-30012026%20%20BAO%20CAO%20TUAN%20TTTP.pdf,vbma_weekly_local-20260528T125059Z,2026-05-28T12:50:59Z
2026-01-30,1Y,2.99,vbma_weekly:https://vbma.org.vn/storage/reports/February2026/26012026-30012026%20%20BAO%20CAO%20TUAN%20TTTP.pdf,vbma_weekly_local-20260528T125059Z,2026-05-28T12:50:59Z
2026-01-30,20Y,4.29,vbma_weekly:https://vbma.org.vn/storage/reports/February2026/26012026-30012026%20%20BAO%20CAO%20TUAN%20TTTP.pdf,vbma_weekly_local-20260528T125059Z,2026-05-28T12:50:59Z
2026-01-30,2Y,3.12,vbma_weekly:https://vbma.org.vn/storage/reports/February2026/26012026-30012026%20%20BAO%20CAO%20TUAN%20TTTP.pdf,vbma_weekly_local-20260528T125059Z,2026-05-28T12:50:59Z
2026-01-30,30Y,4.34,vbma_weekly:https://vbma.org.vn/storage/reports/February2026/26012026-30012026%20%20BAO%20CAO%20TUAN%20TTTP.pdf,vbma_weekly_local-20260528T125059Z,2026-05-28T12:50:59Z
2026-01-30,3Y,3.16,vbma_weekly:https://vbma.org.vn/storage/reports/February2026/26012026-30012026%20%20BAO%20CAO%20TUAN%20TTTP.pdf,vbma_weekly_local-20260528T125059Z,2026-05-28T12:50:59Z
2026-01-30,5Y,3.61,vbma_weekly:https://vbma.org.vn/storage/reports/February2026/26012026-30012026%20%20BAO%20CAO%20TUAN%20TTTP.pdf,vbma_weekly_local-20260528T125059Z,2026-05-28T12:50:59Z
2026-01-30,7Y,3.7,vbma_weekly:https://vbma.org.vn/storage/reports/February2026/26012026-30012026%20%20BAO%20CAO%20TUAN%20TTTP.pdf,vbma_weekly_local-20260528T125059Z,2026-05-28T12:50:59Z
2026-02-06,10Y,4.08,vbma_weekly:https://vbma.org.vn/storage/reports/February2026/02022026-06022026%20%20BAO%20CAO%20TUAN%20TTTP.pdf,vbma_weekly_local-20260528T125059Z,2026-05-28T12:50:59Z
2026-02-06,15Y,4.19,vbma_weekly:https://vbma.org.vn/storage/reports/February2026/02022026-06022026%20%20BAO%20CAO%20TUAN%20TTTP.pdf,vbma_weekly_local-20260528T125059Z,2026-05-28T12:50:59Z
2026-02-06,1Y,3.0,vbma_weekly:https://vbma.org.vn/storage/reports/February2026/02022026-06022026%20%20BAO%20CAO%20TUAN%20TTTP.pdf,vbma_weekly_local-20260528T125059Z,2026-05-28T12:50:59Z
2026-02-06,20Y,4.29,vbma_weekly:https://vbma.org.vn/storage/reports/February2026/02022026-06022026%20%20BAO%20CAO%20TUAN%20TTTP.pdf,vbma_weekly_local-20260528T125059Z,2026-05-28T12:50:59Z
2026-02-06,2Y,3.13,vbma_weekly:https://vbma.org.vn/storage/reports/February2026/02022026-06022026%20%20BAO%20CAO%20TUAN%20TTTP.pdf,vbma_weekly_local-20260528T125059Z,2026-05-28T12:50:59Z
2026-02-06,30Y,4.34,vbma_weekly:https://vbma.org.vn/storage/reports/February2026/02022026-06022026%20%20BAO%20CAO%20TUAN%20TTTP.pdf,vbma_weekly_local-20260528T125059Z,2026-05-28T12:50:59Z
2026-02-06,3Y,3.17,vbma_weekly:https://vbma.org.vn/storage/reports/February2026/02022026-06022026%20%20BAO%20CAO%20TUAN%20TTTP.pdf,vbma_weekly_local-20260528T125059Z,2026-05-28T12:50:59Z
2026-02-06,5Y,3.66,vbma_weekly:https://vbma.org.vn/storage/reports/February2026/02022026-06022026%20%20BAO%20CAO%20TUAN%20TTTP.pdf,vbma_weekly_local-20260528T125059Z,2026-05-28T12:50:59Z
2026-02-06,7Y,3.75,vbma_weekly:https://vbma.org.vn/storage/reports/February2026/02022026-06022026%20%20BAO%20CAO%20TUAN%20TTTP.pdf,vbma_weekly_local-20260528T125059Z,2026-05-28T12:50:59Z
2026-02-13,10Y,4.11,vbma_weekly:https://vbma.org.vn/storage/reports/February2026/09022026-13022026%20%20BAO%20CAO%20TUAN%20TTTP.pdf,vbma_weekly_local-20260528T125059Z,2026-05-28T12:50:59Z
2026-02-13,15Y,4.2,vbma_weekly:https://vbma.org.vn/storage/reports/February2026/09022026-13022026%20%20BAO%20CAO%20TUAN%20TTTP.pdf,vbma_weekly_local-20260528T125059Z,2026-05-28T12:50:59Z
2026-02-13,1Y,3.01,vbma_weekly:https://vbma.org.vn/storage/reports/February2026/09022026-13022026%20%20BAO%20CAO%20TUAN%20TTTP.pdf,vbma_weekly_local-20260528T125059Z,2026-05-28T12:50:59Z
2026-02-13,20Y,4.29,vbma_weekly:https://vbma.org.vn/storage/reports/February2026/09022026-13022026%20%20BAO%20CAO%20TUAN%20TTTP.pdf,vbma_weekly_local-20260528T125059Z,2026-05-28T12:50:59Z
2026-02-13,2Y,3.14,vbma_weekly:https://vbma.org.vn/storage/reports/February2026/09022026-13022026%20%20BAO%20CAO%20TUAN%20TTTP.pdf,vbma_weekly_local-20260528T125059Z,2026-05-28T12:50:59Z
2026-02-13,30Y,4.34,vbma_weekly:https://vbma.org.vn/storage/reports/February2026/09022026-13022026%20%20BAO%20CAO%20TUAN%20TTTP.pdf,vbma_weekly_local-20260528T125059Z,2026-05-28T12:50:59Z
2026-02-13,3Y,3.2,vbma_weekly:https://vbma.org.vn/storage/reports/February2026/09022026-13022026%20%20BAO%20CAO%20TUAN%20TTTP.pdf,vbma_weekly_local-20260528T125059Z,2026-05-28T12:50:59Z
2026-02-13,5Y,3.75,vbma_weekly:https://vbma.org.vn/storage/reports/February2026/09022026-13022026%20%20BAO%20CAO%20TUAN%20TTTP.pdf,vbma_weekly_local-20260528T125059Z,2026-05-28T12:50:59Z
2026-02-13,7Y,3.8,vbma_weekly:https://vbma.org.vn/storage/reports/February2026/09022026-13022026%20%20BAO%20CAO%20TUAN%20TTTP.pdf,vbma_weekly_local-20260528T125059Z,2026-05-28T12:50:59Z
2026-02-27,10Y,4.12,vbma_weekly:https://vbma.org.vn/storage/reports/March2026/23022026-27022026%20%20BAO%20CAO%20TUAN%20TTTP.pdf,vbma_weekly_local-20260528T125059Z,2026-05-28T12:50:59Z
2026-02-27,15Y,4.21,vbma_weekly:https://vbma.org.vn/storage/reports/March2026/23022026-27022026%20%20BAO%20CAO%20TUAN%20TTTP.pdf,vbma_weekly_local-20260528T125059Z,2026-05-28T12:50:59Z
2026-02-27,1Y,3.02,vbma_weekly:https://vbma.org.vn/storage/reports/March2026/23022026-27022026%20%20BAO%20CAO%20TUAN%20TTTP.pdf,vbma_weekly_local-20260528T125059Z,2026-05-28T12:50:59Z
2026-02-27,20Y,4.29,vbma_weekly:https://vbma.org.vn/storage/reports/March2026/23022026-27022026%20%20BAO%20CAO%20TUAN%20TTTP.pdf,vbma_weekly_local-20260528T125059Z,2026-05-28T12:50:59Z
2026-02-27,2Y,3.15,vbma_weekly:https://vbma.org.vn/storage/reports/March2026/23022026-27022026%20%20BAO%20CAO%20TUAN%20TTTP.pdf,vbma_weekly_local-20260528T125059Z,2026-05-28T12:50:59Z
2026-02-27,30Y,4.34,vbma_weekly:https://vbma.org.vn/storage/reports/March2026/23022026-27022026%20%20BAO%20CAO%20TUAN%20TTTP.pdf,vbma_weekly_local-20260528T125059Z,2026-05-28T12:50:59Z
2026-02-27,3Y,3.2,vbma_weekly:https://vbma.org.vn/storage/reports/March2026/23022026-27022026%20%20BAO%20CAO%20TUAN%20TTTP.pdf,vbma_weekly_local-20260528T125059Z,2026-05-28T12:50:59Z
2026-02-27,5Y,3.75,vbma_weekly:https://vbma.org.vn/storage/reports/March2026/23022026-27022026%20%20BAO%20CAO%20TUAN%20TTTP.pdf,vbma_weekly_local-20260528T125059Z,2026-05-28T12:50:59Z
2026-02-27,7Y,3.81,vbma_weekly:https://vbma.org.vn/storage/reports/March2026/23022026-27022026%20%20BAO%20CAO%20TUAN%20TTTP.pdf,vbma_weekly_local-20260528T125059Z,2026-05-28T12:50:59Z
2026-03-06,10Y,4.16,vbma_weekly:https://vbma.org.vn/storage/reports/March2026/02032026-06032026%20%20BAO%20CAO%20TUAN%20TTTP.pdf,vbma_weekly_local-20260528T125059Z,2026-05-28T12:50:59Z
2026-03-06,15Y,4.23,vbma_weekly:https://vbma.org.vn/storage/reports/March2026/02032026-06032026%20%20BAO%20CAO%20TUAN%20TTTP.pdf,vbma_weekly_local-20260528T125059Z,2026-05-28T12:50:59Z
2026-03-06,1Y,3.06,vbma_weekly:https://vbma.org.vn/storage/reports/March2026/02032026-06032026%20%20BAO%20CAO%20TUAN%20TTTP.pdf,vbma_weekly_local-20260528T125059Z,2026-05-28T12:50:59Z
2026-03-06,20Y,4.34,vbma_weekly:https://vbma.org.vn/storage/reports/March2026/02032026-06032026%20%20BAO%20CAO%20TUAN%20TTTP.pdf,vbma_weekly_local-20260528T125059Z,2026-05-28T12:50:59Z
2026-03-06,2Y,3.17,vbma_weekly:https://vbma.org.vn/storage/reports/March2026/02032026-06032026%20%20BAO%20CAO%20TUAN%20TTTP.pdf,vbma_weekly_local-20260528T125059Z,2026-05-28T12:50:59Z
2026-03-06,30Y,4.39,vbma_weekly:https://vbma.org.vn/storage/reports/March2026/02032026-06032026%20%20BAO%20CAO%20TUAN%20TTTP.pdf,vbma_weekly_local-20260528T125059Z,2026-05-28T12:50:59Z
2026-03-06,3Y,3.23,vbma_weekly:https://vbma.org.vn/storage/reports/March2026/02032026-06032026%20%20BAO%20CAO%20TUAN%20TTTP.pdf,vbma_weekly_local-20260528T125059Z,2026-05-28T12:50:59Z
2026-03-06,5Y,3.82,vbma_weekly:https://vbma.org.vn/storage/reports/March2026/02032026-06032026%20%20BAO%20CAO%20TUAN%20TTTP.pdf,vbma_weekly_local-20260528T125059Z,2026-05-28T12:50:59Z
2026-03-06,7Y,3.85,vbma_weekly:https://vbma.org.vn/storage/reports/March2026/02032026-06032026%20%20BAO%20CAO%20TUAN%20TTTP.pdf,vbma_weekly_local-20260528T125059Z,2026-05-28T12:50:59Z
2026-03-13,10Y,4.19,vbma_weekly:https://vbma.org.vn/storage/reports/March2026/09032026-13032026%20%20BAO%20CAO%20TUAN%20TTTP.pdf,vbma_weekly_local-20260528T125059Z,2026-05-28T12:50:59Z
2026-03-13,15Y,4.28,vbma_weekly:https://vbma.org.vn/storage/reports/March2026/09032026-13032026%20%20BAO%20CAO%20TUAN%20TTTP.pdf,vbma_weekly_local-20260528T125059Z,2026-05-28T12:50:59Z
2026-03-13,1Y,3.1,vbma_weekly:https://vbma.org.vn/storage/reports/March2026/09032026-13032026%20%20BAO%20CAO%20TUAN%20TTTP.pdf,vbma_weekly_local-20260528T125059Z,2026-05-28T12:50:59Z
2026-03-13,20Y,4.36,vbma_weekly:https://vbma.org.vn/storage/reports/March2026/09032026-13032026%20%20BAO%20CAO%20TUAN%20TTTP.pdf,vbma_weekly_local-20260528T125059Z,2026-05-28T12:50:59Z
2026-03-13,2Y,3.21,vbma_weekly:https://vbma.org.vn/storage/reports/March2026/09032026-13032026%20%20BAO%20CAO%20TUAN%20TTTP.pdf,vbma_weekly_local-20260528T125059Z,2026-05-28T12:50:59Z
2026-03-13,30Y,4.42,vbma_weekly:https://vbma.org.vn/storage/reports/March2026/09032026-13032026%20%20BAO%20CAO%20TUAN%20TTTP.pdf,vbma_weekly_local-20260528T125059Z,2026-05-28T12:50:59Z
2026-03-13,3Y,3.28,vbma_weekly:https://vbma.org.vn/storage/reports/March2026/09032026-13032026%20%20BAO%20CAO%20TUAN%20TTTP.pdf,vbma_weekly_local-20260528T125059Z,2026-05-28T12:50:59Z
2026-03-13,5Y,3.91,vbma_weekly:https://vbma.org.vn/storage/reports/March2026/09032026-13032026%20%20BAO%20CAO%20TUAN%20TTTP.pdf,vbma_weekly_local-20260528T125059Z,2026-05-28T12:50:59Z
2026-03-13,7Y,3.96,vbma_weekly:https://vbma.org.vn/storage/reports/March2026/09032026-13032026%20%20BAO%20CAO%20TUAN%20TTTP.pdf,vbma_weekly_local-20260528T125059Z,2026-05-28T12:50:59Z
2026-03-20,10Y,4.2,vbma_weekly:https://vbma.org.vn/storage/reports/March2026/16032026-20032026%20%20BAO%20CAO%20TUAN%20TTTP.pdf,vbma_weekly_local-20260528T125059Z,2026-05-28T12:50:59Z
2026-03-20,15Y,4.31,vbma_weekly:https://vbma.org.vn/storage/reports/March2026/16032026-20032026%20%20BAO%20CAO%20TUAN%20TTTP.pdf,vbma_weekly_local-20260528T125059Z,2026-05-28T12:50:59Z
2026-03-20,1Y,3.18,vbma_weekly:https://vbma.org.vn/storage/reports/March2026/16032026-20032026%20%20BAO%20CAO%20TUAN%20TTTP.pdf,vbma_weekly_local-20260528T125059Z,2026-05-28T12:50:59Z
2026-03-20,20Y,4.38,vbma_weekly:https://vbma.org.vn/storage/reports/March2026/16032026-20032026%20%20BAO%20CAO%20TUAN%20TTTP.pdf,vbma_weekly_local-20260528T125059Z,2026-05-28T12:50:59Z
2026-03-20,2Y,3.27,vbma_weekly:https://vbma.org.vn/storage/reports/March2026/16032026-20032026%20%20BAO%20CAO%20TUAN%20TTTP.pdf,vbma_weekly_local-20260528T125059Z,2026-05-28T12:50:59Z
2026-03-20,30Y,4.44,vbma_weekly:https://vbma.org.vn/storage/reports/March2026/16032026-20032026%20%20BAO%20CAO%20TUAN%20TTTP.pdf,vbma_weekly_local-20260528T125059Z,2026-05-28T12:50:59Z
2026-03-20,3Y,3.36,vbma_weekly:https://vbma.org.vn/storage/reports/March2026/16032026-20032026%20%20BAO%20CAO%20TUAN%20TTTP.pdf,vbma_weekly_local-20260528T125059Z,2026-05-28T12:50:59Z
2026-03-20,5Y,4.05,vbma_weekly:https://vbma.org.vn/storage/reports/March2026/16032026-20032026%20%20BAO%20CAO%20TUAN%20TTTP.pdf,vbma_weekly_local-20260528T125059Z,2026-05-28T12:50:59Z
2026-03-20,7Y,4.07,vbma_weekly:https://vbma.org.vn/storage/reports/March2026/16032026-20032026%20%20BAO%20CAO%20TUAN%20TTTP.pdf,vbma_weekly_local-20260528T125059Z,2026-05-28T12:50:59Z
2026-03-27,10Y,4.2,vbma_weekly:https://vbma.org.vn/storage/reports/March2026/23032026-27032026%20%20BAO%20CAO%20TUAN%20TTTP.pdf,vbma_weekly_local-20260528T125059Z,2026-05-28T12:50:59Z
2026-03-27,15Y,4.31,vbma_weekly:https://vbma.org.vn/storage/reports/March2026/23032026-27032026%20%20BAO%20CAO%20TUAN%20TTTP.pdf,vbma_weekly_local-20260528T125059Z,2026-05-28T12:50:59Z
2026-03-27,1Y,3.2,vbma_weekly:https://vbma.org.vn/storage/reports/March2026/23032026-27032026%20%20BAO%20CAO%20TUAN%20TTTP.pdf,vbma_weekly_local-20260528T125059Z,2026-05-28T12:50:59Z
2026-03-27,20Y,4.38,vbma_weekly:https://vbma.org.vn/storage/reports/March2026/23032026-27032026%20%20BAO%20CAO%20TUAN%20TTTP.pdf,vbma_weekly_local-20260528T125059Z,2026-05-28T12:50:59Z
2026-03-27,2Y,3.3,vbma_weekly:https://vbma.org.vn/storage/reports/March2026/23032026-27032026%20%20BAO%20CAO%20TUAN%20TTTP.pdf,vbma_weekly_local-20260528T125059Z,2026-05-28T12:50:59Z
2026-03-27,30Y,4.45,vbma_weekly:https://vbma.org.vn/storage/reports/March2026/23032026-27032026%20%20BAO%20CAO%20TUAN%20TTTP.pdf,vbma_weekly_local-20260528T125059Z,2026-05-28T12:50:59Z
2026-03-27,3Y,3.38,vbma_weekly:https://vbma.org.vn/storage/reports/March2026/23032026-27032026%20%20BAO%20CAO%20TUAN%20TTTP.pdf,vbma_weekly_local-20260528T125059Z,2026-05-28T12:50:59Z
2026-03-27,5Y,4.06,vbma_weekly:https://vbma.org.vn/storage/reports/March2026/23032026-27032026%20%20BAO%20CAO%20TUAN%20TTTP.pdf,vbma_weekly_local-20260528T125059Z,2026-05-28T12:50:59Z
2026-03-27,7Y,4.1,vbma_weekly:https://vbma.org.vn/storage/reports/March2026/23032026-27032026%20%20BAO%20CAO%20TUAN%20TTTP.pdf,vbma_weekly_local-20260528T125059Z,2026-05-28T12:50:59Z
2026-04-03,10Y,4.21,vbma_weekly:https://vbma.org.vn/storage/reports/April2026/30032026-03042026%20%20BAO%20CAO%20TUAN%20TTTP.pdf,vbma_weekly_local-20260528T125059Z,2026-05-28T12:50:59Z
2026-04-03,15Y,4.31,vbma_weekly:https://vbma.org.vn/storage/reports/April2026/30032026-03042026%20%20BAO%20CAO%20TUAN%20TTTP.pdf,vbma_weekly_local-20260528T125059Z,2026-05-28T12:50:59Z
2026-04-03,1Y,3.2,vbma_weekly:https://vbma.org.vn/storage/reports/April2026/30032026-03042026%20%20BAO%20CAO%20TUAN%20TTTP.pdf,vbma_weekly_local-20260528T125059Z,2026-05-28T12:50:59Z
2026-04-03,20Y,4.38,vbma_weekly:https://vbma.org.vn/storage/reports/April2026/30032026-03042026%20%20BAO%20CAO%20TUAN%20TTTP.pdf,vbma_weekly_local-20260528T125059Z,2026-05-28T12:50:59Z
2026-04-03,2Y,3.3,vbma_weekly:https://vbma.org.vn/storage/reports/April2026/30032026-03042026%20%20BAO%20CAO%20TUAN%20TTTP.pdf,vbma_weekly_local-20260528T125059Z,2026-05-28T12:50:59Z
2026-04-03,30Y,4.47,vbma_weekly:https://vbma.org.vn/storage/reports/April2026/30032026-03042026%20%20BAO%20CAO%20TUAN%20TTTP.pdf,vbma_weekly_local-20260528T125059Z,2026-05-28T12:50:59Z
2026-04-03,3Y,3.39,vbma_weekly:https://vbma.org.vn/storage/reports/April2026/30032026-03042026%20%20BAO%20CAO%20TUAN%20TTTP.pdf,vbma_weekly_local-20260528T125059Z,2026-05-28T12:50:59Z
2026-04-03,5Y,4.06,vbma_weekly:https://vbma.org.vn/storage/reports/April2026/30032026-03042026%20%20BAO%20CAO%20TUAN%20TTTP.pdf,vbma_weekly_local-20260528T125059Z,2026-05-28T12:50:59Z
2026-04-03,7Y,4.12,vbma_weekly:https://vbma.org.vn/storage/reports/April2026/30032026-03042026%20%20BAO%20CAO%20TUAN%20TTTP.pdf,vbma_weekly_local-20260528T125059Z,2026-05-28T12:50:59Z
2026-04-10,10Y,4.23,vbma_weekly:https://vbma.org.vn/storage/reports/April2026/06042026-10042026%20%20BAO%20CAO%20TUAN%20TTTP.pdf,vbma_weekly_local-20260528T125059Z,2026-05-28T12:50:59Z
2026-04-10,15Y,4.32,vbma_weekly:https://vbma.org.vn/storage/reports/April2026/06042026-10042026%20%20BAO%20CAO%20TUAN%20TTTP.pdf,vbma_weekly_local-20260528T125059Z,2026-05-28T12:50:59Z
2026-04-10,1Y,3.21,vbma_weekly:https://vbma.org.vn/storage/reports/April2026/06042026-10042026%20%20BAO%20CAO%20TUAN%20TTTP.pdf,vbma_weekly_local-20260528T125059Z,2026-05-28T12:50:59Z
2026-04-10,20Y,4.38,vbma_weekly:https://vbma.org.vn/storage/reports/April2026/06042026-10042026%20%20BAO%20CAO%20TUAN%20TTTP.pdf,vbma_weekly_local-20260528T125059Z,2026-05-28T12:50:59Z
2026-04-10,2Y,3.31,vbma_weekly:https://vbma.org.vn/storage/reports/April2026/06042026-10042026%20%20BAO%20CAO%20TUAN%20TTTP.pdf,vbma_weekly_local-20260528T125059Z,2026-05-28T12:50:59Z
2026-04-10,30Y,4.47,vbma_weekly:https://vbma.org.vn/storage/reports/April2026/06042026-10042026%20%20BAO%20CAO%20TUAN%20TTTP.pdf,vbma_weekly_local-20260528T125059Z,2026-05-28T12:50:59Z
2026-04-10,3Y,3.4,vbma_weekly:https://vbma.org.vn/storage/reports/April2026/06042026-10042026%20%20BAO%20CAO%20TUAN%20TTTP.pdf,vbma_weekly_local-20260528T125059Z,2026-05-28T12:50:59Z
2026-04-10,5Y,4.07,vbma_weekly:https://vbma.org.vn/storage/reports/April2026/06042026-10042026%20%20BAO%20CAO%20TUAN%20TTTP.pdf,vbma_weekly_local-20260528T125059Z,2026-05-28T12:50:59Z
2026-04-10,7Y,4.13,vbma_weekly:https://vbma.org.vn/storage/reports/April2026/06042026-10042026%20%20BAO%20CAO%20TUAN%20TTTP.pdf,vbma_weekly_local-20260528T125059Z,2026-05-28T12:50:59Z
2026-04-17,10Y,4.23,vbma_weekly:https://vbma.org.vn/storage/reports/April2026/13042026-17042026%20BAO%20CAO%20TUAN%20TTTP4.pdf,vbma_weekly_local-20260528T125059Z,2026-05-28T12:50:59Z
2026-04-17,15Y,4.32,vbma_weekly:https://vbma.org.vn/storage/reports/April2026/13042026-17042026%20BAO%20CAO%20TUAN%20TTTP4.pdf,vbma_weekly_local-20260528T125059Z,2026-05-28T12:50:59Z
2026-04-17,1Y,3.21,vbma_weekly:https://vbma.org.vn/storage/reports/April2026/13042026-17042026%20BAO%20CAO%20TUAN%20TTTP4.pdf,vbma_weekly_local-20260528T125059Z,2026-05-28T12:50:59Z
2026-04-17,20Y,4.39,vbma_weekly:https://vbma.org.vn/storage/reports/April2026/13042026-17042026%20BAO%20CAO%20TUAN%20TTTP4.pdf,vbma_weekly_local-20260528T125059Z,2026-05-28T12:50:59Z
2026-04-17,2Y,3.31,vbma_weekly:https://vbma.org.vn/storage/reports/April2026/13042026-17042026%20BAO%20CAO%20TUAN%20TTTP4.pdf,vbma_weekly_local-20260528T125059Z,2026-05-28T12:50:59Z
2026-04-17,30Y,4.46,vbma_weekly:https://vbma.org.vn/storage/reports/April2026/13042026-17042026%20BAO%20CAO%20TUAN%20TTTP4.pdf,vbma_weekly_local-20260528T125059Z,2026-05-28T12:50:59Z
2026-04-17,3Y,3.4,vbma_weekly:https://vbma.org.vn/storage/reports/April2026/13042026-17042026%20BAO%20CAO%20TUAN%20TTTP4.pdf,vbma_weekly_local-20260528T125059Z,2026-05-28T12:50:59Z
2026-04-17,5Y,4.07,vbma_weekly:https://vbma.org.vn/storage/reports/April2026/13042026-17042026%20BAO%20CAO%20TUAN%20TTTP4.pdf,vbma_weekly_local-20260528T125059Z,2026-05-28T12:50:59Z
2026-04-17,7Y,4.13,vbma_weekly:https://vbma.org.vn/storage/reports/April2026/13042026-17042026%20BAO%20CAO%20TUAN%20TTTP4.pdf,vbma_weekly_local-20260528T125059Z,2026-05-28T12:50:59Z
2026-04-24,10Y,4.23,vbma_weekly:https://vbma.org.vn/storage/reports/April2026/20042026-24042026%20%20BAO%20CAO%20TUAN%20TTTP.pdf,vbma_weekly_local-20260528T125059Z,2026-05-28T12:50:59Z
2026-04-24,15Y,4.33,vbma_weekly:https://vbma.org.vn/storage/reports/April2026/20042026-24042026%20%20BAO%20CAO%20TUAN%20TTTP.pdf,vbma_weekly_local-20260528T125059Z,2026-05-28T12:50:59Z
2026-04-24,1Y,3.22,vbma_weekly:https://vbma.org.vn/storage/reports/April2026/20042026-24042026%20%20BAO%20CAO%20TUAN%20TTTP.pdf,vbma_weekly_local-20260528T125059Z,2026-05-28T12:50:59Z
2026-04-24,20Y,4.39,vbma_weekly:https://vbma.org.vn/storage/reports/April2026/20042026-24042026%20%20BAO%20CAO%20TUAN%20TTTP.pdf,vbma_weekly_local-20260528T125059Z,2026-05-28T12:50:59Z
2026-04-24,2Y,3.31,vbma_weekly:https://vbma.org.vn/storage/reports/April2026/20042026-24042026%20%20BAO%20CAO%20TUAN%20TTTP.pdf,vbma_weekly_local-20260528T125059Z,2026-05-28T12:50:59Z
2026-04-24,30Y,4.46,vbma_weekly:https://vbma.org.vn/storage/reports/April2026/20042026-24042026%20%20BAO%20CAO%20TUAN%20TTTP.pdf,vbma_weekly_local-20260528T125059Z,2026-05-28T12:50:59Z
2026-04-24,3Y,3.4,vbma_weekly:https://vbma.org.vn/storage/reports/April2026/20042026-24042026%20%20BAO%20CAO%20TUAN%20TTTP.pdf,vbma_weekly_local-20260528T125059Z,2026-05-28T12:50:59Z
2026-04-24,5Y,4.07,vbma_weekly:https://vbma.org.vn/storage/reports/April2026/20042026-24042026%20%20BAO%20CAO%20TUAN%20TTTP.pdf,vbma_weekly_local-20260528T125059Z,2026-05-28T12:50:59Z
2026-04-24,7Y,4.13,vbma_weekly:https://vbma.org.vn/storage/reports/April2026/20042026-24042026%20%20BAO%20CAO%20TUAN%20TTTP.pdf,vbma_weekly_local-20260528T125059Z,2026-05-28T12:50:59Z
2026-05-08,10Y,4.23,vbma_weekly:https://vbma.org.vn/storage/reports/May2026/28042026-08052026%20%20BAO%20CAO%20TUAN%20TTTP8.pdf,vbma_weekly_local-20260528T125059Z,2026-05-28T12:50:59Z
2026-05-08,15Y,4.34,vbma_weekly:https://vbma.org.vn/storage/reports/May2026/28042026-08052026%20%20BAO%20CAO%20TUAN%20TTTP8.pdf,vbma_weekly_local-20260528T125059Z,2026-05-28T12:50:59Z
2026-05-08,1Y,3.27,vbma_weekly:https://vbma.org.vn/storage/reports/May2026/28042026-08052026%20%20BAO%20CAO%20TUAN%20TTTP8.pdf,vbma_weekly_local-20260528T125059Z,2026-05-28T12:50:59Z
2026-05-08,20Y,4.39,vbma_weekly:https://vbma.org.vn/storage/reports/May2026/28042026-08052026%20%20BAO%20CAO%20TUAN%20TTTP8.pdf,vbma_weekly_local-20260528T125059Z,2026-05-28T12:50:59Z
2026-05-08,2Y,3.37,vbma_weekly:https://vbma.org.vn/storage/reports/May2026/28042026-08052026%20%20BAO%20CAO%20TUAN%20TTTP8.pdf,vbma_weekly_local-20260528T125059Z,2026-05-28T12:50:59Z
2026-05-08,30Y,4.46,vbma_weekly:https://vbma.org.vn/storage/reports/May2026/28042026-08052026%20%20BAO%20CAO%20TUAN%20TTTP8.pdf,vbma_weekly_local-20260528T125059Z,2026-05-28T12:50:59Z
2026-05-08,3Y,3.45,vbma_weekly:https://vbma.org.vn/storage/reports/May2026/28042026-08052026%20%20BAO%20CAO%20TUAN%20TTTP8.pdf,vbma_weekly_local-20260528T125059Z,2026-05-28T12:50:59Z
2026-05-08,5Y,4.05,vbma_weekly:https://vbma.org.vn/storage/reports/May2026/28042026-08052026%20%20BAO%20CAO%20TUAN%20TTTP8.pdf,vbma_weekly_local-20260528T125059Z,2026-05-28T12:50:59Z
2026-05-08,7Y,4.13,vbma_weekly:https://vbma.org.vn/storage/reports/May2026/28042026-08052026%20%20BAO%20CAO%20TUAN%20TTTP8.pdf,vbma_weekly_local-20260528T125059Z,2026-05-28T12:50:59Z
2026-05-15,10Y,4.24,vbma_weekly:https://vbma.org.vn/storage/reports/May2026/11052026-15052026%20%20BAO%20CAO%20TUAN%20TTTP1.pdf,vbma_weekly_local-20260528T125059Z,2026-05-28T12:50:59Z
2026-05-15,15Y,4.35,vbma_weekly:https://vbma.org.vn/storage/reports/May2026/11052026-15052026%20%20BAO%20CAO%20TUAN%20TTTP1.pdf,vbma_weekly_local-20260528T125059Z,2026-05-28T12:50:59Z
2026-05-15,1Y,3.27,vbma_weekly:https://vbma.org.vn/storage/reports/May2026/11052026-15052026%20%20BAO%20CAO%20TUAN%20TTTP1.pdf,vbma_weekly_local-20260528T125059Z,2026-05-28T12:50:59Z
2026-05-15,20Y,4.4,vbma_weekly:https://vbma.org.vn/storage/reports/May2026/11052026-15052026%20%20BAO%20CAO%20TUAN%20TTTP1.pdf,vbma_weekly_local-20260528T125059Z,2026-05-28T12:50:59Z
2026-05-15,2Y,3.37,vbma_weekly:https://vbma.org.vn/storage/reports/May2026/11052026-15052026%20%20BAO%20CAO%20TUAN%20TTTP1.pdf,vbma_weekly_local-20260528T125059Z,2026-05-28T12:50:59Z
2026-05-15,30Y,4.46,vbma_weekly:https://vbma.org.vn/storage/reports/May2026/11052026-15052026%20%20BAO%20CAO%20TUAN%20TTTP1.pdf,vbma_weekly_local-20260528T125059Z,2026-05-28T12:50:59Z
2026-05-15,3Y,3.45,vbma_weekly:https://vbma.org.vn/storage/reports/May2026/11052026-15052026%20%20BAO%20CAO%20TUAN%20TTTP1.pdf,vbma_weekly_local-20260528T125059Z,2026-05-28T12:50:59Z
2026-05-15,5Y,4.05,vbma_weekly:https://vbma.org.vn/storage/reports/May2026/11052026-15052026%20%20BAO%20CAO%20TUAN%20TTTP1.pdf,vbma_weekly_local-20260528T125059Z,2026-05-28T12:50:59Z
2026-05-15,7Y,4.13,vbma_weekly:https://vbma.org.vn/storage/reports/May2026/11052026-15052026%20%20BAO%20CAO%20TUAN%20TTTP1.pdf,vbma_weekly_local-20260528T125059Z,2026-05-28T12:50:59Z
2026-05-21,10Y,4.379,tradingview:TVC:VN10Y,investing_bonds-20260521T033849Z-c7fc18,2026-05-21T03:39:07Z
2026-05-21,15Y,4.522,tradingview:TVC:VN15Y,investing_bonds-20260521T033849Z-c7fc18,2026-05-21T03:39:07Z
2026-05-21,1Y,3.521,tradingview:TVC:VN01Y,investing_bonds-20260521T033849Z-c7fc18,2026-05-21T03:39:07Z
2026-05-21,2Y,3.448,tradingview:TVC:VN02Y,investing_bonds-20260521T033849Z-c7fc18,2026-05-21T03:39:07Z
2026-05-21,3Y,3.649,tradingview:TVC:VN03Y,investing_bonds-20260521T033849Z-c7fc18,2026-05-21T03:39:07Z
2026-05-21,5Y,4.212,tradingview:TVC:VN05Y,investing_bonds-20260521T033849Z-c7fc18,2026-05-21T03:39:07Z
2026-05-21,7Y,4.282,tradingview:TVC:VN07Y,investing_bonds-20260521T033849Z-c7fc18,2026-05-21T03:39:07Z
2026-05-22,10Y,4.25,vbma_weekly:https://vbma.org.vn/storage/reports/May2026/18052026-22052026  BAO CAO TUAN TTTP.pdf,vbma_weekly_local-20260601T055251Z,2026-06-01T05:52:51Z
2026-05-22,15Y,4.36,vbma_weekly:https://vbma.org.vn/storage/reports/May2026/18052026-22052026  BAO CAO TUAN TTTP.pdf,vbma_weekly_local-20260601T055251Z,2026-06-01T05:52:51Z
2026-05-22,1Y,3.27,vbma_weekly:https://vbma.org.vn/storage/reports/May2026/18052026-22052026  BAO CAO TUAN TTTP.pdf,vbma_weekly_local-20260601T055251Z,2026-06-01T05:52:51Z
2026-05-22,20Y,4.41,vbma_weekly:https://vbma.org.vn/storage/reports/May2026/18052026-22052026  BAO CAO TUAN TTTP.pdf,vbma_weekly_local-20260601T055251Z,2026-06-01T05:52:51Z
2026-05-22,2Y,3.37,vbma_weekly:https://vbma.org.vn/storage/reports/May2026/18052026-22052026  BAO CAO TUAN TTTP.pdf,vbma_weekly_local-20260601T055251Z,2026-06-01T05:52:51Z
2026-05-22,30Y,4.48,vbma_weekly:https://vbma.org.vn/storage/reports/May2026/18052026-22052026  BAO CAO TUAN TTTP.pdf,vbma_weekly_local-20260601T055251Z,2026-06-01T05:52:51Z
2026-05-22,3Y,3.45,vbma_weekly:https://vbma.org.vn/storage/reports/May2026/18052026-22052026  BAO CAO TUAN TTTP.pdf,vbma_weekly_local-20260601T055251Z,2026-06-01T05:52:51Z
2026-05-22,5Y,4.06,vbma_weekly:https://vbma.org.vn/storage/reports/May2026/18052026-22052026  BAO CAO TUAN TTTP.pdf,vbma_weekly_local-20260601T055251Z,2026-06-01T05:52:51Z
2026-05-22,7Y,4.13,vbma_weekly:https://vbma.org.vn/storage/reports/May2026/18052026-22052026  BAO CAO TUAN TTTP.pdf,vbma_weekly_local-20260601T055251Z,2026-06-01T05:52:51Z
2026-05-23,10Y,4.384,tradingview:TVC:VN10Y,investing_bonds-20260523T110001Z-4b2cc4,2026-05-23T11:00:20Z
2026-05-23,15Y,4.531,tradingview:TVC:VN15Y,investing_bonds-20260523T110001Z-4b2cc4,2026-05-23T11:00:20Z
2026-05-23,1Y,3.521,tradingview:TVC:VN01Y,investing_bonds-20260523T110001Z-4b2cc4,2026-05-23T11:00:20Z
2026-05-23,2Y,3.447,tradingview:TVC:VN02Y,investing_bonds-20260523T110001Z-4b2cc4,2026-05-23T11:00:20Z
2026-05-23,3Y,3.646,tradingview:TVC:VN03Y,investing_bonds-20260523T110001Z-4b2cc4,2026-05-23T11:00:20Z
2026-05-23,5Y,4.203,tradingview:TVC:VN05Y,investing_bonds-20260523T110001Z-4b2cc4,2026-05-23T11:00:20Z
2026-05-23,7Y,4.282,tradingview:TVC:VN07Y,investing_bonds-20260523T110001Z-4b2cc4,2026-05-23T11:00:20Z
2026-05-26,10Y,4.384,tradingview:TVC:VN10Y,investing_bonds-20260526T110003Z-f201ee,2026-05-26T11:00:21Z
2026-05-26,15Y,4.532,tradingview:TVC:VN15Y,investing_bonds-20260526T110003Z-f201ee,2026-05-26T11:00:21Z
2026-05-26,1Y,3.521,tradingview:TVC:VN01Y,investing_bonds-20260526T110003Z-f201ee,2026-05-26T11:00:21Z
2026-05-26,2Y,3.447,tradingview:TVC:VN02Y,investing_bonds-20260526T110003Z-f201ee,2026-05-26T11:00:21Z
2026-05-26,3Y,3.647,tradingview:TVC:VN03Y,investing_bonds-20260526T110003Z-f201ee,2026-05-26T11:00:21Z
2026-05-26,5Y,4.218,tradingview:TVC:VN05Y,investing_bonds-20260526T110003Z-f201ee,2026-05-26T11:00:21Z
2026-05-26,7Y,4.282,tradingview:TVC:VN07Y,investing_bonds-20260526T110003Z-f201ee,2026-05-26T11:00:21Z
2026-05-27,10Y,4.388,tradingview:TVC:VN10Y,investing_bonds-20260527T110009Z-73f0cf,2026-05-27T11:00:28Z
2026-05-27,15Y,4.532,tradingview:TVC:VN15Y,investing_bonds-20260527T110009Z-73f0cf,2026-05-27T11:00:28Z
2026-05-27,1Y,3.521,tradingview:TVC:VN01Y,investing_bonds-20260527T110009Z-73f0cf,2026-05-27T11:00:28Z
2026-05-27,2Y,3.446,tradingview:TVC:VN02Y,investing_bonds-20260527T110009Z-73f0cf,2026-05-27T11:00:28Z
2026-05-27,3Y,3.645,tradingview:TVC:VN03Y,investing_bonds-20260527T110009Z-73f0cf,2026-05-27T11:00:28Z
2026-05-27,5Y,4.218,tradingview:TVC:VN05Y,investing_bonds-20260527T110009Z-73f0cf,2026-05-27T11:00:28Z
2026-05-27,7Y,4.282,tradingview:TVC:VN07Y,investing_bonds-20260527T110009Z-73f0cf,2026-05-27T11:00:28Z
2026-05-28,10Y,4.457,tradingview:TVC:VN10Y,investing_bonds-20260528T110003Z-8f5f56,2026-05-28T11:00:22Z
2026-05-28,15Y,4.628,tradingview:TVC:VN15Y,investing_bonds-20260528T110003Z-8f5f56,2026-05-28T11:00:22Z
2026-05-28,1Y,3.53,tradingview:TVC:VN01Y,investing_bonds-20260528T110003Z-8f5f56,2026-05-28T11:00:22Z
2026-05-28,2Y,3.461,tradingview:TVC:VN02Y,investing_bonds-20260528T110003Z-8f5f56,2026-05-28T11:00:22Z
2026-05-28,3Y,3.656,tradingview:TVC:VN03Y,investing_bonds-20260528T110003Z-8f5f56,2026-05-28T11:00:22Z
2026-05-28,5Y,4.27,tradingview:TVC:VN05Y,investing_bonds-20260528T110003Z-8f5f56,2026-05-28T11:00:22Z
2026-05-28,7Y,4.311,tradingview:TVC:VN07Y,investing_bonds-20260528T110003Z-8f5f56,2026-05-28T11:00:22Z
2026-05-29,10Y,4.28,vbma_weekly:https://vbma.org.vn/storage/reports/June2026/25052026-29052026 BAO CAO TUAN TTTP.pdf,vbma_weekly_local-20260708T043116Z,2026-07-08T04:31:16Z
2026-05-29,15Y,4.43,vbma_weekly:https://vbma.org.vn/storage/reports/June2026/25052026-29052026 BAO CAO TUAN TTTP.pdf,vbma_weekly_local-20260708T043116Z,2026-07-08T04:31:16Z
2026-05-29,1Y,3.28,vbma_weekly:https://vbma.org.vn/storage/reports/June2026/25052026-29052026 BAO CAO TUAN TTTP.pdf,vbma_weekly_local-20260708T043116Z,2026-07-08T04:31:16Z
2026-05-29,20Y,4.44,vbma_weekly:https://vbma.org.vn/storage/reports/June2026/25052026-29052026 BAO CAO TUAN TTTP.pdf,vbma_weekly_local-20260708T043116Z,2026-07-08T04:31:16Z
2026-05-29,2Y,3.38,vbma_weekly:https://vbma.org.vn/storage/reports/June2026/25052026-29052026 BAO CAO TUAN TTTP.pdf,vbma_weekly_local-20260708T043116Z,2026-07-08T04:31:16Z
2026-05-29,30Y,4.51,vbma_weekly:https://vbma.org.vn/storage/reports/June2026/25052026-29052026 BAO CAO TUAN TTTP.pdf,vbma_weekly_local-20260708T043116Z,2026-07-08T04:31:16Z
2026-05-29,3Y,3.46,vbma_weekly:https://vbma.org.vn/storage/reports/June2026/25052026-29052026 BAO CAO TUAN TTTP.pdf,vbma_weekly_local-20260708T043116Z,2026-07-08T04:31:16Z
2026-05-29,5Y,4.09,vbma_weekly:https://vbma.org.vn/storage/reports/June2026/25052026-29052026 BAO CAO TUAN TTTP.pdf,vbma_weekly_local-20260708T043116Z,2026-07-08T04:31:16Z
2026-05-29,7Y,4.15,vbma_weekly:https://vbma.org.vn/storage/reports/June2026/25052026-29052026 BAO CAO TUAN TTTP.pdf,vbma_weekly_local-20260708T043116Z,2026-07-08T04:31:16Z
2026-05-30,10Y,4.458,tradingview:TVC:VN10Y,investing_bonds-20260530T132040Z-a21824,2026-05-30T13:20:59Z
2026-05-30,15Y,4.642,tradingview:TVC:VN15Y,investing_bonds-20260530T132040Z-a21824,2026-05-30T13:20:59Z
2026-05-30,1Y,3.542,tradingview:TVC:VN01Y,investing_bonds-20260530T132040Z-a21824,2026-05-30T13:20:59Z
2026-05-30,2Y,3.473,tradingview:TVC:VN02Y,investing_bonds-20260530T132040Z-a21824,2026-05-30T13:20:59Z
2026-05-30,3Y,3.661,tradingview:TVC:VN03Y,investing_bonds-20260530T132040Z-a21824,2026-05-30T13:20:59Z
2026-05-30,5Y,4.265,tradingview:TVC:VN05Y,investing_bonds-20260530T132040Z-a21824,2026-05-30T13:20:59Z
2026-05-30,7Y,4.323,tradingview:TVC:VN07Y,investing_bonds-20260530T132040Z-a21824,2026-05-30T13:20:59Z
2026-05-31,10Y,4.458,tradingview:TVC:VN10Y,investing_bonds-20260531T005930Z-a409ee,2026-05-31T00:59:48Z
2026-05-31,15Y,4.642,tradingview:TVC:VN15Y,investing_bonds-20260531T005930Z-a409ee,2026-05-31T00:59:48Z
2026-05-31,1Y,3.542,tradingview:TVC:VN01Y,investing_bonds-20260531T005930Z-a409ee,2026-05-31T00:59:48Z
2026-05-31,2Y,3.473,tradingview:TVC:VN02Y,investing_bonds-20260531T005930Z-a409ee,2026-05-31T00:59:48Z
2026-05-31,3Y,3.661,tradingview:TVC:VN03Y,investing_bonds-20260531T005930Z-a409ee,2026-05-31T00:59:48Z
2026-05-31,5Y,4.265,tradingview:TVC:VN05Y,investing_bonds-20260531T005930Z-a409ee,2026-05-31T00:59:48Z
2026-05-31,7Y,4.323,tradingview:TVC:VN07Y,investing_bonds-20260531T005930Z-a409ee,2026-05-31T00:59:48Z
2026-06-01,10Y,4.467,tradingview:TVC:VN10Y,investing_bonds-20260601T052005Z-858571,2026-06-01T05:20:23Z
2026-06-01,15Y,4.65,tradingview:TVC:VN15Y,investing_bonds-20260601T052005Z-858571,2026-06-01T05:20:23Z
2026-06-01,1Y,3.533,tradingview:TVC:VN01Y,investing_bonds-20260601T052005Z-858571,2026-06-01T05:20:23Z
2026-06-01,2Y,3.472,tradingview:TVC:VN02Y,investing_bonds-20260601T052005Z-858571,2026-06-01T05:20:23Z
2026-06-01,3Y,3.66,tradingview:TVC:VN03Y,investing_bonds-20260601T052005Z-858571,2026-06-01T05:20:23Z
2026-06-01,5Y,4.267,tradingview:TVC:VN05Y,investing_bonds-20260601T052005Z-858571,2026-06-01T05:20:23Z
2026-06-01,7Y,4.324,tradingview:TVC:VN07Y,investing_bonds-20260601T052005Z-858571,2026-06-01T05:20:23Z
2026-06-04,10Y,4.468,tradingview:TVC:VN10Y,investing_bonds-20260604T011348Z-8de4b8,2026-06-04T01:14:06Z
2026-06-04,15Y,4.659,tradingview:TVC:VN15Y,investing_bonds-20260604T011348Z-8de4b8,2026-06-04T01:14:06Z
2026-06-04,1Y,3.555,tradingview:TVC:VN01Y,investing_bonds-20260604T011348Z-8de4b8,2026-06-04T01:14:06Z
2026-06-04,2Y,3.499,tradingview:TVC:VN02Y,investing_bonds-20260604T011348Z-8de4b8,2026-06-04T01:14:06Z
2026-06-04,3Y,3.693,tradingview:TVC:VN03Y,investing_bonds-20260604T011348Z-8de4b8,2026-06-04T01:14:06Z
2026-06-04,5Y,4.268,tradingview:TVC:VN05Y,investing_bonds-20260604T011348Z-8de4b8,2026-06-04T01:14:06Z
2026-06-04,7Y,4.323,tradingview:TVC:VN07Y,investing_bonds-20260604T011348Z-8de4b8,2026-06-04T01:14:06Z
2026-06-05,10Y,4.33,vbma_weekly:https://vbma.org.vn/storage/reports/June2026/01062026-05062026 BAO CAO TUAN TTTP.pdf,vbma_weekly_local-20260708T043116Z,2026-07-08T04:31:16Z
2026-06-05,15Y,4.51,vbma_weekly:https://vbma.org.vn/storage/reports/June2026/01062026-05062026 BAO CAO TUAN TTTP.pdf,vbma_weekly_local-20260708T043116Z,2026-07-08T04:31:16Z
2026-06-05,1Y,3.32,vbma_weekly:https://vbma.org.vn/storage/reports/June2026/01062026-05062026 BAO CAO TUAN TTTP.pdf,vbma_weekly_local-20260708T043116Z,2026-07-08T04:31:16Z
2026-06-05,20Y,4.56,vbma_weekly:https://vbma.org.vn/storage/reports/June2026/01062026-05062026 BAO CAO TUAN TTTP.pdf,vbma_weekly_local-20260708T043116Z,2026-07-08T04:31:16Z
2026-06-05,2Y,3.42,vbma_weekly:https://vbma.org.vn/storage/reports/June2026/01062026-05062026 BAO CAO TUAN TTTP.pdf,vbma_weekly_local-20260708T043116Z,2026-07-08T04:31:16Z
2026-06-05,30Y,4.62,vbma_weekly:https://vbma.org.vn/storage/reports/June2026/01062026-05062026 BAO CAO TUAN TTTP.pdf,vbma_weekly_local-20260708T043116Z,2026-07-08T04:31:16Z
2026-06-05,3Y,3.5,vbma_weekly:https://vbma.org.vn/storage/reports/June2026/01062026-05062026 BAO CAO TUAN TTTP.pdf,vbma_weekly_local-20260708T043116Z,2026-07-08T04:31:16Z
2026-06-05,5Y,4.13,vbma_weekly:https://vbma.org.vn/storage/reports/June2026/01062026-05062026 BAO CAO TUAN TTTP.pdf,vbma_weekly_local-20260708T043116Z,2026-07-08T04:31:16Z
2026-06-05,7Y,4.17,vbma_weekly:https://vbma.org.vn/storage/reports/June2026/01062026-05062026 BAO CAO TUAN TTTP.pdf,vbma_weekly_local-20260708T043116Z,2026-07-08T04:31:16Z
2026-06-06,10Y,4.472,tradingview:TVC:VN10Y,investing_bonds-20260606T023625Z-84131e,2026-06-06T02:36:43Z
2026-06-06,15Y,4.67,tradingview:TVC:VN15Y,investing_bonds-20260606T023625Z-84131e,2026-06-06T02:36:43Z
2026-06-06,1Y,3.567,tradingview:TVC:VN01Y,investing_bonds-20260606T023625Z-84131e,2026-06-06T02:36:43Z
2026-06-06,2Y,3.51,tradingview:TVC:VN02Y,investing_bonds-20260606T023625Z-84131e,2026-06-06T02:36:43Z
2026-06-06,3Y,3.702,tradingview:TVC:VN03Y,investing_bonds-20260606T023625Z-84131e,2026-06-06T02:36:43Z
2026-06-06,5Y,4.27,tradingview:TVC:VN05Y,investing_bonds-20260606T023625Z-84131e,2026-06-06T02:36:43Z
2026-06-06,7Y,4.325,tradingview:TVC:VN07Y,investing_bonds-20260606T023625Z-84131e,2026-06-06T02:36:43Z
2026-06-12,10Y,4.34,vbma_weekly:https://vbma.org.vn/storage/reports/June2026/08062026-12062026 BAO CAO TUAN TTTP1.pdf,vbma_weekly_local-20260708T043116Z,2026-07-08T04:31:16Z
2026-06-12,15Y,4.53,vbma_weekly:https://vbma.org.vn/storage/reports/June2026/08062026-12062026 BAO CAO TUAN TTTP1.pdf,vbma_weekly_local-20260708T043116Z,2026-07-08T04:31:16Z
2026-06-12,1Y,3.35,vbma_weekly:https://vbma.org.vn/storage/reports/June2026/08062026-12062026 BAO CAO TUAN TTTP1.pdf,vbma_weekly_local-20260708T043116Z,2026-07-08T04:31:16Z
2026-06-12,20Y,4.59,vbma_weekly:https://vbma.org.vn/storage/reports/June2026/08062026-12062026 BAO CAO TUAN TTTP1.pdf,vbma_weekly_local-20260708T043116Z,2026-07-08T04:31:16Z
2026-06-12,2Y,3.45,vbma_weekly:https://vbma.org.vn/storage/reports/June2026/08062026-12062026 BAO CAO TUAN TTTP1.pdf,vbma_weekly_local-20260708T043116Z,2026-07-08T04:31:16Z
2026-06-12,30Y,4.65,vbma_weekly:https://vbma.org.vn/storage/reports/June2026/08062026-12062026 BAO CAO TUAN TTTP1.pdf,vbma_weekly_local-20260708T043116Z,2026-07-08T04:31:16Z
2026-06-12,3Y,3.53,vbma_weekly:https://vbma.org.vn/storage/reports/June2026/08062026-12062026 BAO CAO TUAN TTTP1.pdf,vbma_weekly_local-20260708T043116Z,2026-07-08T04:31:16Z
2026-06-12,5Y,4.14,vbma_weekly:https://vbma.org.vn/storage/reports/June2026/08062026-12062026 BAO CAO TUAN TTTP1.pdf,vbma_weekly_local-20260708T043116Z,2026-07-08T04:31:16Z
2026-06-12,7Y,4.18,vbma_weekly:https://vbma.org.vn/storage/reports/June2026/08062026-12062026 BAO CAO TUAN TTTP1.pdf,vbma_weekly_local-20260708T043116Z,2026-07-08T04:31:16Z
2026-06-13,10Y,4.482,tradingview:TVC:VN10Y,investing_bonds-20260613T015942Z-e5b740,2026-06-13T02:00:00Z
2026-06-13,15Y,4.689,tradingview:TVC:VN15Y,investing_bonds-20260613T015942Z-e5b740,2026-06-13T02:00:00Z
2026-06-13,1Y,3.595,tradingview:TVC:VN01Y,investing_bonds-20260613T015942Z-e5b740,2026-06-13T02:00:00Z
2026-06-13,2Y,3.529,tradingview:TVC:VN02Y,investing_bonds-20260613T015942Z-e5b740,2026-06-13T02:00:00Z
2026-06-13,3Y,3.716,tradingview:TVC:VN03Y,investing_bonds-20260613T015942Z-e5b740,2026-06-13T02:00:00Z
2026-06-13,5Y,4.289,tradingview:TVC:VN05Y,investing_bonds-20260613T015942Z-e5b740,2026-06-13T02:00:00Z
2026-06-13,7Y,4.341,tradingview:TVC:VN07Y,investing_bonds-20260613T015942Z-e5b740,2026-06-13T02:00:00Z
2026-06-15,10Y,4.4823,tradingview:TVC:VN10Y,investing_bonds-20260615T005358Z-1b0399,2026-06-15T00:54:16Z
2026-06-15,15Y,4.6891,tradingview:TVC:VN15Y,investing_bonds-20260615T005358Z-1b0399,2026-06-15T00:54:16Z
2026-06-15,1Y,3.5949,tradingview:TVC:VN01Y,investing_bonds-20260615T005358Z-1b0399,2026-06-15T00:54:16Z
2026-06-15,2Y,3.5289,tradingview:TVC:VN02Y,investing_bonds-20260615T005358Z-1b0399,2026-06-15T00:54:16Z
2026-06-15,3Y,3.7153,tradingview:TVC:VN03Y,investing_bonds-20260615T005358Z-1b0399,2026-06-15T00:54:16Z
2026-06-15,5Y,4.2887,tradingview:TVC:VN05Y,investing_bonds-20260615T005358Z-1b0399,2026-06-15T00:54:16Z
2026-06-15,7Y,4.3407,tradingview:TVC:VN07Y,investing_bonds-20260615T005358Z-1b0399,2026-06-15T00:54:16Z
2026-06-16,10Y,4.4871,tradingview:TVC:VN10Y,investing_bonds-20260616T053232Z-3071d3,2026-06-16T05:32:50Z
2026-06-16,15Y,4.6889,tradingview:TVC:VN15Y,investing_bonds-20260616T053232Z-3071d3,2026-06-16T05:32:50Z
2026-06-16,1Y,3.5842,tradingview:TVC:VN01Y,investing_bonds-20260616T053232Z-3071d3,2026-06-16T05:32:50Z
2026-06-16,2Y,3.5319,tradingview:TVC:VN02Y,investing_bonds-20260616T053232Z-3071d3,2026-06-16T05:32:50Z
2026-06-16,3Y,3.7148,tradingview:TVC:VN03Y,investing_bonds-20260616T053232Z-3071d3,2026-06-16T05:32:50Z
2026-06-16,5Y,4.2953,tradingview:TVC:VN05Y,investing_bonds-20260616T053232Z-3071d3,2026-06-16T05:32:50Z
2026-06-16,7Y,4.3454,tradingview:TVC:VN07Y,investing_bonds-20260616T053232Z-3071d3,2026-06-16T05:32:50Z
2026-06-18,10Y,4.4868,tradingview:TVC:VN10Y,investing_bonds-20260618T025128Z-445a7f,2026-06-18T02:51:46Z
2026-06-18,15Y,4.6903,tradingview:TVC:VN15Y,investing_bonds-20260618T025128Z-445a7f,2026-06-18T02:51:46Z
2026-06-18,1Y,3.5838,tradingview:TVC:VN01Y,investing_bonds-20260618T025128Z-445a7f,2026-06-18T02:51:46Z
2026-06-18,2Y,3.5383,tradingview:TVC:VN02Y,investing_bonds-20260618T025128Z-445a7f,2026-06-18T02:51:46Z
2026-06-18,3Y,3.7131,tradingview:TVC:VN03Y,investing_bonds-20260618T025128Z-445a7f,2026-06-18T02:51:46Z
2026-06-18,5Y,4.2952,tradingview:TVC:VN05Y,investing_bonds-20260618T025128Z-445a7f,2026-06-18T02:51:46Z
2026-06-18,7Y,4.3452,tradingview:TVC:VN07Y,investing_bonds-20260618T025128Z-445a7f,2026-06-18T02:51:46Z
2026-06-19,10Y,4.37,vbma_weekly:https://vbma.org.vn/storage/reports/June2026/15062026-19062026 BAO CAO TUAN TTTP2.pdf,vbma_weekly_local-20260708T043116Z,2026-07-08T04:31:16Z
2026-06-19,15Y,4.55,vbma_weekly:https://vbma.org.vn/storage/reports/June2026/15062026-19062026 BAO CAO TUAN TTTP2.pdf,vbma_weekly_local-20260708T043116Z,2026-07-08T04:31:16Z
2026-06-19,1Y,3.37,vbma_weekly:https://vbma.org.vn/storage/reports/June2026/15062026-19062026 BAO CAO TUAN TTTP2.pdf,vbma_weekly_local-20260708T043116Z,2026-07-08T04:31:16Z
2026-06-19,20Y,4.61,vbma_weekly:https://vbma.org.vn/storage/reports/June2026/15062026-19062026 BAO CAO TUAN TTTP2.pdf,vbma_weekly_local-20260708T043116Z,2026-07-08T04:31:16Z
2026-06-19,2Y,3.46,vbma_weekly:https://vbma.org.vn/storage/reports/June2026/15062026-19062026 BAO CAO TUAN TTTP2.pdf,vbma_weekly_local-20260708T043116Z,2026-07-08T04:31:16Z
2026-06-19,30Y,4.68,vbma_weekly:https://vbma.org.vn/storage/reports/June2026/15062026-19062026 BAO CAO TUAN TTTP2.pdf,vbma_weekly_local-20260708T043116Z,2026-07-08T04:31:16Z
2026-06-19,3Y,3.55,vbma_weekly:https://vbma.org.vn/storage/reports/June2026/15062026-19062026 BAO CAO TUAN TTTP2.pdf,vbma_weekly_local-20260708T043116Z,2026-07-08T04:31:16Z
2026-06-19,5Y,4.17,vbma_weekly:https://vbma.org.vn/storage/reports/June2026/15062026-19062026 BAO CAO TUAN TTTP2.pdf,vbma_weekly_local-20260708T043116Z,2026-07-08T04:31:16Z
2026-06-19,7Y,4.21,vbma_weekly:https://vbma.org.vn/storage/reports/June2026/15062026-19062026 BAO CAO TUAN TTTP2.pdf,vbma_weekly_local-20260708T043116Z,2026-07-08T04:31:16Z
2026-06-23,10Y,4.5282,tradingview:TVC:VN10Y,investing_bonds-20260623T020630Z-9cd0b8,2026-06-23T02:06:48Z
2026-06-23,15Y,4.7175,tradingview:TVC:VN15Y,investing_bonds-20260623T020630Z-9cd0b8,2026-06-23T02:06:48Z
2026-06-23,1Y,3.6059,tradingview:TVC:VN01Y,investing_bonds-20260623T020630Z-9cd0b8,2026-06-23T02:06:48Z
2026-06-23,2Y,3.5403,tradingview:TVC:VN02Y,investing_bonds-20260623T020630Z-9cd0b8,2026-06-23T02:06:48Z
2026-06-23,3Y,3.7219,tradingview:TVC:VN03Y,investing_bonds-20260623T020630Z-9cd0b8,2026-06-23T02:06:48Z
2026-06-23,5Y,4.3132,tradingview:TVC:VN05Y,investing_bonds-20260623T020630Z-9cd0b8,2026-06-23T02:06:48Z
2026-06-23,7Y,4.3946,tradingview:TVC:VN07Y,investing_bonds-20260623T020630Z-9cd0b8,2026-06-23T02:06:48Z
2026-06-24,10Y,4.5261,tradingview:TVC:VN10Y,investing_bonds-20260624T010118Z-aad01b,2026-06-24T01:01:36Z
2026-06-24,15Y,4.7129,tradingview:TVC:VN15Y,investing_bonds-20260624T010118Z-aad01b,2026-06-24T01:01:36Z
2026-06-24,1Y,3.6058,tradingview:TVC:VN01Y,investing_bonds-20260624T010118Z-aad01b,2026-06-24T01:01:36Z
2026-06-24,2Y,3.5398,tradingview:TVC:VN02Y,investing_bonds-20260624T010118Z-aad01b,2026-06-24T01:01:36Z
2026-06-24,3Y,3.7214,tradingview:TVC:VN03Y,investing_bonds-20260624T010118Z-aad01b,2026-06-24T01:01:36Z
2026-06-24,5Y,4.3198,tradingview:TVC:VN05Y,investing_bonds-20260624T010118Z-aad01b,2026-06-24T01:01:36Z
2026-06-24,7Y,4.3944,tradingview:TVC:VN07Y,investing_bonds-20260624T010118Z-aad01b,2026-06-24T01:01:36Z
2026-06-25,10Y,4.528,tradingview:TVC:VN10Y,investing_bonds-20260625T041005Z-d99eb1,2026-06-25T04:10:24Z
2026-06-25,15Y,4.7211,tradingview:TVC:VN15Y,investing_bonds-20260625T041005Z-d99eb1,2026-06-25T04:10:24Z
2026-06-25,1Y,3.6056,tradingview:TVC:VN01Y,investing_bonds-20260625T041005Z-d99eb1,2026-06-25T04:10:24Z
2026-06-25,2Y,3.5398,tradingview:TVC:VN02Y,investing_bonds-20260625T041005Z-d99eb1,2026-06-25T04:10:24Z
2026-06-25,3Y,3.7206,tradingview:TVC:VN03Y,investing_bonds-20260625T041005Z-d99eb1,2026-06-25T04:10:24Z
2026-06-25,5Y,4.3198,tradingview:TVC:VN05Y,investing_bonds-20260625T041005Z-d99eb1,2026-06-25T04:10:24Z
2026-06-25,7Y,4.3942,tradingview:TVC:VN07Y,investing_bonds-20260625T041005Z-d99eb1,2026-06-25T04:10:24Z
2026-06-26,10Y,4.4,vbma_weekly:https://vbma.org.vn/storage/reports/July2026/22062026-26062026 BAO CAO TUAN TTTP.pdf,vbma_weekly_local-20260708T043116Z,2026-07-08T04:31:16Z
2026-06-26,15Y,4.57,vbma_weekly:https://vbma.org.vn/storage/reports/July2026/22062026-26062026 BAO CAO TUAN TTTP.pdf,vbma_weekly_local-20260708T043116Z,2026-07-08T04:31:16Z
2026-06-26,1Y,3.38,vbma_weekly:https://vbma.org.vn/storage/reports/July2026/22062026-26062026 BAO CAO TUAN TTTP.pdf,vbma_weekly_local-20260708T043116Z,2026-07-08T04:31:16Z
2026-06-26,20Y,4.62,vbma_weekly:https://vbma.org.vn/storage/reports/July2026/22062026-26062026 BAO CAO TUAN TTTP.pdf,vbma_weekly_local-20260708T043116Z,2026-07-08T04:31:16Z
2026-06-26,2Y,3.48,vbma_weekly:https://vbma.org.vn/storage/reports/July2026/22062026-26062026 BAO CAO TUAN TTTP.pdf,vbma_weekly_local-20260708T043116Z,2026-07-08T04:31:16Z
2026-06-26,30Y,4.69,vbma_weekly:https://vbma.org.vn/storage/reports/July2026/22062026-26062026 BAO CAO TUAN TTTP.pdf,vbma_weekly_local-20260708T043116Z,2026-07-08T04:31:16Z
2026-06-26,3Y,3.56,vbma_weekly:https://vbma.org.vn/storage/reports/July2026/22062026-26062026 BAO CAO TUAN TTTP.pdf,vbma_weekly_local-20260708T043116Z,2026-07-08T04:31:16Z
2026-06-26,5Y,4.19,vbma_weekly:https://vbma.org.vn/storage/reports/July2026/22062026-26062026 BAO CAO TUAN TTTP.pdf,vbma_weekly_local-20260708T043116Z,2026-07-08T04:31:16Z
2026-06-26,7Y,4.25,vbma_weekly:https://vbma.org.vn/storage/reports/July2026/22062026-26062026 BAO CAO TUAN TTTP.pdf,vbma_weekly_local-20260708T043116Z,2026-07-08T04:31:16Z
2026-06-27,10Y,4.5208,tradingview:TVC:VN10Y,investing_bonds-20260627T025005Z-5c1954,2026-06-27T02:50:23Z
2026-06-27,15Y,4.7164,tradingview:TVC:VN15Y,investing_bonds-20260627T025005Z-5c1954,2026-06-27T02:50:23Z
2026-06-27,1Y,3.6218,tradingview:TVC:VN01Y,investing_bonds-20260627T025005Z-5c1954,2026-06-27T02:50:23Z
2026-06-27,2Y,3.563,tradingview:TVC:VN02Y,investing_bonds-20260627T025005Z-5c1954,2026-06-27T02:50:23Z
2026-06-27,3Y,3.7298,tradingview:TVC:VN03Y,investing_bonds-20260627T025005Z-5c1954,2026-06-27T02:50:23Z
2026-06-27,5Y,4.3224,tradingview:TVC:VN05Y,investing_bonds-20260627T025005Z-5c1954,2026-06-27T02:50:23Z
2026-06-27,7Y,4.3919,tradingview:TVC:VN07Y,investing_bonds-20260627T025005Z-5c1954,2026-06-27T02:50:23Z
2026-06-30,10Y,4.5226,tradingview:TVC:VN10Y,investing_bonds-20260630T111849Z-e0b23f,2026-06-30T11:19:07Z
2026-06-30,15Y,4.7144,tradingview:TVC:VN15Y,investing_bonds-20260630T111849Z-e0b23f,2026-06-30T11:19:07Z
2026-06-30,1Y,3.6256,tradingview:TVC:VN01Y,investing_bonds-20260630T111849Z-e0b23f,2026-06-30T11:19:07Z
2026-06-30,2Y,3.5671,tradingview:TVC:VN02Y,investing_bonds-20260630T111849Z-e0b23f,2026-06-30T11:19:07Z
2026-06-30,3Y,3.733,tradingview:TVC:VN03Y,investing_bonds-20260630T111849Z-e0b23f,2026-06-30T11:19:07Z
2026-06-30,5Y,4.3283,tradingview:TVC:VN05Y,investing_bonds-20260630T111849Z-e0b23f,2026-06-30T11:19:07Z
2026-06-30,7Y,4.4026,tradingview:TVC:VN07Y,investing_bonds-20260630T111849Z-e0b23f,2026-06-30T11:19:07Z
2026-07-03,10Y,4.4,vbma_weekly:https://vbma.org.vn/storage/reports/July2026/29062026-03072026 BAO CAO TUAN TTTP-2.pdf,vbma_weekly_local-20260712T035457Z,2026-07-12T03:54:57Z
2026-07-03,15Y,4.57,vbma_weekly:https://vbma.org.vn/storage/reports/July2026/29062026-03072026 BAO CAO TUAN TTTP-2.pdf,vbma_weekly_local-20260712T035457Z,2026-07-12T03:54:57Z
2026-07-03,1Y,3.4,vbma_weekly:https://vbma.org.vn/storage/reports/July2026/29062026-03072026 BAO CAO TUAN TTTP-2.pdf,vbma_weekly_local-20260712T035457Z,2026-07-12T03:54:57Z
2026-07-03,20Y,4.64,vbma_weekly:https://vbma.org.vn/storage/reports/July2026/29062026-03072026 BAO CAO TUAN TTTP-2.pdf,vbma_weekly_local-20260712T035457Z,2026-07-12T03:54:57Z
2026-07-03,2Y,3.5,vbma_weekly:https://vbma.org.vn/storage/reports/July2026/29062026-03072026 BAO CAO TUAN TTTP-2.pdf,vbma_weekly_local-20260712T035457Z,2026-07-12T03:54:57Z
2026-07-03,30Y,4.71,vbma_weekly:https://vbma.org.vn/storage/reports/July2026/29062026-03072026 BAO CAO TUAN TTTP-2.pdf,vbma_weekly_local-20260712T035457Z,2026-07-12T03:54:57Z
2026-07-03,3Y,3.57,vbma_weekly:https://vbma.org.vn/storage/reports/July2026/29062026-03072026 BAO CAO TUAN TTTP-2.pdf,vbma_weekly_local-20260712T035457Z,2026-07-12T03:54:57Z
2026-07-03,5Y,4.2,vbma_weekly:https://vbma.org.vn/storage/reports/July2026/29062026-03072026 BAO CAO TUAN TTTP-2.pdf,vbma_weekly_local-20260712T035457Z,2026-07-12T03:54:57Z
2026-07-03,7Y,4.26,vbma_weekly:https://vbma.org.vn/storage/reports/July2026/29062026-03072026 BAO CAO TUAN TTTP-2.pdf,vbma_weekly_local-20260712T035457Z,2026-07-12T03:54:57Z
2026-07-06,10Y,4.5315,tradingview:TVC:VN10Y,investing_bonds-20260706T070021Z-453ded,2026-07-06T07:00:39Z
2026-07-06,15Y,4.7187,tradingview:TVC:VN15Y,investing_bonds-20260706T070021Z-453ded,2026-07-06T07:00:39Z
2026-07-06,1Y,3.5438,tradingview:TVC:VN01Y,investing_bonds-20260706T070021Z-453ded,2026-07-06T07:00:39Z
2026-07-06,2Y,3.6566,tradingview:TVC:VN02Y,investing_bonds-20260706T070021Z-453ded,2026-07-06T07:00:39Z
2026-07-06,3Y,3.728,tradingview:TVC:VN03Y,investing_bonds-20260706T070021Z-453ded,2026-07-06T07:00:39Z
2026-07-06,5Y,4.3265,tradingview:TVC:VN05Y,investing_bonds-20260706T070021Z-453ded,2026-07-06T07:00:39Z
2026-07-06,7Y,4.4039,tradingview:TVC:VN07Y,investing_bonds-20260706T070021Z-453ded,2026-07-06T07:00:39Z
2026-07-08,10Y,4.5393,tradingview:TVC:VN10Y,investing_bonds-20260708T022609Z-cd3fd2,2026-07-08T02:26:28Z
2026-07-08,15Y,4.7242,tradingview:TVC:VN15Y,investing_bonds-20260708T022609Z-cd3fd2,2026-07-08T02:26:28Z
2026-07-08,1Y,3.5428,tradingview:TVC:VN01Y,investing_bonds-20260708T022609Z-cd3fd2,2026-07-08T02:26:28Z
2026-07-08,2Y,3.6562,tradingview:TVC:VN02Y,investing_bonds-20260708T022609Z-cd3fd2,2026-07-08T02:26:28Z
2026-07-08,3Y,3.7263,tradingview:TVC:VN03Y,investing_bonds-20260708T022609Z-cd3fd2,2026-07-08T02:26:28Z
2026-07-08,5Y,4.3265,tradingview:TVC:VN05Y,investing_bonds-20260708T022609Z-cd3fd2,2026-07-08T02:26:28Z
2026-07-08,7Y,4.4036,tradingview:TVC:VN07Y,investing_bonds-20260708T022609Z-cd3fd2,2026-07-08T02:26:28Z
2026-07-10,10Y,4.4,vbma_weekly:https://vbma.org.vn/storage/reports/July2026/06072026 - 10072026 BAO CAO TUAN TTTP.pdf,vbma_weekly_local-20260721T041850Z,2026-07-21T04:18:50Z
2026-07-10,15Y,4.57,vbma_weekly:https://vbma.org.vn/storage/reports/July2026/06072026 - 10072026 BAO CAO TUAN TTTP.pdf,vbma_weekly_local-20260721T041850Z,2026-07-21T04:18:50Z
2026-07-10,1Y,3.4,vbma_weekly:https://vbma.org.vn/storage/reports/July2026/06072026 - 10072026 BAO CAO TUAN TTTP.pdf,vbma_weekly_local-20260721T041850Z,2026-07-21T04:18:50Z
2026-07-10,20Y,4.64,vbma_weekly:https://vbma.org.vn/storage/reports/July2026/06072026 - 10072026 BAO CAO TUAN TTTP.pdf,vbma_weekly_local-20260721T041850Z,2026-07-21T04:18:50Z
2026-07-10,2Y,3.5,vbma_weekly:https://vbma.org.vn/storage/reports/July2026/06072026 - 10072026 BAO CAO TUAN TTTP.pdf,vbma_weekly_local-20260721T041850Z,2026-07-21T04:18:50Z
2026-07-10,30Y,4.71,vbma_weekly:https://vbma.org.vn/storage/reports/July2026/06072026 - 10072026 BAO CAO TUAN TTTP.pdf,vbma_weekly_local-20260721T041850Z,2026-07-21T04:18:50Z
2026-07-10,3Y,3.57,vbma_weekly:https://vbma.org.vn/storage/reports/July2026/06072026 - 10072026 BAO CAO TUAN TTTP.pdf,vbma_weekly_local-20260721T041850Z,2026-07-21T04:18:50Z
2026-07-10,5Y,4.2,vbma_weekly:https://vbma.org.vn/storage/reports/July2026/06072026 - 10072026 BAO CAO TUAN TTTP.pdf,vbma_weekly_local-20260721T041850Z,2026-07-21T04:18:50Z
2026-07-10,7Y,4.26,vbma_weekly:https://vbma.org.vn/storage/reports/July2026/06072026 - 10072026 BAO CAO TUAN TTTP.pdf,vbma_weekly_local-20260721T041850Z,2026-07-21T04:18:50Z
2026-07-12,10Y,4.537,tradingview:TVC:VN10Y,investing_bonds-20260712T033654Z-7f24c7,2026-07-12T03:37:13Z
2026-07-12,15Y,4.7241,tradingview:TVC:VN15Y,investing_bonds-20260712T033654Z-7f24c7,2026-07-12T03:37:13Z
2026-07-12,1Y,3.5419,tradingview:TVC:VN01Y,investing_bonds-20260712T033654Z-7f24c7,2026-07-12T03:37:13Z
2026-07-12,2Y,3.6554,tradingview:TVC:VN02Y,investing_bonds-20260712T033654Z-7f24c7,2026-07-12T03:37:13Z
2026-07-12,3Y,3.7232,tradingview:TVC:VN03Y,investing_bonds-20260712T033654Z-7f24c7,2026-07-12T03:37:13Z
2026-07-12,5Y,4.3349,tradingview:TVC:VN05Y,investing_bonds-20260712T033654Z-7f24c7,2026-07-12T03:37:13Z
2026-07-12,7Y,4.4083,tradingview:TVC:VN07Y,investing_bonds-20260712T033654Z-7f24c7,2026-07-12T03:37:13Z
2026-07-16,10Y,4.5366,tradingview:TVC:VN10Y,investing_bonds-20260716T065351Z-4fe55a,2026-07-16T06:54:09Z
2026-07-16,15Y,4.727,tradingview:TVC:VN15Y,investing_bonds-20260716T065351Z-4fe55a,2026-07-16T06:54:09Z
2026-07-16,1Y,3.5419,tradingview:TVC:VN01Y,investing_bonds-20260716T065351Z-4fe55a,2026-07-16T06:54:09Z
2026-07-16,2Y,3.6545,tradingview:TVC:VN02Y,investing_bonds-20260716T065351Z-4fe55a,2026-07-16T06:54:09Z
2026-07-16,3Y,3.7198,tradingview:TVC:VN03Y,investing_bonds-20260716T065351Z-4fe55a,2026-07-16T06:54:09Z
2026-07-16,5Y,4.3404,tradingview:TVC:VN05Y,investing_bonds-20260716T065351Z-4fe55a,2026-07-16T06:54:09Z
2026-07-16,7Y,4.4118,tradingview:TVC:VN07Y,investing_bonds-20260716T065351Z-4fe55a,2026-07-16T06:54:09Z
2026-07-17,10Y,4.5297,tradingview:TVC:VN10Y,investing_bonds-20260717T062101Z-887d09,2026-07-17T06:21:20Z
2026-07-17,15Y,4.7314,tradingview:TVC:VN15Y,investing_bonds-20260717T062101Z-887d09,2026-07-17T06:21:20Z
2026-07-17,1Y,3.5575,tradingview:TVC:VN01Y,investing_bonds-20260717T062101Z-887d09,2026-07-17T06:21:20Z
2026-07-17,2Y,3.662,tradingview:TVC:VN02Y,investing_bonds-20260717T062101Z-887d09,2026-07-17T06:21:20Z
2026-07-17,3Y,3.725,tradingview:TVC:VN03Y,investing_bonds-20260717T062101Z-887d09,2026-07-17T06:21:20Z
2026-07-17,5Y,4.3212,tradingview:TVC:VN05Y,investing_bonds-20260717T062101Z-887d09,2026-07-17T06:21:20Z
2026-07-17,7Y,4.4073,tradingview:TVC:VN07Y,investing_bonds-20260717T062101Z-887d09,2026-07-17T06:21:20Z
2026-07-18,10Y,4.5297,tradingview:TVC:VN10Y,investing_bonds-20260718T022502Z-947ad1,2026-07-18T02:25:21Z
2026-07-18,15Y,4.7314,tradingview:TVC:VN15Y,investing_bonds-20260718T022502Z-947ad1,2026-07-18T02:25:21Z
2026-07-18,1Y,3.5575,tradingview:TVC:VN01Y,investing_bonds-20260718T022502Z-947ad1,2026-07-18T02:25:21Z
2026-07-18,2Y,3.662,tradingview:TVC:VN02Y,investing_bonds-20260718T022502Z-947ad1,2026-07-18T02:25:21Z
2026-07-18,3Y,3.725,tradingview:TVC:VN03Y,investing_bonds-20260718T022502Z-947ad1,2026-07-18T02:25:21Z
2026-07-18,5Y,4.3212,tradingview:TVC:VN05Y,investing_bonds-20260718T022502Z-947ad1,2026-07-18T02:25:21Z
2026-07-18,7Y,4.4073,tradingview:TVC:VN07Y,investing_bonds-20260718T022502Z-947ad1,2026-07-18T02:25:21Z
2026-07-21,10Y,4.5303,tradingview:TVC:VN10Y,investing_bonds-20260721T031932Z-44c79c,2026-07-21T03:19:50Z
2026-07-21,15Y,4.7257,tradingview:TVC:VN15Y,investing_bonds-20260721T031932Z-44c79c,2026-07-21T03:19:50Z
2026-07-21,1Y,3.5577,tradingview:TVC:VN01Y,investing_bonds-20260721T031932Z-44c79c,2026-07-21T03:19:50Z
2026-07-21,2Y,3.6616,tradingview:TVC:VN02Y,investing_bonds-20260721T031932Z-44c79c,2026-07-21T03:19:50Z
2026-07-21,3Y,3.7234,tradingview:TVC:VN03Y,investing_bonds-20260721T031932Z-44c79c,2026-07-21T03:19:50Z
2026-07-21,5Y,4.3229,tradingview:TVC:VN05Y,investing_bonds-20260721T031932Z-44c79c,2026-07-21T03:19:50Z
2026-07-21,7Y,4.411,tradingview:TVC:VN07Y,investing_bonds-20260721T031932Z-44c79c,2026-07-21T03:19:50Z
