report_date,sector,maturity_bucket,yield_avg_pct,yield_median_pct,issuance_count,source,scrape_run_id,scraped_at
2025-09-05,bank,<=3Y,5.017424242424243,5.9,9,vbma_weekly:https://vbma.org.vn/storage/reports/September2025/25082025-05092025  BAO CAO TUAN TTTP.pdf,vbma_weekly_local-20260528T075604Z,2026-05-28T07:56:04Z
2025-09-05,bank,>5Y,5.008333333333333,5.449999999999999,4,vbma_weekly:https://vbma.org.vn/storage/reports/September2025/25082025-05092025  BAO CAO TUAN TTTP.pdf,vbma_weekly_local-20260528T075604Z,2026-05-28T07:56:04Z
2025-09-05,non_bank_corp,<=3Y,6.14757281553398,6.19,2,vbma_weekly:https://vbma.org.vn/storage/reports/September2025/25082025-05092025  BAO CAO TUAN TTTP.pdf,vbma_weekly_local-20260528T075604Z,2026-05-28T07:56:04Z
2025-09-05,non_bank_corp,>5Y,5.3,5.3,1,vbma_weekly:https://vbma.org.vn/storage/reports/September2025/25082025-05092025  BAO CAO TUAN TTTP.pdf,vbma_weekly_local-20260528T075604Z,2026-05-28T07:56:04Z
2025-09-12,bank,<=3Y,5.766666666666667,5.85,3,vbma_weekly:https://vbma.org.vn/storage/reports/September2025/08092025-12092025  BAO CAO TUAN TTTP.pdf,vbma_weekly_local-20260528T075604Z,2026-05-28T07:56:04Z
2025-09-12,non_bank_corp,<=3Y,8.95,8.95,1,vbma_weekly:https://vbma.org.vn/storage/reports/September2025/08092025-12092025  BAO CAO TUAN TTTP.pdf,vbma_weekly_local-20260528T075604Z,2026-05-28T07:56:04Z
2025-09-19,bank,<=3Y,6.083333333333333,5.85,5,vbma_weekly:https://vbma.org.vn/storage/reports/September2025/15092025-19092025  BAO CAO TUAN TTTP.pdf,vbma_weekly_local-20260528T075604Z,2026-05-28T07:56:04Z
2025-09-19,bank,>5Y,6.430769230769231,7.399999999999999,2,vbma_weekly:https://vbma.org.vn/storage/reports/September2025/15092025-19092025  BAO CAO TUAN TTTP.pdf,vbma_weekly_local-20260528T075604Z,2026-05-28T07:56:04Z
2025-09-19,non_bank_corp,3Y_5Y,8.5,8.5,1,vbma_weekly:https://vbma.org.vn/storage/reports/September2025/15092025-19092025  BAO CAO TUAN TTTP.pdf,vbma_weekly_local-20260528T075604Z,2026-05-28T07:56:04Z
2025-09-19,non_bank_corp,<=3Y,8.95,8.95,1,vbma_weekly:https://vbma.org.vn/storage/reports/September2025/15092025-19092025  BAO CAO TUAN TTTP.pdf,vbma_weekly_local-20260528T075604Z,2026-05-28T07:56:04Z
2025-09-19,non_bank_corp,>5Y,7.713513513513513,7.55,2,vbma_weekly:https://vbma.org.vn/storage/reports/September2025/15092025-19092025  BAO CAO TUAN TTTP.pdf,vbma_weekly_local-20260528T075604Z,2026-05-28T07:56:04Z
2025-09-26,bank,3Y_5Y,5.8,5.8,1,vbma_weekly:https://vbma.org.vn/storage/reports/September2025/22092025-26092025  BAO CAO TUAN TTTP.pdf,vbma_weekly_local-20260528T075604Z,2026-05-28T07:56:04Z
2025-09-26,bank,<=3Y,7.31,7.675,2,vbma_weekly:https://vbma.org.vn/storage/reports/September2025/22092025-26092025  BAO CAO TUAN TTTP.pdf,vbma_weekly_local-20260528T075604Z,2026-05-28T07:56:04Z
2025-09-26,bank,>5Y,6.376392496392497,6.08,8,vbma_weekly:https://vbma.org.vn/storage/reports/September2025/22092025-26092025  BAO CAO TUAN TTTP.pdf,vbma_weekly_local-20260528T075604Z,2026-05-28T07:56:04Z
2025-09-26,non_bank_corp,3Y_5Y,9.2,9.2,1,vbma_weekly:https://vbma.org.vn/storage/reports/September2025/22092025-26092025  BAO CAO TUAN TTTP.pdf,vbma_weekly_local-20260528T075604Z,2026-05-28T07:56:04Z
2025-09-26,non_bank_corp,<=3Y,5.8171567141558045,5.6,3,vbma_weekly:https://vbma.org.vn/storage/reports/September2025/22092025-26092025  BAO CAO TUAN TTTP.pdf,vbma_weekly_local-20260528T075604Z,2026-05-28T07:56:04Z
2025-09-26,non_bank_corp,>5Y,5.85,5.85,1,vbma_weekly:https://vbma.org.vn/storage/reports/September2025/22092025-26092025  BAO CAO TUAN TTTP.pdf,vbma_weekly_local-20260528T075604Z,2026-05-28T07:56:04Z
2025-10-03,bank,3Y_5Y,2.0,2.0,1,vbma_weekly:https://vbma.org.vn/storage/reports/December2025/29092025-03102025  BAO CAO TUAN TTTP.pdf,vbma_weekly_local-20260528T075604Z,2026-05-28T07:56:04Z
2025-10-03,bank,<=3Y,5.808374384236453,5.85,11,vbma_weekly:https://vbma.org.vn/storage/reports/December2025/29092025-03102025  BAO CAO TUAN TTTP.pdf,vbma_weekly_local-20260528T075604Z,2026-05-28T07:56:04Z
2025-10-03,bank,>5Y,6.26,6.26,1,vbma_weekly:https://vbma.org.vn/storage/reports/December2025/29092025-03102025  BAO CAO TUAN TTTP.pdf,vbma_weekly_local-20260528T075604Z,2026-05-28T07:56:04Z
2025-10-03,non_bank_corp,3Y_5Y,8.5,8.5,1,vbma_weekly:https://vbma.org.vn/storage/reports/December2025/29092025-03102025  BAO CAO TUAN TTTP.pdf,vbma_weekly_local-20260528T075604Z,2026-05-28T07:56:04Z
2025-10-03,non_bank_corp,<=3Y,10.25545757608345,9.5,5,vbma_weekly:https://vbma.org.vn/storage/reports/December2025/29092025-03102025  BAO CAO TUAN TTTP.pdf,vbma_weekly_local-20260528T075604Z,2026-05-28T07:56:04Z
2025-10-03,non_bank_corp,>5Y,9.2,9.2,2,vbma_weekly:https://vbma.org.vn/storage/reports/December2025/29092025-03102025  BAO CAO TUAN TTTP.pdf,vbma_weekly_local-20260528T075604Z,2026-05-28T07:56:04Z
2025-10-10,bank,<=3Y,6.453846153846154,6.5,3,vbma_weekly:https://vbma.org.vn/storage/reports/December2025/06102025-10102025%20%20BAO%20CAO%20TUAN%20TTTP.pdf,vbma_weekly_local-20260528T125059Z,2026-05-28T12:50:59Z
2025-10-10,non_bank_corp,3Y_5Y,7.25,7.25,1,vbma_weekly:https://vbma.org.vn/storage/reports/December2025/06102025-10102025%20%20BAO%20CAO%20TUAN%20TTTP.pdf,vbma_weekly_local-20260528T125059Z,2026-05-28T12:50:59Z
2025-10-10,non_bank_corp,<=3Y,8.0,8.0,1,vbma_weekly:https://vbma.org.vn/storage/reports/December2025/06102025-10102025%20%20BAO%20CAO%20TUAN%20TTTP.pdf,vbma_weekly_local-20260528T125059Z,2026-05-28T12:50:59Z
2025-10-17,bank,<=3Y,6.8,6.5,3,vbma_weekly:https://vbma.org.vn/storage/reports/December2025/13102025-17102025%20%20BAO%20CAO%20TUAN%20TTTP.pdf,vbma_weekly_local-20260528T125059Z,2026-05-28T12:50:59Z
2025-10-17,bank,>5Y,6.174384236453202,6.25,4,vbma_weekly:https://vbma.org.vn/storage/reports/December2025/13102025-17102025%20%20BAO%20CAO%20TUAN%20TTTP.pdf,vbma_weekly_local-20260528T125059Z,2026-05-28T12:50:59Z
2025-10-17,non_bank_corp,3Y_5Y,3.260204081632653,4.375,2,vbma_weekly:https://vbma.org.vn/storage/reports/December2025/13102025-17102025%20%20BAO%20CAO%20TUAN%20TTTP.pdf,vbma_weekly_local-20260528T125059Z,2026-05-28T12:50:59Z
2025-10-17,non_bank_corp,<=3Y,9.0,9.0,1,vbma_weekly:https://vbma.org.vn/storage/reports/December2025/13102025-17102025  BAO CAO TUAN TTTP.pdf,vbma_weekly_local-20260528T075604Z,2026-05-28T07:56:04Z
2025-10-17,non_bank_corp,>5Y,6.5,6.5,1,vbma_weekly:https://vbma.org.vn/storage/reports/December2025/13102025-17102025  BAO CAO TUAN TTTP.pdf,vbma_weekly_local-20260528T075604Z,2026-05-28T07:56:04Z
2025-10-17,real_estate,3Y_5Y,13.5,13.5,1,vbma_weekly:https://vbma.org.vn/storage/reports/December2025/13102025-17102025%20%20BAO%20CAO%20TUAN%20TTTP.pdf,vbma_weekly_local-20260528T125059Z,2026-05-28T12:50:59Z
2025-10-17,real_estate,<=3Y,9.0,9.0,1,vbma_weekly:https://vbma.org.vn/storage/reports/December2025/13102025-17102025%20%20BAO%20CAO%20TUAN%20TTTP.pdf,vbma_weekly_local-20260528T125059Z,2026-05-28T12:50:59Z
2025-10-17,real_estate,>5Y,6.5,6.5,1,vbma_weekly:https://vbma.org.vn/storage/reports/December2025/13102025-17102025%20%20BAO%20CAO%20TUAN%20TTTP.pdf,vbma_weekly_local-20260528T125059Z,2026-05-28T12:50:59Z
2025-11-07,bank,<=3Y,6.961538461538462,6.1,7,vbma_weekly:https://vbma.org.vn/storage/reports/December2025/03112025-07112025%20%20BAO%20CAO%20TUAN%20TTTP.pdf,vbma_weekly_local-20260528T125059Z,2026-05-28T12:50:59Z
2025-11-07,bank,>5Y,6.778004807692308,6.5,5,vbma_weekly:https://vbma.org.vn/storage/reports/December2025/03112025-07112025%20%20BAO%20CAO%20TUAN%20TTTP.pdf,vbma_weekly_local-20260528T125059Z,2026-05-28T12:50:59Z
2025-11-07,non_bank_corp,3Y_5Y,6.1,6.1,1,vbma_weekly:https://vbma.org.vn/storage/reports/December2025/03112025-07112025%20%20BAO%20CAO%20TUAN%20TTTP.pdf,vbma_weekly_local-20260528T125059Z,2026-05-28T12:50:59Z
2025-11-07,non_bank_corp,>5Y,6.6007299270073,7.075,2,vbma_weekly:https://vbma.org.vn/storage/reports/December2025/03112025-07112025%20%20BAO%20CAO%20TUAN%20TTTP.pdf,vbma_weekly_local-20260528T125059Z,2026-05-28T12:50:59Z
2025-11-07,real_estate,3Y_5Y,6.3,6.3,1,vbma_weekly:https://vbma.org.vn/storage/reports/December2025/03112025-07112025%20%20BAO%20CAO%20TUAN%20TTTP.pdf,vbma_weekly_local-20260528T125059Z,2026-05-28T12:50:59Z
2025-11-07,real_estate,<=3Y,8.3,8.3,1,vbma_weekly:https://vbma.org.vn/storage/reports/December2025/03112025-07112025%20%20BAO%20CAO%20TUAN%20TTTP.pdf,vbma_weekly_local-20260528T125059Z,2026-05-28T12:50:59Z
2025-11-14,bank,<=3Y,6.3,6.2,3,vbma_weekly:https://vbma.org.vn/storage/reports/December2025/10112025-14112025%20%20BAO%20CAO%20TUAN%20TTTP.pdf,vbma_weekly_local-20260528T125059Z,2026-05-28T12:50:59Z
2025-11-14,non_bank_corp,>5Y,9.136054421768709,9.1,3,vbma_weekly:https://vbma.org.vn/storage/reports/December2025/10112025-14112025  BAO CAO TUAN TTTP.pdf,vbma_weekly_local-20260528T075604Z,2026-05-28T07:56:04Z
2025-11-14,real_estate,>5Y,9.136054421768709,9.1,3,vbma_weekly:https://vbma.org.vn/storage/reports/December2025/10112025-14112025%20%20BAO%20CAO%20TUAN%20TTTP.pdf,vbma_weekly_local-20260528T125059Z,2026-05-28T12:50:59Z
2025-11-21,bank,<=3Y,6.42987012987013,6.4,5,vbma_weekly:https://vbma.org.vn/storage/reports/December2025/17112025-21112025%20%20BAO%20CAO%20TUAN%20TTTP.pdf,vbma_weekly_local-20260528T125059Z,2026-05-28T12:50:59Z
2025-11-21,bank,>5Y,8.740608228980323,6.65,2,vbma_weekly:https://vbma.org.vn/storage/reports/December2025/17112025-21112025%20%20BAO%20CAO%20TUAN%20TTTP.pdf,vbma_weekly_local-20260528T125059Z,2026-05-28T12:50:59Z
2025-11-21,non_bank_corp,3Y_5Y,9.092889173606665,9.5,2,vbma_weekly:https://vbma.org.vn/storage/reports/December2025/17112025-21112025%20%20BAO%20CAO%20TUAN%20TTTP.pdf,vbma_weekly_local-20260528T125059Z,2026-05-28T12:50:59Z
2025-11-21,non_bank_corp,<=3Y,9.0,9.0,1,vbma_weekly:https://vbma.org.vn/storage/reports/December2025/17112025-21112025%20%20BAO%20CAO%20TUAN%20TTTP.pdf,vbma_weekly_local-20260528T125059Z,2026-05-28T12:50:59Z
2025-11-21,non_bank_corp,>5Y,7.5425101214574894,9.05,4,vbma_weekly:https://vbma.org.vn/storage/reports/December2025/17112025-21112025  BAO CAO TUAN TTTP.pdf,vbma_weekly_local-20260528T075604Z,2026-05-28T07:56:04Z
2025-11-21,real_estate,<=3Y,10.3,10.3,1,vbma_weekly:https://vbma.org.vn/storage/reports/December2025/17112025-21112025%20%20BAO%20CAO%20TUAN%20TTTP.pdf,vbma_weekly_local-20260528T125059Z,2026-05-28T12:50:59Z
2025-11-21,real_estate,>5Y,7.5425101214574894,9.05,4,vbma_weekly:https://vbma.org.vn/storage/reports/December2025/17112025-21112025%20%20BAO%20CAO%20TUAN%20TTTP.pdf,vbma_weekly_local-20260528T125059Z,2026-05-28T12:50:59Z
2025-11-28,bank,<=3Y,6.189763779527559,6.4,7,vbma_weekly:https://vbma.org.vn/storage/reports/December2025/24112025-28112025%20%20BAO%20CAO%20TUAN%20TTTP.pdf,vbma_weekly_local-20260528T125059Z,2026-05-28T12:50:59Z
2025-11-28,bank,>5Y,8.740608228980323,6.65,2,vbma_weekly:https://vbma.org.vn/storage/reports/December2025/24112025-28112025%20%20BAO%20CAO%20TUAN%20TTTP.pdf,vbma_weekly_local-20260528T125059Z,2026-05-28T12:50:59Z
2025-11-28,non_bank_corp,3Y_5Y,9.61907873244038,9.75,4,vbma_weekly:https://vbma.org.vn/storage/reports/December2025/24112025-28112025%20%20BAO%20CAO%20TUAN%20TTTP.pdf,vbma_weekly_local-20260528T125059Z,2026-05-28T12:50:59Z
2025-11-28,non_bank_corp,<=3Y,9.0,9.0,1,vbma_weekly:https://vbma.org.vn/storage/reports/December2025/24112025-28112025%20%20BAO%20CAO%20TUAN%20TTTP.pdf,vbma_weekly_local-20260528T125059Z,2026-05-28T12:50:59Z
2025-11-28,non_bank_corp,>5Y,7.270893371757925,9.0,5,vbma_weekly:https://vbma.org.vn/storage/reports/December2025/24112025-28112025  BAO CAO TUAN TTTP.pdf,vbma_weekly_local-20260528T075604Z,2026-05-28T07:56:04Z
2025-11-28,real_estate,<=3Y,10.3,10.3,1,vbma_weekly:https://vbma.org.vn/storage/reports/December2025/24112025-28112025%20%20BAO%20CAO%20TUAN%20TTTP.pdf,vbma_weekly_local-20260528T125059Z,2026-05-28T12:50:59Z
2025-11-28,real_estate,>5Y,7.270893371757925,9.0,5,vbma_weekly:https://vbma.org.vn/storage/reports/December2025/24112025-28112025%20%20BAO%20CAO%20TUAN%20TTTP.pdf,vbma_weekly_local-20260528T125059Z,2026-05-28T12:50:59Z
2025-12-05,bank,3Y_5Y,8.496774193548386,7.7,2,vbma_weekly:https://vbma.org.vn/storage/reports/December2025/01122025-05122025%20%20BAO%20CAO%20TUAN%20TTTP.pdf,vbma_weekly_local-20260528T125059Z,2026-05-28T12:50:59Z
2025-12-05,bank,<=3Y,7.834862385321101,6.8,3,vbma_weekly:https://vbma.org.vn/storage/reports/December2025/01122025-05122025%20%20BAO%20CAO%20TUAN%20TTTP.pdf,vbma_weekly_local-20260528T125059Z,2026-05-28T12:50:59Z
2025-12-05,bank,>5Y,8.166666666666666,8.45,2,vbma_weekly:https://vbma.org.vn/storage/reports/December2025/01122025-05122025%20%20BAO%20CAO%20TUAN%20TTTP.pdf,vbma_weekly_local-20260528T125059Z,2026-05-28T12:50:59Z
2025-12-05,non_bank_corp,<=3Y,12.0,12.0,1,vbma_weekly:https://vbma.org.vn/storage/reports/December2025/01122025-05122025  BAO CAO TUAN TTTP.pdf,vbma_weekly_local-20260528T075604Z,2026-05-28T07:56:04Z
2025-12-05,non_bank_corp,>5Y,7.478260869565218,7.75,4,vbma_weekly:https://vbma.org.vn/storage/reports/December2025/01122025-05122025  BAO CAO TUAN TTTP.pdf,vbma_weekly_local-20260528T075604Z,2026-05-28T07:56:04Z
2025-12-05,real_estate,<=3Y,12.0,12.0,1,vbma_weekly:https://vbma.org.vn/storage/reports/December2025/01122025-05122025%20%20BAO%20CAO%20TUAN%20TTTP.pdf,vbma_weekly_local-20260528T125059Z,2026-05-28T12:50:59Z
2025-12-05,real_estate,>5Y,7.478260869565218,7.75,4,vbma_weekly:https://vbma.org.vn/storage/reports/December2025/01122025-05122025%20%20BAO%20CAO%20TUAN%20TTTP.pdf,vbma_weekly_local-20260528T125059Z,2026-05-28T12:50:59Z
2025-12-12,bank,3Y_5Y,6.5,6.5,1,vbma_weekly:https://vbma.org.vn/storage/reports/December2025/08122025-12122025%20%20BAO%20CAO%20TUAN%20TTTP.pdf,vbma_weekly_local-20260528T125059Z,2026-05-28T12:50:59Z
2025-12-12,bank,<=3Y,6.716666666666667,6.5,3,vbma_weekly:https://vbma.org.vn/storage/reports/December2025/08122025-12122025%20%20BAO%20CAO%20TUAN%20TTTP.pdf,vbma_weekly_local-20260528T125059Z,2026-05-28T12:50:59Z
2025-12-12,bank,>5Y,7.789625360230548,8.3,2,vbma_weekly:https://vbma.org.vn/storage/reports/December2025/08122025-12122025%20%20BAO%20CAO%20TUAN%20TTTP.pdf,vbma_weekly_local-20260528T125059Z,2026-05-28T12:50:59Z
2025-12-12,non_bank_corp,3Y_5Y,13.5,13.5,1,vbma_weekly:https://vbma.org.vn/storage/reports/December2025/08122025-12122025%20%20BAO%20CAO%20TUAN%20TTTP.pdf,vbma_weekly_local-20260528T125059Z,2026-05-28T12:50:59Z
2025-12-12,non_bank_corp,<=3Y,7.776315789473684,9.2,3,vbma_weekly:https://vbma.org.vn/storage/reports/December2025/08122025-12122025%20%20BAO%20CAO%20TUAN%20TTTP.pdf,vbma_weekly_local-20260528T125059Z,2026-05-28T12:50:59Z
2025-12-12,non_bank_corp,>5Y,4.947619047619048,4.85,2,vbma_weekly:https://vbma.org.vn/storage/reports/December2025/08122025-12122025  BAO CAO TUAN TTTP.pdf,vbma_weekly_local-20260528T075604Z,2026-05-28T07:56:04Z
2025-12-12,real_estate,3Y_5Y,6.8,6.8,1,vbma_weekly:https://vbma.org.vn/storage/reports/December2025/08122025-12122025%20%20BAO%20CAO%20TUAN%20TTTP.pdf,vbma_weekly_local-20260528T125059Z,2026-05-28T12:50:59Z
2025-12-12,real_estate,<=3Y,5.0,5.0,1,vbma_weekly:https://vbma.org.vn/storage/reports/December2025/08122025-12122025%20%20BAO%20CAO%20TUAN%20TTTP.pdf,vbma_weekly_local-20260528T125059Z,2026-05-28T12:50:59Z
2025-12-12,real_estate,>5Y,5.985294117647059,6.9,3,vbma_weekly:https://vbma.org.vn/storage/reports/December2025/08122025-12122025%20%20BAO%20CAO%20TUAN%20TTTP.pdf,vbma_weekly_local-20260528T125059Z,2026-05-28T12:50:59Z
2026-01-10,bank,3Y_5Y,7.0,7.0,1,vbma_weekly:https://vbma.org.vn/storage/reports/January2026/29122025-10012026%20%20BAO%20CAO%20TUAN%20TTTP.pdf,vbma_weekly_local-20260528T125059Z,2026-05-28T12:50:59Z
2026-01-10,bank,<=3Y,7.158511480601742,7.35,10,vbma_weekly:https://vbma.org.vn/storage/reports/January2026/29122025-10012026%20%20BAO%20CAO%20TUAN%20TTTP.pdf,vbma_weekly_local-20260528T125059Z,2026-05-28T12:50:59Z
2026-01-10,bank,>5Y,6.786666666666667,6.68,3,vbma_weekly:https://vbma.org.vn/storage/reports/January2026/29122025-10012026%20%20BAO%20CAO%20TUAN%20TTTP.pdf,vbma_weekly_local-20260528T125059Z,2026-05-28T12:50:59Z
2026-01-10,non_bank_corp,3Y_5Y,9.478260869565217,10.0,3,vbma_weekly:https://vbma.org.vn/storage/reports/January2026/29122025-10012026%20%20BAO%20CAO%20TUAN%20TTTP.pdf,vbma_weekly_local-20260528T125059Z,2026-05-28T12:50:59Z
2026-01-10,non_bank_corp,<=3Y,8.64,8.0,3,vbma_weekly:https://vbma.org.vn/storage/reports/January2026/29122025-10012026%20%20BAO%20CAO%20TUAN%20TTTP.pdf,vbma_weekly_local-20260528T125059Z,2026-05-28T12:50:59Z
2026-01-10,non_bank_corp,>5Y,9.0,9.0,1,vbma_weekly:https://vbma.org.vn/storage/reports/January2026/29122025-10012026  BAO CAO TUAN TTTP.pdf,vbma_weekly_local-20260528T075604Z,2026-05-28T07:56:04Z
2026-01-10,real_estate,3Y_5Y,8.260784313725491,7.9,2,vbma_weekly:https://vbma.org.vn/storage/reports/January2026/29122025-10012026%20%20BAO%20CAO%20TUAN%20TTTP.pdf,vbma_weekly_local-20260528T125059Z,2026-05-28T12:50:59Z
2026-01-10,real_estate,<=3Y,12.5,12.5,1,vbma_weekly:https://vbma.org.vn/storage/reports/January2026/29122025-10012026%20%20BAO%20CAO%20TUAN%20TTTP.pdf,vbma_weekly_local-20260528T125059Z,2026-05-28T12:50:59Z
2026-01-10,real_estate,>5Y,9.0,9.0,1,vbma_weekly:https://vbma.org.vn/storage/reports/January2026/29122025-10012026%20%20BAO%20CAO%20TUAN%20TTTP.pdf,vbma_weekly_local-20260528T125059Z,2026-05-28T12:50:59Z
2026-01-16,non_bank_corp,<=3Y,10.0,10.0,2,vbma_weekly:https://vbma.org.vn/storage/reports/February2026/12012026-16012026%20%20BAO%20CAO%20TUAN%20TTTP.pdf,vbma_weekly_local-20260528T125059Z,2026-05-28T12:50:59Z
2026-01-16,real_estate,3Y_5Y,13.5,13.5,1,vbma_weekly:https://vbma.org.vn/storage/reports/February2026/12012026-16012026%20%20BAO%20CAO%20TUAN%20TTTP.pdf,vbma_weekly_local-20260528T125059Z,2026-05-28T12:50:59Z
2026-01-23,non_bank_corp,<=3Y,10.0,10.0,2,vbma_weekly:https://vbma.org.vn/storage/reports/February2026/19012026-23012026%20%20BAO%20CAO%20TUAN%20TTTP.pdf,vbma_weekly_local-20260528T125059Z,2026-05-28T12:50:59Z
2026-01-23,real_estate,3Y_5Y,13.5,13.5,1,vbma_weekly:https://vbma.org.vn/storage/reports/February2026/19012026-23012026%20%20BAO%20CAO%20TUAN%20TTTP.pdf,vbma_weekly_local-20260528T125059Z,2026-05-28T12:50:59Z
2026-01-30,non_bank_corp,<=3Y,10.0,10.0,2,vbma_weekly:https://vbma.org.vn/storage/reports/February2026/26012026-30012026%20%20BAO%20CAO%20TUAN%20TTTP.pdf,vbma_weekly_local-20260528T125059Z,2026-05-28T12:50:59Z
2026-01-30,real_estate,3Y_5Y,13.5,13.5,1,vbma_weekly:https://vbma.org.vn/storage/reports/February2026/26012026-30012026%20%20BAO%20CAO%20TUAN%20TTTP.pdf,vbma_weekly_local-20260528T125059Z,2026-05-28T12:50:59Z
2026-02-01,real_estate,<=3Y,11.5,11.5,1,vbma:pdf_table,vbma-20260523T120913Z-a82799,2026-05-23T12:09:33Z
2026-02-06,non_bank_corp,<=3Y,10.0,10.0,2,vbma_weekly:https://vbma.org.vn/storage/reports/February2026/02022026-06022026%20%20BAO%20CAO%20TUAN%20TTTP.pdf,vbma_weekly_local-20260528T125059Z,2026-05-28T12:50:59Z
2026-02-06,real_estate,3Y_5Y,13.5,13.5,1,vbma_weekly:https://vbma.org.vn/storage/reports/February2026/02022026-06022026%20%20BAO%20CAO%20TUAN%20TTTP.pdf,vbma_weekly_local-20260528T125059Z,2026-05-28T12:50:59Z
2026-02-13,non_bank_corp,<=3Y,9.48148148148148,10.0,3,vbma_weekly:https://vbma.org.vn/storage/reports/February2026/09022026-13022026%20%20BAO%20CAO%20TUAN%20TTTP.pdf,vbma_weekly_local-20260528T125059Z,2026-05-28T12:50:59Z
2026-02-13,real_estate,3Y_5Y,13.5,13.5,1,vbma_weekly:https://vbma.org.vn/storage/reports/February2026/09022026-13022026%20%20BAO%20CAO%20TUAN%20TTTP.pdf,vbma_weekly_local-20260528T125059Z,2026-05-28T12:50:59Z
2026-02-27,non_bank_corp,<=3Y,9.48148148148148,10.0,3,vbma_weekly:https://vbma.org.vn/storage/reports/March2026/23022026-27022026%20%20BAO%20CAO%20TUAN%20TTTP.pdf,vbma_weekly_local-20260528T125059Z,2026-05-28T12:50:59Z
2026-02-27,real_estate,3Y_5Y,13.5,13.5,1,vbma_weekly:https://vbma.org.vn/storage/reports/March2026/23022026-27022026%20%20BAO%20CAO%20TUAN%20TTTP.pdf,vbma_weekly_local-20260528T125059Z,2026-05-28T12:50:59Z
2026-03-01,non_bank_corp,<=3Y,7.4,7.4,1,vbma:pdf_table,vbma-20260523T120913Z-a82799,2026-05-23T12:09:27Z
2026-03-01,non_bank_corp,>5Y,8.5,8.5,1,vbma:pdf_table,vbma-20260523T120913Z-a82799,2026-05-23T12:09:27Z
2026-03-06,non_bank_corp,<=3Y,9.48148148148148,10.0,3,vbma_weekly:https://vbma.org.vn/storage/reports/March2026/02032026-06032026%20%20BAO%20CAO%20TUAN%20TTTP.pdf,vbma_weekly_local-20260528T125059Z,2026-05-28T12:50:59Z
2026-03-06,real_estate,3Y_5Y,13.5,13.5,1,vbma_weekly:https://vbma.org.vn/storage/reports/March2026/02032026-06032026%20%20BAO%20CAO%20TUAN%20TTTP.pdf,vbma_weekly_local-20260528T125059Z,2026-05-28T12:50:59Z
2026-03-13,non_bank_corp,<=3Y,9.48148148148148,10.0,3,vbma_weekly:https://vbma.org.vn/storage/reports/March2026/09032026-13032026%20%20BAO%20CAO%20TUAN%20TTTP.pdf,vbma_weekly_local-20260528T125059Z,2026-05-28T12:50:59Z
2026-03-13,real_estate,3Y_5Y,13.5,13.5,1,vbma_weekly:https://vbma.org.vn/storage/reports/March2026/09032026-13032026%20%20BAO%20CAO%20TUAN%20TTTP.pdf,vbma_weekly_local-20260528T125059Z,2026-05-28T12:50:59Z
2026-03-20,non_bank_corp,<=3Y,9.48148148148148,10.0,3,vbma_weekly:https://vbma.org.vn/storage/reports/March2026/16032026-20032026%20%20BAO%20CAO%20TUAN%20TTTP.pdf,vbma_weekly_local-20260528T125059Z,2026-05-28T12:50:59Z
2026-03-20,real_estate,3Y_5Y,13.5,13.5,1,vbma_weekly:https://vbma.org.vn/storage/reports/March2026/16032026-20032026%20%20BAO%20CAO%20TUAN%20TTTP.pdf,vbma_weekly_local-20260528T125059Z,2026-05-28T12:50:59Z
2026-03-27,bank,>5Y,11.5,11.5,1,vbma_weekly:https://vbma.org.vn/storage/reports/March2026/23032026-27032026%20%20BAO%20CAO%20TUAN%20TTTP.pdf,vbma_weekly_local-20260528T125059Z,2026-05-28T12:50:59Z
2026-03-27,non_bank_corp,<=3Y,9.48148148148148,10.0,3,vbma_weekly:https://vbma.org.vn/storage/reports/March2026/23032026-27032026%20%20BAO%20CAO%20TUAN%20TTTP.pdf,vbma_weekly_local-20260528T125059Z,2026-05-28T12:50:59Z
2026-03-27,non_bank_corp,>5Y,4.0,4.0,1,vbma_weekly:https://vbma.org.vn/storage/reports/March2026/23032026-27032026%20%20BAO%20CAO%20TUAN%20TTTP.pdf,vbma_weekly_local-20260528T125059Z,2026-05-28T12:50:59Z
2026-03-27,real_estate,3Y_5Y,13.5,13.5,1,vbma_weekly:https://vbma.org.vn/storage/reports/March2026/23032026-27032026%20%20BAO%20CAO%20TUAN%20TTTP.pdf,vbma_weekly_local-20260528T125059Z,2026-05-28T12:50:59Z
2026-04-01,bank,<=3Y,8.576923076923077,8.5,7,vbma:pdf_table,vbma-20260523T120913Z-a82799,2026-05-23T12:09:20Z
2026-04-01,bank,>5Y,8.0,8.0,2,vbma:pdf_table,vbma-20260523T120913Z-a82799,2026-05-23T12:09:20Z
2026-04-01,non_bank_corp,<=3Y,8.166666666666666,8.5,2,vbma:pdf_table,vbma-20260523T120913Z-a82799,2026-05-23T12:09:20Z
2026-04-01,real_estate,3Y_5Y,9.93877551020408,10.25,2,vbma:pdf_table,vbma-20260523T120913Z-a82799,2026-05-23T12:09:20Z
2026-04-01,real_estate,<=3Y,11.011173184357542,10.5,3,vbma:pdf_table,vbma-20260523T120913Z-a82799,2026-05-23T12:09:20Z
2026-04-10,bank,<=3Y,8.0,8.0,1,vbma_weekly:https://vbma.org.vn/storage/reports/April2026/06042026-10042026%20%20BAO%20CAO%20TUAN%20TTTP.pdf,vbma_weekly_local-20260528T125059Z,2026-05-28T12:50:59Z
2026-04-10,bank,>5Y,2.236075390821988,2.6,6,vbma_weekly:https://vbma.org.vn/storage/reports/April2026/06042026-10042026%20%20BAO%20CAO%20TUAN%20TTTP.pdf,vbma_weekly_local-20260528T072120Z,2026-05-28T07:21:20Z
2026-04-10,non_bank_corp,3Y_5Y,10.5,10.5,1,vbma_weekly:https://vbma.org.vn/storage/reports/April2026/06042026-10042026  BAO CAO TUAN TTTP.pdf,vbma_weekly_local-20260528T075604Z,2026-05-28T07:56:04Z
2026-04-10,non_bank_corp,<=3Y,8.593968871595331,8.5,7,vbma_weekly:https://vbma.org.vn/storage/reports/April2026/06042026-10042026%20%20BAO%20CAO%20TUAN%20TTTP.pdf,vbma_weekly_local-20260528T125059Z,2026-05-28T12:50:59Z
2026-04-10,non_bank_corp,>5Y,8.5,8.5,1,vbma_weekly:https://vbma.org.vn/storage/reports/April2026/06042026-10042026%20%20BAO%20CAO%20TUAN%20TTTP.pdf,vbma_weekly_local-20260528T125059Z,2026-05-28T12:50:59Z
2026-04-10,real_estate,3Y_5Y,10.56959706959707,12.0,2,vbma_weekly:https://vbma.org.vn/storage/reports/April2026/06042026-10042026%20%20BAO%20CAO%20TUAN%20TTTP.pdf,vbma_weekly_local-20260528T125059Z,2026-05-28T12:50:59Z
2026-04-10,real_estate,<=3Y,11.007042253521126,11.0,3,vbma_weekly:https://vbma.org.vn/storage/reports/April2026/06042026-10042026%20%20BAO%20CAO%20TUAN%20TTTP.pdf,vbma_weekly_local-20260528T125059Z,2026-05-28T12:50:59Z
2026-04-10,real_estate,>5Y,4.0,4.0,1,vbma_weekly:https://vbma.org.vn/storage/reports/April2026/06042026-10042026%20%20BAO%20CAO%20TUAN%20TTTP.pdf,vbma_weekly_local-20260528T125059Z,2026-05-28T12:50:59Z
2026-04-17,bank,<=3Y,8.0,8.0,1,vbma_weekly:https://vbma.org.vn/storage/reports/April2026/13042026-17042026%20BAO%20CAO%20TUAN%20TTTP4.pdf,vbma_weekly_local-20260528T125059Z,2026-05-28T12:50:59Z
2026-04-17,bank,>5Y,2.236075390821988,2.6,6,vbma_weekly:https://vbma.org.vn/storage/reports/April2026/13042026-17042026%20BAO%20CAO%20TUAN%20TTTP4.pdf,vbma_weekly_local-20260528T072120Z,2026-05-28T07:21:20Z
2026-04-17,non_bank_corp,3Y_5Y,10.5,10.5,1,vbma_weekly:https://vbma.org.vn/storage/reports/April2026/13042026-17042026 BAO CAO TUAN TTTP4.pdf,vbma_weekly_local-20260528T075604Z,2026-05-28T07:56:04Z
2026-04-17,non_bank_corp,<=3Y,8.593968871595331,8.5,7,vbma_weekly:https://vbma.org.vn/storage/reports/April2026/13042026-17042026%20BAO%20CAO%20TUAN%20TTTP4.pdf,vbma_weekly_local-20260528T125059Z,2026-05-28T12:50:59Z
2026-04-17,non_bank_corp,>5Y,8.5,8.5,1,vbma_weekly:https://vbma.org.vn/storage/reports/April2026/13042026-17042026%20BAO%20CAO%20TUAN%20TTTP4.pdf,vbma_weekly_local-20260528T125059Z,2026-05-28T12:50:59Z
2026-04-17,real_estate,3Y_5Y,10.56959706959707,12.0,2,vbma_weekly:https://vbma.org.vn/storage/reports/April2026/13042026-17042026%20BAO%20CAO%20TUAN%20TTTP4.pdf,vbma_weekly_local-20260528T125059Z,2026-05-28T12:50:59Z
2026-04-17,real_estate,<=3Y,11.773972602739724,11.25,4,vbma_weekly:https://vbma.org.vn/storage/reports/April2026/13042026-17042026%20BAO%20CAO%20TUAN%20TTTP4.pdf,vbma_weekly_local-20260528T125059Z,2026-05-28T12:50:59Z
2026-04-17,real_estate,>5Y,4.0,4.0,1,vbma_weekly:https://vbma.org.vn/storage/reports/April2026/13042026-17042026%20BAO%20CAO%20TUAN%20TTTP4.pdf,vbma_weekly_local-20260528T125059Z,2026-05-28T12:50:59Z
2026-04-24,bank,<=3Y,8.266666666666667,8.2,2,vbma_weekly:https://vbma.org.vn/storage/reports/April2026/20042026-24042026%20%20BAO%20CAO%20TUAN%20TTTP.pdf,vbma_weekly_local-20260528T125059Z,2026-05-28T12:50:59Z
2026-04-24,bank,>5Y,8.0,8.0,1,vbma_weekly:https://vbma.org.vn/storage/reports/April2026/20042026-24042026%20%20BAO%20CAO%20TUAN%20TTTP.pdf,vbma_weekly_local-20260528T125059Z,2026-05-28T12:50:59Z
2026-04-24,non_bank_corp,3Y_5Y,10.533349444175933,11.0,2,vbma_weekly:https://vbma.org.vn/storage/reports/April2026/20042026-24042026  BAO CAO TUAN TTTP.pdf,vbma_weekly_local-20260528T075604Z,2026-05-28T07:56:04Z
2026-04-24,non_bank_corp,<=3Y,7.578765060240964,8.25,8,vbma_weekly:https://vbma.org.vn/storage/reports/April2026/20042026-24042026%20%20BAO%20CAO%20TUAN%20TTTP.pdf,vbma_weekly_local-20260528T125059Z,2026-05-28T12:50:59Z
2026-04-24,non_bank_corp,>5Y,8.5,8.5,1,vbma_weekly:https://vbma.org.vn/storage/reports/April2026/20042026-24042026%20%20BAO%20CAO%20TUAN%20TTTP.pdf,vbma_weekly_local-20260528T125059Z,2026-05-28T12:50:59Z
2026-04-24,real_estate,3Y_5Y,10.599929128277816,11.5,3,vbma_weekly:https://vbma.org.vn/storage/reports/April2026/20042026-24042026%20%20BAO%20CAO%20TUAN%20TTTP.pdf,vbma_weekly_local-20260528T125059Z,2026-05-28T12:50:59Z
2026-04-24,real_estate,<=3Y,11.773972602739724,11.25,4,vbma_weekly:https://vbma.org.vn/storage/reports/April2026/20042026-24042026%20%20BAO%20CAO%20TUAN%20TTTP.pdf,vbma_weekly_local-20260528T125059Z,2026-05-28T12:50:59Z
2026-04-24,real_estate,>5Y,4.0,4.0,1,vbma_weekly:https://vbma.org.vn/storage/reports/April2026/20042026-24042026%20%20BAO%20CAO%20TUAN%20TTTP.pdf,vbma_weekly_local-20260528T125059Z,2026-05-28T12:50:59Z
2026-05-01,bank,<=3Y,8.417142857142856,8.4,10,vbma:pdf_table,vbma-20260708T042819Z-f9515e,2026-07-08T04:28:27Z
2026-05-01,bank,>5Y,8.3,8.3,4,vbma:pdf_table,vbma-20260708T042819Z-f9515e,2026-07-08T04:28:27Z
2026-05-01,non_bank_corp,3Y_5Y,10.7,10.7,1,vbma:pdf_table,vbma-20260708T042819Z-f9515e,2026-07-08T04:28:27Z
2026-05-01,non_bank_corp,<=3Y,10.28204334365325,10.25,2,vbma:pdf_table,vbma-20260708T042819Z-f9515e,2026-07-08T04:28:27Z
2026-05-01,non_bank_corp,>5Y,7.576106194690266,7.6,2,vbma:pdf_table,vbma-20260708T042819Z-f9515e,2026-07-08T04:28:27Z
2026-05-01,real_estate,<=3Y,12.474930362116991,12.5,5,vbma:pdf_table,vbma-20260708T042819Z-f9515e,2026-07-08T04:28:27Z
2026-05-08,bank,<=3Y,8.546745562130177,8.55,10,vbma_weekly:https://vbma.org.vn/storage/reports/May2026/28042026-08052026%20%20BAO%20CAO%20TUAN%20TTTP8.pdf,vbma_weekly_local-20260528T125059Z,2026-05-28T12:50:59Z
2026-05-08,bank,>5Y,8.055555555555555,8.0,3,vbma_weekly:https://vbma.org.vn/storage/reports/May2026/28042026-08052026%20%20BAO%20CAO%20TUAN%20TTTP8.pdf,vbma_weekly_local-20260528T125059Z,2026-05-28T12:50:59Z
2026-05-08,non_bank_corp,3Y_5Y,9.93877551020408,10.25,2,vbma_weekly:https://vbma.org.vn/storage/reports/May2026/28042026-08052026  BAO CAO TUAN TTTP8.pdf,vbma_weekly_local-20260528T075604Z,2026-05-28T07:56:04Z
2026-05-08,non_bank_corp,<=3Y,9.625,9.0,3,vbma_weekly:https://vbma.org.vn/storage/reports/May2026/28042026-08052026%20%20BAO%20CAO%20TUAN%20TTTP8.pdf,vbma_weekly_local-20260528T125059Z,2026-05-28T12:50:59Z
2026-05-08,real_estate,3Y_5Y,9.93877551020408,10.25,2,vbma_weekly:https://vbma.org.vn/storage/reports/May2026/28042026-08052026%20%20BAO%20CAO%20TUAN%20TTTP8.pdf,vbma_weekly_local-20260528T125059Z,2026-05-28T12:50:59Z
2026-05-08,real_estate,<=3Y,11.088110640196296,11.0,7,vbma_weekly:https://vbma.org.vn/storage/reports/May2026/28042026-08052026%20%20BAO%20CAO%20TUAN%20TTTP8.pdf,vbma_weekly_local-20260528T125059Z,2026-05-28T12:50:59Z
2026-05-15,bank,<=3Y,8.333333333333334,8.4,3,vbma_weekly:https://vbma.org.vn/storage/reports/May2026/11052026-15052026%20%20BAO%20CAO%20TUAN%20TTTP1.pdf,vbma_weekly_local-20260528T125059Z,2026-05-28T12:50:59Z
2026-05-15,non_bank_corp,<=3Y,10.0,10.0,1,vbma_weekly:https://vbma.org.vn/storage/reports/May2026/11052026-15052026%20%20BAO%20CAO%20TUAN%20TTTP1.pdf,vbma_weekly_local-20260528T125059Z,2026-05-28T12:50:59Z
2026-05-15,real_estate,<=3Y,12.443396226415096,12.5,3,vbma_weekly:https://vbma.org.vn/storage/reports/May2026/11052026-15052026%20%20BAO%20CAO%20TUAN%20TTTP1.pdf,vbma_weekly_local-20260528T125059Z,2026-05-28T12:50:59Z
2026-05-22,bank,<=3Y,8.4625,8.425,6,vbma_weekly:https://vbma.org.vn/storage/reports/May2026/18052026-22052026  BAO CAO TUAN TTTP.pdf,vbma_weekly_local-20260601T055251Z,2026-06-01T05:52:51Z
2026-05-22,bank,>5Y,8.3,8.3,3,vbma_weekly:https://vbma.org.vn/storage/reports/May2026/18052026-22052026  BAO CAO TUAN TTTP.pdf,vbma_weekly_local-20260601T055251Z,2026-06-01T05:52:51Z
2026-05-22,non_bank_corp,<=3Y,10.0,10.0,1,vbma_weekly:https://vbma.org.vn/storage/reports/May2026/18052026-22052026  BAO CAO TUAN TTTP.pdf,vbma_weekly_local-20260601T055251Z,2026-06-01T05:52:51Z
2026-05-22,real_estate,<=3Y,12.465250965250965,12.5,4,vbma_weekly:https://vbma.org.vn/storage/reports/May2026/18052026-22052026  BAO CAO TUAN TTTP.pdf,vbma_weekly_local-20260601T055251Z,2026-06-01T05:52:51Z
2026-05-29,bank,<=3Y,8.435897435897436,8.425,12,vbma_weekly:https://vbma.org.vn/storage/reports/June2026/25052026-29052026 BAO CAO TUAN TTTP.pdf,vbma_weekly_local-20260708T043116Z,2026-07-08T04:31:16Z
2026-05-29,bank,>5Y,8.3,8.3,4,vbma_weekly:https://vbma.org.vn/storage/reports/June2026/25052026-29052026 BAO CAO TUAN TTTP.pdf,vbma_weekly_local-20260708T043116Z,2026-07-08T04:31:16Z
2026-05-29,non_bank_corp,3Y_5Y,10.7,10.7,1,vbma_weekly:https://vbma.org.vn/storage/reports/June2026/25052026-29052026 BAO CAO TUAN TTTP.pdf,vbma_weekly_local-20260708T043116Z,2026-07-08T04:31:16Z
2026-05-29,non_bank_corp,<=3Y,10.146227929373998,10.0,3,vbma_weekly:https://vbma.org.vn/storage/reports/June2026/25052026-29052026 BAO CAO TUAN TTTP.pdf,vbma_weekly_local-20260708T043116Z,2026-07-08T04:31:16Z
2026-05-29,non_bank_corp,>5Y,7.576106194690266,7.6,2,vbma_weekly:https://vbma.org.vn/storage/reports/June2026/25052026-29052026 BAO CAO TUAN TTTP.pdf,vbma_weekly_local-20260708T043116Z,2026-07-08T04:31:16Z
2026-05-29,real_estate,<=3Y,12.480392156862743,12.5,6,vbma_weekly:https://vbma.org.vn/storage/reports/June2026/25052026-29052026 BAO CAO TUAN TTTP.pdf,vbma_weekly_local-20260708T043116Z,2026-07-08T04:31:16Z
2026-06-01,bank,<=3Y,8.434437086092716,8.55,12,vbma:pdf_table,vbma-20260721T041142Z-b7a7c8,2026-07-21T04:11:53Z
2026-06-01,bank,>5Y,8.13888888888889,8.3,5,vbma:pdf_table,vbma-20260721T041142Z-b7a7c8,2026-07-21T04:11:53Z
2026-06-01,non_bank_corp,3Y_5Y,12.0,12.0,1,vbma:pdf_table,vbma-20260721T041142Z-b7a7c8,2026-07-21T04:11:53Z
2026-06-01,non_bank_corp,<=3Y,9.865714285714288,9.5,3,vbma:pdf_table,vbma-20260721T041142Z-b7a7c8,2026-07-21T04:11:53Z
2026-06-01,non_bank_corp,>5Y,10.0,10.0,1,vbma:pdf_table,vbma-20260721T041142Z-b7a7c8,2026-07-21T04:11:53Z
2026-06-01,real_estate,3Y_5Y,12.411522633744855,12.25,4,vbma:pdf_table,vbma-20260721T041142Z-b7a7c8,2026-07-21T04:11:53Z
2026-06-01,real_estate,<=3Y,12.414917541229386,12.5,6,vbma:pdf_table,vbma-20260721T041142Z-b7a7c8,2026-07-21T04:11:53Z
2026-06-05,non_bank_corp,3Y_5Y,12.0,12.0,1,vbma_weekly:https://vbma.org.vn/storage/reports/June2026/01062026-05062026 BAO CAO TUAN TTTP.pdf,vbma_weekly_local-20260708T043116Z,2026-07-08T04:31:16Z
2026-06-12,bank,<=3Y,8.433333333333334,8.4,4,vbma_weekly:https://vbma.org.vn/storage/reports/June2026/08062026-12062026 BAO CAO TUAN TTTP1.pdf,vbma_weekly_local-20260708T043116Z,2026-07-08T04:31:16Z
2026-06-12,bank,>5Y,7.9,7.9,1,vbma_weekly:https://vbma.org.vn/storage/reports/June2026/08062026-12062026 BAO CAO TUAN TTTP1.pdf,vbma_weekly_local-20260708T043116Z,2026-07-08T04:31:16Z
2026-06-12,non_bank_corp,3Y_5Y,12.0,12.0,1,vbma_weekly:https://vbma.org.vn/storage/reports/June2026/08062026-12062026 BAO CAO TUAN TTTP1.pdf,vbma_weekly_local-20260708T043116Z,2026-07-08T04:31:16Z
2026-06-12,real_estate,<=3Y,12.430232558139537,12.0,2,vbma_weekly:https://vbma.org.vn/storage/reports/June2026/08062026-12062026 BAO CAO TUAN TTTP1.pdf,vbma_weekly_local-20260708T043116Z,2026-07-08T04:31:16Z
2026-06-19,bank,<=3Y,8.437983798379838,8.45,8,vbma_weekly:https://vbma.org.vn/storage/reports/June2026/15062026-19062026 BAO CAO TUAN TTTP2.pdf,vbma_weekly_local-20260708T043116Z,2026-07-08T04:31:16Z
2026-06-19,bank,>5Y,8.058333333333334,8.3,3,vbma_weekly:https://vbma.org.vn/storage/reports/June2026/15062026-19062026 BAO CAO TUAN TTTP2.pdf,vbma_weekly_local-20260708T043116Z,2026-07-08T04:31:16Z
2026-06-19,non_bank_corp,3Y_5Y,12.0,12.0,1,vbma_weekly:https://vbma.org.vn/storage/reports/June2026/15062026-19062026 BAO CAO TUAN TTTP2.pdf,vbma_weekly_local-20260708T043116Z,2026-07-08T04:31:16Z
2026-06-19,non_bank_corp,<=3Y,9.5,9.5,2,vbma_weekly:https://vbma.org.vn/storage/reports/June2026/15062026-19062026 BAO CAO TUAN TTTP2.pdf,vbma_weekly_local-20260708T043116Z,2026-07-08T04:31:16Z
2026-06-19,real_estate,3Y_5Y,12.0,12.0,1,vbma_weekly:https://vbma.org.vn/storage/reports/June2026/15062026-19062026 BAO CAO TUAN TTTP2.pdf,vbma_weekly_local-20260708T043116Z,2026-07-08T04:31:16Z
2026-06-19,real_estate,<=3Y,12.430232558139537,12.0,2,vbma_weekly:https://vbma.org.vn/storage/reports/June2026/15062026-19062026 BAO CAO TUAN TTTP2.pdf,vbma_weekly_local-20260708T043116Z,2026-07-08T04:31:16Z
2026-06-26,bank,<=3Y,8.415602836879433,8.5,9,vbma_weekly:https://vbma.org.vn/storage/reports/July2026/22062026-26062026 BAO CAO TUAN TTTP.pdf,vbma_weekly_local-20260708T043116Z,2026-07-08T04:31:16Z
2026-06-26,bank,>5Y,8.129411764705882,8.3,4,vbma_weekly:https://vbma.org.vn/storage/reports/July2026/22062026-26062026 BAO CAO TUAN TTTP.pdf,vbma_weekly_local-20260708T043116Z,2026-07-08T04:31:16Z
2026-06-26,non_bank_corp,3Y_5Y,12.0,12.0,1,vbma_weekly:https://vbma.org.vn/storage/reports/July2026/22062026-26062026 BAO CAO TUAN TTTP.pdf,vbma_weekly_local-20260708T043116Z,2026-07-08T04:31:16Z
2026-06-26,non_bank_corp,<=3Y,9.5,9.5,2,vbma_weekly:https://vbma.org.vn/storage/reports/July2026/22062026-26062026 BAO CAO TUAN TTTP.pdf,vbma_weekly_local-20260708T043116Z,2026-07-08T04:31:16Z
2026-06-26,non_bank_corp,>5Y,10.0,10.0,1,vbma_weekly:https://vbma.org.vn/storage/reports/July2026/22062026-26062026 BAO CAO TUAN TTTP.pdf,vbma_weekly_local-20260708T043116Z,2026-07-08T04:31:16Z
2026-06-26,real_estate,3Y_5Y,12.448430493273545,12.5,3,vbma_weekly:https://vbma.org.vn/storage/reports/July2026/22062026-26062026 BAO CAO TUAN TTTP.pdf,vbma_weekly_local-20260708T043116Z,2026-07-08T04:31:16Z
2026-06-26,real_estate,<=3Y,12.37627180232558,12.5,5,vbma_weekly:https://vbma.org.vn/storage/reports/July2026/22062026-26062026 BAO CAO TUAN TTTP.pdf,vbma_weekly_local-20260708T043116Z,2026-07-08T04:31:16Z
2026-07-03,bank,3Y_5Y,8.0,8.0,1,vbma_weekly:https://vbma.org.vn/storage/reports/July2026/29062026-03072026 BAO CAO TUAN TTTP-2.pdf,vbma_weekly_local-20260712T035457Z,2026-07-12T03:54:57Z
2026-07-03,bank,<=3Y,8.487385421213444,8.6,16,vbma_weekly:https://vbma.org.vn/storage/reports/July2026/29062026-03072026 BAO CAO TUAN TTTP-2.pdf,vbma_weekly_local-20260712T035457Z,2026-07-12T03:54:57Z
2026-07-03,bank,>5Y,8.107843137254902,8.2,8,vbma_weekly:https://vbma.org.vn/storage/reports/July2026/29062026-03072026 BAO CAO TUAN TTTP-2.pdf,vbma_weekly_local-20260712T035457Z,2026-07-12T03:54:57Z
2026-07-03,non_bank_corp,3Y_5Y,12.0,12.0,2,vbma_weekly:https://vbma.org.vn/storage/reports/July2026/29062026-03072026 BAO CAO TUAN TTTP-2.pdf,vbma_weekly_local-20260712T035457Z,2026-07-12T03:54:57Z
2026-07-03,non_bank_corp,<=3Y,9.865714285714288,9.5,3,vbma_weekly:https://vbma.org.vn/storage/reports/July2026/29062026-03072026 BAO CAO TUAN TTTP-2.pdf,vbma_weekly_local-20260712T035457Z,2026-07-12T03:54:57Z
2026-07-03,non_bank_corp,>5Y,10.0,10.0,1,vbma_weekly:https://vbma.org.vn/storage/reports/July2026/29062026-03072026 BAO CAO TUAN TTTP-2.pdf,vbma_weekly_local-20260712T035457Z,2026-07-12T03:54:57Z
2026-07-03,real_estate,3Y_5Y,11.826517150395778,12.0,6,vbma_weekly:https://vbma.org.vn/storage/reports/July2026/29062026-03072026 BAO CAO TUAN TTTP-2.pdf,vbma_weekly_local-20260712T035457Z,2026-07-12T03:54:57Z
2026-07-03,real_estate,<=3Y,11.968301971326165,12.0,9,vbma_weekly:https://vbma.org.vn/storage/reports/July2026/29062026-03072026 BAO CAO TUAN TTTP-2.pdf,vbma_weekly_local-20260712T035457Z,2026-07-12T03:54:57Z
2026-07-10,non_bank_corp,<=3Y,9.5,9.5,1,vbma_weekly:https://vbma.org.vn/storage/reports/July2026/06072026 - 10072026 BAO CAO TUAN TTTP.pdf,vbma_weekly_local-20260721T041850Z,2026-07-21T04:18:50Z
