as_of_date,scenario_name,scenario_rank,shock_type,shock_magnitude,dd_total,dd_exogenous,dd_endogenous,panic_ratio,margin_calls,margin_call_events,min_price_mean,end_price_mean,dd_total_p10,dd_total_p90,panic_ratio_p10,panic_ratio_p90,simulation_runs,simulation_agents,steps_post_shock,stress_confidence
2026-06-05,cost_of_capital_100bp,7,COST_OF_CAPITAL,0.01,0.1536657015224591,0.0534850036103023,0.1001806979121567,0.6479222564118029,0,0,1556.3241414703498,1556.3241414703498,0.1346707649322001,0.1719243026342711,0.5909043663610702,0.7104401304260459,6,500,20,0.2060199265980515
2026-06-05,foreign_outflow_1z,6,FOREIGN_OUTFLOW,1.0,0.1734259047184767,0.0622601542027306,0.1111657505157461,0.645941509653239,0,0,1519.9871038131932,1519.9871038131932,0.1601294255928133,0.1858761396910593,0.5397955649087973,0.7309835378864167,6,500,20,0.2060199265980515
2026-06-05,liquidity_withdrawal_25pct,4,LIQUIDITY_WITHDRAWAL,0.25,0.1601791150429267,0.0414210856236555,0.1187580294192712,0.7320449131368295,0,0,1544.3466253475624,1544.3466253475624,0.133211699296929,0.1997516055665791,0.6660754438728075,0.8020884373173953,6,500,20,0.2060199265980515
2026-06-05,liquidity_withdrawal_50pct,5,LIQUIDITY_WITHDRAWAL,0.5,0.1568557649400028,0.0435247499986077,0.113331014941395,0.7181178220079018,0,0,1550.4579338518288,1550.598654020956,0.1367298288012803,0.1762255133406342,0.6340562196893496,0.7920294234345713,6,500,20,0.2060199265980515
2026-06-05,price_drop_3pct,1,PRICE_DROP,0.03,0.1610631088955549,0.0600737889208944,0.1009893199746605,0.6195993325919152,67,67,1542.721049051964,1542.721049051964,0.1424630117112413,0.1802314740027856,0.5293628960209773,0.693802888517131,6,500,20,0.2060199265980515
2026-06-05,price_drop_5pct,2,PRICE_DROP,0.05,0.1614660171318307,0.0611384942776849,0.1003275228541458,0.6188388940174468,143,143,1541.9801410962764,1541.9801410962764,0.1409367745904997,0.1785711447714389,0.5385979202292064,0.6949698579293954,6,500,20,0.2060199265980515
2026-06-05,price_drop_7pct,3,PRICE_DROP,0.07,0.1799450100126526,0.0719640770210961,0.1079809329915564,0.5981363852621563,152,152,1507.999121087733,1507.999121087733,0.1617472820940074,0.1956600786041775,0.5637545385206706,0.6226850617431683,6,500,20,0.2060199265980515
2026-06-12,cost_of_capital_100bp,7,COST_OF_CAPITAL,0.01,0.00464014282786,0.0,0.00464014282786,0.5,0,0,1783.3364881024645,1819.5068026884085,0.0,0.010276979304061,0.0,1.0,6,500,20,0.201801167471832
2026-06-12,foreign_outflow_1z,6,FOREIGN_OUTFLOW,1.0,0.0020713158665057,0.0,0.0020713158665057,0.5,0,0,1787.938926927775,1812.8754576100616,0.0,0.0051930134957599,0.0,1.0,6,500,20,0.201801167471832
2026-06-12,liquidity_withdrawal_25pct,4,LIQUIDITY_WITHDRAWAL,0.25,0.0021105334903983,0.0,0.0021105334903983,0.5,0,0,1787.868662671928,1860.937334013953,0.0,0.0047967904449439,0.0,1.0,6,500,20,0.201801167471832
2026-06-12,liquidity_withdrawal_50pct,5,LIQUIDITY_WITHDRAWAL,0.5,0.0051049790120017,0.0,0.0051049790120017,0.6666666666666666,0,0,1782.503664353147,1836.096016273966,0.0,0.0097540252739064,0.0,1.0,6,500,20,0.201801167471832
2026-06-12,price_drop_3pct,1,PRICE_DROP,0.03,0.0315381831206964,0.0235312247448314,0.008006958375865,0.2379138505196726,0,0,1735.1446142118043,1805.1888673209503,0.0265936666953565,0.0366330919660579,0.0008896750430555,0.4795332358801528,6,500,20,0.201801167471832
2026-06-12,price_drop_5pct,2,PRICE_DROP,0.05,0.0488214189410264,0.0420446917520948,0.0067767271889316,0.1368223633781401,124,124,1704.17910475431,1760.919275079969,0.0460785809620053,0.0506463298850064,0.0786889090414381,0.1930418845944831,6,500,20,0.201801167471832
2026-06-12,price_drop_7pct,3,PRICE_DROP,0.07,0.065695983921082,0.0634712212152346,0.0022247627058474,0.0322756449535775,149,149,1673.9457904077933,1734.203090020132,0.0622533338453651,0.069524108695656,0.0,0.0765145239032163,6,500,20,0.201801167471832
2026-06-19,cost_of_capital_100bp,7,COST_OF_CAPITAL,0.01,0.0012362536290628,0.000178026765379,0.0010582268636837,0.293718682627242,0,0,1822.2744181661665,1863.890266221332,0.0,0.0037087608871884,0.0,0.881156047881726,6,500,20,0.2042501668520109
2026-06-19,foreign_outflow_1z,6,FOREIGN_OUTFLOW,1.0,0.0014456915047904,0.0006142587034878,0.0008314328013026,0.2080755363393864,0,0,1821.8922924787648,1869.4354898669023,0.0,0.0043370745143714,0.0,0.6242266090181594,6,500,20,0.2042501668520109
2026-06-19,liquidity_withdrawal_25pct,4,LIQUIDITY_WITHDRAWAL,0.25,0.0003663316635907,0.0,0.0003663316635907,0.1666666666666666,0,0,1823.8616168898288,1899.3588907330493,0.0,0.0010989949907722,0.0,0.5,6,500,20,0.2042501668520109
2026-06-19,liquidity_withdrawal_50pct,5,LIQUIDITY_WITHDRAWAL,0.5,0.0001211444731647,4.954866708396798e-05,7.159580608081082e-05,0.0984992054121298,0,0,1824.3089682743769,1922.3986052943933,0.0,0.0003634334194943,0.0,0.2954976162363896,6,500,20,0.2042501668520109
2026-06-19,price_drop_3pct,1,PRICE_DROP,0.03,0.0284471013935211,0.025437573147441,0.0030095282460801,0.0945848619277493,0,0,1772.627410094479,1813.433389570732,0.0241772655755094,0.0324646304014268,0.0,0.2501878281699836,6,500,20,0.2042501668520109
2026-06-19,price_drop_5pct,2,PRICE_DROP,0.05,0.0573926547955314,0.0495068427059246,0.0078858120896067,0.1350287186317532,129,129,1719.8153795459093,1768.7583424161428,0.0546572161806211,0.0602732616346069,0.0507832124988198,0.1909557496326198,6,500,20,0.2042501668520109
2026-06-19,price_drop_7pct,3,PRICE_DROP,0.07,0.0769095851337755,0.0676675988180046,0.0092419863157708,0.1186210960603033,146,146,1684.2061546358725,1729.744403773287,0.0737528447749657,0.0796395022420638,0.0734112716064633,0.1667636116107466,6,500,20,0.2042501668520109
2026-06-23,cost_of_capital_100bp,7,COST_OF_CAPITAL,0.01,0.0029772334088863,0.0010928654900146,0.0018843679188716,0.2927858696779421,0,0,1863.4754316694552,1890.3663674000563,0.0,0.010191989046751,0.0,0.9858374851904136,12,1000,20,0.4043754429128436
2026-06-23,foreign_outflow_1z,6,FOREIGN_OUTFLOW,1.0,0.0029576823224121,0.0010296531343219,0.0019280291880902,0.4176565560605426,0,0,1863.5119734321183,1893.1035305788016,0.0,0.0056207097790748,0.0,1.0,12,1000,20,0.4043754429128436
2026-06-23,liquidity_withdrawal_25pct,4,LIQUIDITY_WITHDRAWAL,0.25,0.0013850640682461,0.0002638433260533,0.0011212207421927,0.4044070426100977,0,0,1866.4512598538856,1908.9971944572192,0.0,0.0038410678489875,0.0,1.0,12,1000,20,0.4043754429128436
2026-06-23,liquidity_withdrawal_50pct,5,LIQUIDITY_WITHDRAWAL,0.5,0.0012322336913097,0.0004630883927521,0.0007691452985576,0.3333333333333333,0,0,1866.7369059415944,1910.16545177418,0.0,0.0026275559181067,0.0,1.0,12,1000,20,0.4043754429128436
2026-06-23,price_drop_3pct,1,PRICE_DROP,0.03,0.031054278465765,0.0287378450244775,0.0023164334412875,0.0696295433516706,0,0,1810.9983113763465,1845.7174526923875,0.0277508741878028,0.0333896641267211,0.0,0.106553401654356,12,1000,20,0.4043754429128436
2026-06-23,price_drop_5pct,2,PRICE_DROP,0.05,0.0553892064506555,0.0483847985051447,0.0070044079455108,0.1223974075512019,277,277,1765.5153575754666,1796.7514727364824,0.0508643337379868,0.0590073721728929,0.0322325301165845,0.1914244095946815,12,1000,20,0.4043754429128436
2026-06-23,price_drop_7pct,3,PRICE_DROP,0.07,0.0775029542832554,0.069111429859425,0.0083915244238303,0.1073751500262995,313,313,1724.183878326424,1745.9040803027408,0.0750068650515468,0.0814198194625034,0.0746868756559293,0.1411908926346429,12,1000,20,0.4043754429128436
2026-06-25,cost_of_capital_100bp,7,COST_OF_CAPITAL,0.01,0.004774737017362,0.0023547472597134,0.0024199897576485,0.2973150853225061,0,0,1852.820824347407,1868.4895805319577,0.0,0.0110755137144358,0.0,0.986887320833198,12,1000,20,0.4009247283902182
2026-06-25,foreign_outflow_1z,6,FOREIGN_OUTFLOW,1.0,0.0062004342515443,0.0019548263918149,0.0042456078597293,0.4300727785496442,0,0,1850.166589549557,1863.1321755255312,0.0009499646610239,0.0129670798692395,0.0,0.8943166940854973,12,1000,20,0.4009247283902182
2026-06-25,liquidity_withdrawal_25pct,4,LIQUIDITY_WITHDRAWAL,0.25,0.0028415496516026,0.0006869160245268,0.0021546336270757,0.2547715871090795,0,0,1856.4198585981144,1879.0941194109805,0.0,0.0085478979720109,0.0,0.804248551963805,12,1000,20,0.4009247283902182
2026-06-25,liquidity_withdrawal_50pct,5,LIQUIDITY_WITHDRAWAL,0.5,0.0043726644151051,0.00277691225663,0.0015957521584751,0.2643113773943891,0,0,1853.5693669317543,1875.2883408671069,0.0001114798501981,0.0077175885185304,0.0,0.7365269442633966,12,1000,20,0.4009247283902182
2026-06-25,price_drop_3pct,1,PRICE_DROP,0.03,0.0328413222837755,0.0293887575543802,0.0034525647293953,0.0986795630626398,0,0,1800.5689818910723,1821.4660662105864,0.0300342800480415,0.0383860887251187,0.0,0.1943423229971208,12,1000,20,0.4009247283902182
2026-06-25,price_drop_5pct,2,PRICE_DROP,0.05,0.0583549666990457,0.0495360348096872,0.0088189318893584,0.1465215900841007,250,250,1753.0699749467196,1778.6797163770582,0.054189070701028,0.0640181627293753,0.0742750412942746,0.2257358924569166,12,1000,20,0.4009247283902182
2026-06-25,price_drop_7pct,3,PRICE_DROP,0.07,0.0796353127015097,0.0685168370827606,0.011118475618749,0.1375410560494615,300,300,1713.4521419904725,1736.930635038415,0.0746748490341078,0.0858473029821646,0.0952818186040263,0.1963849719543332,12,1000,20,0.4009247283902182
2026-06-26,cost_of_capital_100bp,7,COST_OF_CAPITAL,0.01,4.6022520637879814e-05,0.0,4.6022520637879814e-05,0.16666666666666666,0,0,1871.8238499833926,1989.3638813164046,0.0,0.00018484295809126475,0.0,0.9000000000000004,12,1000,20,0.40929297224562405
2026-06-26,foreign_outflow_1z,6,FOREIGN_OUTFLOW,1.0,0.0,0.0,0.0,0.0,0,0,1871.91,1990.592290255222,0.0,0.0,0.0,0.0,12,1000,20,0.40929297224562405
2026-06-26,liquidity_withdrawal_25pct,4,LIQUIDITY_WITHDRAWAL,0.25,0.0,0.0,0.0,0.0,0,0,1871.91,2055.761060240668,0.0,0.0,0.0,0.0,12,1000,20,0.40929297224562405
2026-06-26,liquidity_withdrawal_50pct,5,LIQUIDITY_WITHDRAWAL,0.5,0.0,0.0,0.0,0.0,0,0,1871.91,2114.2351832401037,0.0,0.0,0.0,0.0,12,1000,20,0.40929297224562405
2026-06-26,price_drop_3pct,1,PRICE_DROP,0.03,0.027233286596546027,0.026311455130774892,0.0009218314657711318,0.03352239872120668,0,0,1820.9317384870594,1950.6056314252119,0.024353143349630284,0.02981574735137829,0.0,0.12214222427666756,12,1000,20,0.40929297224562405
2026-06-26,price_drop_5pct,2,PRICE_DROP,0.05,0.05386309806982988,0.04761767331247368,0.006245424757356198,0.11385365304315564,261,261,1771.083128092105,1891.000665715873,0.05187306273514512,0.05606059834052362,0.07182460919463393,0.15176312554777696,12,1000,20,0.40929297224562405
2026-06-26,price_drop_7pct,3,PRICE_DROP,0.07,0.07827927067715522,0.06804909931875695,0.01023017135839827,0.12872330183767916,304,304,1725.3782504267265,1833.3567692316208,0.07361743278161627,0.08273042954741283,0.05809936603098186,0.1901333144499908,12,1000,20,0.40929297224562405
