DATE,WALCL,WTREGEN,RRPONTSYD,Net_Liquidity,Impulse,Impulse_EMA,Z_Score,Signal
2017-01-04,4453101.0,387989.0,266468.0,3798644.0,51784.0,-8407.83540146373,0.751957783543529,HOLD
2017-01-11,4452509.0,372492.0,158820.0,3921197.0,122553.0,43976.498759121765,1.6680366959782436,ADD
2017-01-18,4460758.0,366090.0,130118.0,3964550.0,43353.0,43727.09925547306,0.6043145929295991,HOLD
2017-01-25,4452838.0,390842.0,108360.0,3953636.0,-10914.0,21870.659553283833,-0.11940511829060661,HOLD
2017-02-01,4453881.0,374841.0,133730.0,3945310.0,-8326.0,9791.995731970299,-0.07830660731335352,HOLD
2017-02-08,4456236.0,305735.0,122934.0,4027567.0,82257.0,38777.99743918218,1.1028114607844142,ADD
2017-02-15,4454676.0,309919.0,105123.0,4039634.0,12067.0,28093.59846350931,0.1905094395102251,HOLD
2017-02-22,4468702.0,258292.0,177833.0,4032577.0,-7057.0,14033.359078105586,-0.04797450442774095,HOLD
2017-03-01,4458018.0,175496.0,156010.0,4126512.0,93935.0,45994.015446863355,1.2400391715193197,ADD
2017-03-08,4459840.0,88220.0,212124.0,4159496.0,32984.0,40790.00926811801,0.4446337581863525,HOLD
2017-03-15,4469577.0,38579.0,226510.0,4204488.0,44992.0,42470.80556087081,0.5828973075410593,HOLD
2017-03-22,4478236.0,70827.0,251013.0,4156396.0,-48092.0,6245.683336522485,-0.6349960769725541,HOLD
2017-03-29,4469618.0,65187.0,260357.00000000003,4144074.0,-12322.0,-1181.3899980865094,-0.17992980804094624,HOLD
2017-04-05,4474634.0,89210.0,174644.0,4210780.0,66706.0,25973.566001148094,0.8850275680065252,HOLD
2017-04-12,4484492.0,122218.0,105528.0,4256746.0,45966.0,33970.539600688855,0.6102615016262032,HOLD
2017-04-19,4479270.0,164543.0,116567.0,4198160.0,-58586.0,-3052.0762395866877,-0.7837111686961321,HOLD
2017-04-26,4470142.0,234219.0,122323.0,4113600.0,-84560.0,-35655.24574375201,-1.134880024995793,CUT
2017-05-03,4471246.0,244655.0,186667.0,4039924.0,-73676.0,-50863.54744625121,-0.9594430582953587,HOLD
2017-05-10,4473459.0,199013.0,187269.0,4087177.0,47253.0,-11616.92846775072,0.6355934505988701,HOLD
2017-05-17,4467108.0,186080.0,167158.0,4113870.0,26693.0,3707.0429193495684,0.3525585380560537,HOLD
2017-05-24,4470852.0,167165.0,184946.0,4118741.0,4871.0,4172.625751609741,0.0663411070843726,HOLD
2017-05-31,4459914.0,170984.0,256176.0,4032754.0,-85987.0,-31891.22454903416,-1.0968155004687634,CUT
2017-06-07,4462443.0,152444.0,165138.0,4144861.0,112107.0,25708.065270579507,1.4491350117210453,ADD
2017-06-14,4476269.0,153646.0,163056.0,4159567.0,14706.0,21307.239162347705,0.20220619639408394,HOLD
2017-06-21,4474257.0,212275.0,198769.0,4063213.0,-96354.0,-25757.256502591375,-1.255239729803071,CUT
2017-06-28,4463347.0,208365.0,263699.0,3991283.0,-71930.0,-44226.35390155482,-0.9447417306930268,HOLD
2017-07-05,4467272.0,177006.0,240029.0,4050237.0,58954.0,-2954.2123409328924,0.7899145460617221,HOLD
2017-07-12,4466702.0,171033.0,179172.0,4116497.0,66260.0,24731.472595440264,0.8702033689925016,HOLD
2017-07-19,4476903.0,180400.0,144731.0,4151772.0,35275.0,28948.88355726416,0.4444570584178595,HOLD
2017-07-26,4465284.0,191404.0,103311.0,4170569.0,18797.0,24888.130134358493,0.2222975227016215,HOLD
2017-08-02,4466846.0,180348.0,119334.0,4167164.0,-3405.0,13570.878080615095,-0.06191907534862563,HOLD
2017-08-09,4469083.0,149862.0,103950.0,4215271.0,48107.0,27385.326848369055,0.610630823439948,HOLD
2017-08-16,4462871.0,130954.0,92840.0,4239077.0,23806.0,25953.596109021433,0.2837562560901633,HOLD
2017-08-23,4463837.0,82077.0,169793.0,4211967.0,-27110.0,4728.1576654128585,-0.3778105691595816,HOLD
2017-08-30,4452360.0,61057.0,146086.0,4245217.0,33250.0,16136.894599247715,0.3855189471050326,HOLD
2017-09-06,4453474.0,37563.0,145128.0,4270783.0,25566.0,19908.53675954863,0.31904556254064875,HOLD
2017-09-13,4471174.0,70232.0,125668.0,4275274.0,4491.0,13741.522055729178,0.03514957900889294,HOLD
2017-09-20,4458576.0,127782.0,168025.0,4162769.0,-112505.0,-36757.0867665625,-1.7282989759489127,CUT
2017-09-27,4455661.0,164652.0,220083.0,4070926.0,-91843.0,-58791.4520599375,-1.457974056686985,CUT
2017-10-04,4460422.0,160433.0,178738.0,4121251.0,50325.0,-15144.871235962499,0.6684236484295537,HOLD
2017-10-11,4459415.0,169766.0,129805.0,4159844.0,38593.0,6350.277258422502,0.5183120069997317,HOLD
2017-10-18,4469723.0,178974.0,121457.0,4169292.0,9448.0,7589.366355053502,0.060713071809894735,HOLD
2017-10-25,4461117.0,196332.0,112057.0,4152728.0,-16564.0,-2071.9801869678995,-0.33360302645875306,HOLD
2017-11-01,4455887.0,193546.0,87165.0,4175176.0,22448.0,7736.011887819261,0.2514914056690983,HOLD
2017-11-08,4458552.0,177780.0,74546.0,4206226.0,31050.0,17061.607132691555,0.4065959171969271,HOLD
2017-11-15,4448289.0,174631.0,35038.0,4238620.0,32394.0,23194.564279614933,0.4141072945033467,HOLD
2017-11-22,4450615.0,163579.0,51634.0,4235402.0,-3218.0,12629.53856776896,-0.13653262038361122,HOLD
2017-11-29,4438592.0,172282.0,67019.0,4199291.0,-36111.0,-6866.676859338626,-0.6964089425556308,HOLD
2017-12-06,4437148.0,127586.0,76368.0,4233194.0,33903.0,9441.193884396826,0.45629322097914304,HOLD
2017-12-13,4452726.0,76208.0,143392.0,4233126.0,-68.0,5637.5163306380955,-0.08237199051883932,HOLD
2017-12-20,4447470.0,155612.0,127582.0,4164276.0,-68850.0,-24157.490201617144,-1.4123536961422998,CUT
2017-12-27,4448680.0,190283.0,147749.0,4110648.0,-53628.0,-35945.694120970285,-1.111529558758417,CUT
2018-01-03,4443718.0,211566.0,131622.0,4100530.0,-10118.0,-25614.616472582173,-0.2936893148263521,HOLD
2018-01-10,4446062.0,206215.0,57954.0,4181893.0,81363.0,17176.430116450698,1.4470823888572923,ADD
2018-01-17,4439145.0,227665.0,20548.0,4190932.0,9039.0,13921.45806987042,0.08927139212837563,HOLD
2018-01-24,4441317.0,269118.0,36371.0,4135828.0,-55104.0,-13688.72515807775,-1.103882980413045,CUT
2018-01-31,4419225.0,270244.0,65797.0,4083184.0,-52644.0,-29270.835094846654,-1.0308843538281793,CUT
2018-02-07,4420745.0,203936.0,48120.0,4168689.0,85505.0,16639.498943092007,1.5407256526701065,ADD
2018-02-14,4434863.0,197681.0,38518.0,4198664.0,29975.0,21973.699365855202,0.4998137839685064,HOLD
2018-02-21,4411660.0,214677.0,45171.0,4151812.0,-46852.0,-5556.580380486879,-0.9053786135181713,HOLD
2018-02-28,4393401.0,202620.0,44510.0,4146271.0,-5541.0,-5550.348228292128,-0.11231311123481372,HOLD
2018-03-07,4396097.0,195071.0,14295.0,4186731.0,40460.0,12853.791063024724,0.756092371882583,HOLD
2018-03-14,4407258.0,249929.0,4970.0,4152359.0,-34372.0,-6036.525362185167,-0.6337325324130171,HOLD
2018-03-21,4401222.0,316454.0,20586.0,4064182.0,-88177.0,-38892.7152173111,-1.6107286349518972,CUT
2018-03-28,4392198.0,318858.0,17898.0,4055442.0,-8740.0,-26831.62913038666,-0.13118398880391796,HOLD
2018-04-04,4386104.0,303916.0,4570.0,4077618.0,22176.0,-7228.577478231995,0.4679028631581562,HOLD
2018-04-11,4383684.0,294083.0,2361.0,4087240.0,9622.0,-488.34648693919644,0.24559136554411526,HOLD
2018-04-18,4385903.0,275246.0,14021.0,4096636.0,9396.0,3465.3921078364824,0.2187005264801045,HOLD
2018-04-25,4372886.0,359599.0,3570.0,4009717.0,-86919.0,-32688.36473529811,-1.6342109837107233,CUT
2018-05-02,4356129.0,399984.0,6520.0,3949625.0,-60092.0,-43649.81884117887,-1.130255376670382,CUT
2018-05-09,4358207.0,353741.0,2720.0,4001746.0,52121.0,-5341.4913047073205,1.0394132287510924,HOLD
2018-05-16,4337609.0,337258.0,2545.0,3997806.0,-3940.0,-4780.894782824393,-0.03311976893266883,HOLD
2018-05-23,4337301.0,326445.0,2929.0,4007927.0,10121.0,1179.8631303053644,0.23748991025766644,HOLD
2018-05-30,4327519.0,325351.0,3920.0,3998248.0,-9679.0,-3163.6821218167815,-0.1795010159892567,HOLD
2018-06-06,4319191.0,294069.0,16772.0,4008350.0,10102.0,2142.5907269099316,0.2670383478445221,HOLD
2018-06-13,4324906.0,281188.0,3025.0,4040693.0,32343.0,14222.75443614596,0.7237187221324364,HOLD
2018-06-20,4315896.0,352777.0,320.0,3962799.0,-77894.0,-22623.947338312428,-1.6093419243814906,CUT
2018-06-27,4305491.0,373940.0,20680.0,3910871.0,-51928.0,-34345.568402987454,-1.078871100720645,CUT
2018-07-04,4289764.0,336026.0,4852.0,3948886.0,38015.0,-5401.3410417924715,0.8639997231994555,HOLD
2018-07-11,4291201.0,326476.0,1230.0,3963495.0,14609.0,2602.7953749245175,0.3873947217729563,HOLD
2018-07-18,4291615.0,324457.0,6021.0,3961137.0,-2358.0,618.4772249547104,0.02907888352199763,HOLD
2018-07-25,4277681.0,348886.0,720.0,3928075.0,-33062.0,-12853.713665027175,-0.6303791587684434,HOLD
2018-08-01,4255653.0,351523.0,795.0,3903335.0,-24740.0,-17608.228199016303,-0.4357183214625143,HOLD
2018-08-08,4258030.0,326471.0,1659.0,3929900.0,26565.0,61.063080590218306,0.716507720153568,HOLD
2018-08-15,4228924.0,342799.0,315.0,3885810.0,-44090.0,-17599.36215164587,-0.8315100639443684,HOLD
2018-08-22,4228818.0,348393.0,1126.0,3879299.0,-6511.0,-13164.017290987522,-0.0025365067379899643,HOLD
2018-08-29,4218914.0,342543.0,840.0,3875531.0,-3768.0,-9405.610374592514,0.0752355015920099,HOLD
2018-09-05,4208496.0,323764.0,10.0,3884722.0,9191.0,-1966.9662247555084,0.3756276872117644,HOLD
2018-09-12,4210812.0,303654.0,1315.0,3905843.0,21121.0,7268.220265146694,0.6359802865028988,HOLD
2018-09-19,4208059.0,335878.0,8915.0,3863266.0,-42577.0,-12669.867840911982,-0.8739630504706581,HOLD
2018-09-26,4192909.0,370031.0,5625.0,3817253.0,-46013.0,-26007.12070454719,-1.0095039676610265,CUT
2018-10-03,4174704.0,368007.0,2954.0,3803743.0,-13510.0,-21008.27242272831,-0.18507169088564138,HOLD
2018-10-10,4176906.0,324721.0,2390.0,3849795.0,46052.0,5815.8365463630125,1.2944423230851347,ADD
2018-10-17,4175446.0,332923.0,174.0,3842349.0,-7446.0,511.10192781780734,-0.028876248127703973,HOLD
2018-10-24,4173070.0,369576.0,6444.0,3797050.0,-45299.0,-17812.93884330932,-0.9504302709733891,HOLD
2018-10-31,4139731.0,373368.0,4815.0,3761548.0,-35502.0,-24888.56330598559,-0.6811899911979253,HOLD
2018-11-07,4141936.0,319984.0,1875.0,3820077.0,58529.0,8478.462016408648,1.6034286215779376,ADD
2018-11-14,4145892.0,341094.0,660.0,3804138.0,-15939.0,-1288.5227901548114,-0.18605144496896125,HOLD
2018-11-21,4106198.0,330202.0,16204.999999999998,3759791.0,-44347.0,-18511.913674092888,-0.8573607730230668,HOLD
2018-11-28,4097170.0,340596.0,1464.0,3755110.0,-4681.0,-12979.548204455732,0.0944383463463231,HOLD
2018-12-05,4086044.0,337564.0,2210.0,3746270.0,-8840.0,-11323.72892267344,0.012955443866625919,HOLD
2018-12-12,4088314.0,334967.0,461.0,3752886.0,6616.0,-4147.8373536040635,0.39157486667636593,HOLD
2018-12-19,4084274.0,350714.0,5982.0,3727578.0,-25308.0,-12611.902412162439,-0.42630944828443296,HOLD
2018-12-26,4075636.0,374085.0,1004.9999999999999,3700546.0,-27032.0,-18379.941447297464,-0.48789985830414406,HOLD
2019-01-02,4058378.0,379902.0,19481.0,3658995.0,-41551.0,-27648.364868378478,-0.8366077476804812,HOLD
2019-01-09,4056563.0,356698.0,2537.0,3697328.0,38333.0,-1255.8189210270866,1.2533161969045228,HOLD
2019-01-16,4050044.0,351180.0,1316.0,3697548.0,220.0,-665.4913526162519,0.25577050377977,HOLD
2019-01-23,4047052.0,389626.0,11415.0,3646011.0,-51537.0,-21014.094811569754,-1.1119945037856362,CUT
2019-01-30,4039678.0,403276.0,990.0,3635412.0,-10599.0,-16848.056886941853,-0.053183104446288716,HOLD
2019-02-06,4026350.0,352375.0,1926.0,3672049.0,36637.0,4545.96586783489,1.2997250539689829,ADD
2019-02-13,4028431.0,359109.0,1697.0,3667625.0,-4424.0,957.9795207009336,0.1648901778524619,HOLD
2019-02-20,3981420.0,333896.0,2275.0,3645249.0,-22376.0,-8375.612287579439,-0.36341844451989275,HOLD
2019-02-27,3974590.0,310574.0,1915.0,3662101.0,16852.0,1715.4326274523373,0.7484399533877997,HOLD
2019-03-06,3969134.0,220045.0,2115.0,3746974.0,84873.0,34978.4595764714,2.5433346657522224,ADD
2019-03-13,3971559.0,245972.0,16.0,3725571.0,-21403.0,12425.87574588284,-0.360927310734637,HOLD
2019-03-20,3962748.0,303623.0,617.0,3658508.0,-67063.0,-19369.674552470296,-1.6570593590563802,CUT
2019-03-27,3955617.0,310868.0,166.0,3644583.0,-13925.0,-17191.804731482178,-0.16839142644047844,HOLD
2019-04-03,3935509.0,310188.0,16.0,3625305.0,-19278.0,-18026.282838889307,-0.29759314606676635,HOLD
2019-04-10,3936784.0,262617.0,2731.0,3671436.0,46131.0,7636.630296666417,1.4922232815733443,ADD
2019-04-17,3931827.0,285264.0,15.0,3646548.0,-24888.0,-5373.2218220001505,-0.4476422762517474,HOLD
2019-04-24,3928273.0,378602.0,9515.0,3540156.0,-106392.0,-45780.73309320009,-2.6189994173814837,CUT
2019-05-01,3889691.0,400498.0,27.0,3489166.0,-50990.0,-47864.43985592005,-1.1402983768141146,CUT
2019-05-08,3892216.0,348357.0,21.0,3543838.0,54672.0,-6849.863913552024,1.7139976659878524,HOLD
2019-05-15,3864749.0,323786.0,460.0,3540503.0,-3335.0,-5443.918348131215,0.1474022691465773,HOLD
2019-05-22,3860435.0,282864.0,3751.0,3573820.0,33317.0,10060.448991121273,1.1138408496657886,ADD
2019-05-29,3851444.0,247777.0,2226.0,3601441.0,27621.0,17084.669394672765,0.9341483398634958,HOLD
2019-06-05,3847645.0,223638.0,2255.0,3621752.0,20311.0,18375.20163680366,0.7328975778640914,HOLD
2019-06-12,3849955.0,187560.0,1705.0,3660690.0,38938.0,26600.320982082194,1.216865049455449,ADD
2019-06-19,3844016.0,198398.0,22357.0,3623261.0,-37429.0,988.592589249316,-0.8367154184320283,HOLD
2019-06-26,3826817.0,248302.0,7784.0,3570731.0,-52530.0,-20418.84444645041,-1.2448247737614941,CUT
2019-07-03,3813198.0,245306.0,6849.0,3561043.0,-9688.0,-16126.506667870246,-0.06124228192769416,HOLD
2019-07-10,3815038.0,211115.0,6252.0,3597671.0,36628.0,4975.295999277854,1.186755209521498,ADD
2019-07-17,3808110.0,197005.0,1960.0,3609145.0,11474.0,7574.7775995667125,0.4947091994592552,HOLD
2019-07-24,3803436.0,193362.0,8255.0,3601819.0,-7326.0,1614.4665597400276,-0.028669414670822655,HOLD
2019-07-31,3779102.0,163763.0,7367.0,3607972.0,6153.0,3429.879935844017,0.32300757051585066,HOLD
2019-08-07,3781543.0,131704.0,3622.0,3646217.0,38245.0,17355.92796150641,1.185237534826926,ADD
2019-08-14,3786018.0,129957.0,2744.0,3653317.0,7100.0,13253.556776903846,0.31701086708741844,HOLD
2019-08-21,3764866.0,125725.0,15153.0,3623988.0,-29329.0,-3779.465933857693,-0.6660587204493038,HOLD
2019-08-28,3759946.0,145957.0,4255.0,3609734.0,-14254.0,-7969.279560314616,-0.24921940435625592,HOLD
2019-09-04,3761508.0,148740.0,1425.0,3611343.0,1609.0,-4137.967736188769,0.1873900011398329,HOLD
2019-09-11,3769673.0,185342.0,3612.0,3580719.0,-30624.0,-14732.380641713262,-0.6656381797666097,HOLD
2019-09-18,3844695.0,250226.0,18910.0,3575559.0,-5160.0,-10903.428385027957,0.010284336075685598,HOLD
2019-09-25,3857715.0,314189.0,133.0,3543393.0,-32166.0,-19408.457031016776,-0.7472339511182747,HOLD
2019-10-02,3945831.0,335171.0,3054.0,3607606.0,64213.0,14040.125781389936,1.8254985871950002,ADD
2019-10-09,3949955.0,318191.0,1469.0,3630295.0,22689.0,17499.67546883396,0.7319137164630826,HOLD
2019-10-16,3966471.0,324604.0,1803.0,3640064.0,9769.0,14407.405281300376,0.37102282997661423,HOLD
2019-10-23,3968700.0,377985.0,18290.0,3572425.0,-67639.0,-18411.156831219778,-1.691555829294832,CUT
2019-10-30,4019823.0,389872.0,196.0,3629755.0,57330.0,11885.305901268133,1.5702751478054011,ADD
2019-11-06,4039443.0,377029.0,1650.0,3660764.0,31009.0,19534.78354076088,0.9099591506040388,HOLD
2019-11-13,4047882.0,381955.0,1762.0,3664165.0,3401.0,13081.270124456527,0.16286584323857195,HOLD
2019-11-20,4030249.0,368813.0,26026.0,3635410.0,-28755.0,-3653.237925326084,-0.7100034534167204,HOLD
2019-11-27,4052875.0,360941.0,506.0,3691428.0,56018.0,20215.25724480435,1.5063297073791508,ADD
2019-12-04,4065696.0,346971.0,0.0,3718725.0,27297.0,23047.95434688261,0.7286506161438896,HOLD
2019-12-11,4095491.0,326865.0,605.0,3768021.0,49296.0,33547.172608129564,1.2630228935290153,ADD
2019-12-18,4137052.0,332592.0,13362.0,3791098.0,23077.0,29359.10356487774,0.5639547131112476,HOLD
2019-12-25,4165591.0,367820.0,4423.0,3793348.0,2250.0,18515.462138926643,0.012072008631870985,HOLD
2020-01-01,4173626.0,382553.0,64087.0,3726986.0,-66362.0,-15435.522716644018,-1.7244264735666577,CUT
2020-01-08,4149544.0,367002.0,876.0,3781666.0,54680.0,12610.68637001359,1.3395824736185196,ADD
2020-01-15,4175850.0,350987.0,675.0,3824188.0,42522.0,24575.211822008154,1.0018909115531582,ADD
2020-01-22,4145912.0,403941.0,15604.0,3726367.0,-97821.0,-24383.272906795108,-2.3821001525529306,CUT
2020-01-29,4151630.0,432061.0,300.0,3719269.0,-7098.0,-17469.163744077065,-0.20890526941328377,HOLD
2020-02-05,4166707.0,413322.0,4112.0,3749273.0,30004.0,1520.1017535537612,0.6855945850650982,HOLD
2020-02-12,4182689.0,411237.0,309.0,3771143.0,21870.0,9660.061052132256,0.47690586852512906,HOLD
2020-02-19,4171570.0,428805.0,95.0,3742670.0,-28473.0,-5593.163368720648,-0.7266489956440603,HOLD
2020-02-26,4158637.0,439365.0,2300.0,3716972.0,-25698.0,-13635.098021232388,-0.6388112970090725,HOLD
2020-03-04,4241507.0,374515.0,5025.0,3861967.0,144995.0,49816.94118726057,3.17607631057686,ADD
2020-03-11,4311911.0,380556.0,1325.0,3930030.0,68063.0,57115.36471235634,1.4020899201192905,ADD
2020-03-18,4668212.0,362576.0,477.0,4305159.0,375129.0,184320.8188274138,5.335303459823699,ADD
2020-03-25,5254278.0,390252.0,97411.0,4766615.0,461456.0,295174.8912964483,4.777972837952211,ADD
2020-04-01,5811607.0,429267.0,207828.0,5174512.0,407897.0,340263.73477786896,3.556823605233629,ADD
2020-04-08,6083141.0,698578.0,53483.0,5331080.0,156568.0,266785.4408667214,1.1570711882103326,ADD
2020-04-15,6367887.0,889815.0,3150.0,5474922.0,143842.0,217608.06452003284,1.0014456416768096,ADD
2020-04-22,6573136.0,901331.0,10825.0,5660980.0,186058.0,204988.03871201968,1.3374133361085558,ADD
2020-04-29,6655929.0,997507.0,1450.0,5656972.0,-4008.0,121389.6232272118,-0.4229684415272954,HOLD
2020-05-06,6721420.0,1127490.0,1175.0,5592755.0,-64217.0,47146.97393632708,-0.9505372785659778,HOLD
2020-05-13,6934227.0,1177494.0,13825.0,5742908.0,150153.0,88349.38436179626,0.9808324316553604,HOLD
2020-05-20,7037258.0,1194410.0,9726.0,5833122.0,90214.0,89095.23061707776,0.4247698173959257,HOLD
2020-05-27,7097316.0,1310491.0,4326.0,5782499.0,-50623.0,33207.93837024666,-0.8350627509366093,HOLD
2020-06-03,7165217.0,1434823.0,13.0,5730381.0,-52118.0,-922.4369778520049,-0.8305163077948089,HOLD
2020-06-10,7168936.0,1506558.0,12.0,5662366.0,-68015.0,-27759.462186711204,-0.9459799892370545,HOLD
2020-06-17,7094690.0,1560850.0,1.0,5533839.0,-128527.0,-68066.47731202672,-1.4435454028055708,CUT
2020-06-24,7082302.0,1623942.0,1.0,5458359.0,-75480.0,-71031.88638721603,-0.9729978034259396,HOLD
2020-07-01,7009040.0,1657620.0,2.0,5351418.0,-106941.0,-85395.53183232961,-1.2142460338659364,CUT
2020-07-08,6920716.0,1653098.0,1.0,5267617.0,-83801.0,-84757.71909939777,-0.9858862903024522,HOLD
2020-07-15,6958604.0,1655320.0,1.0,5303283.0,35666.0,-36588.23145963866,0.026258637393649788,HOLD
2020-07-22,6964755.0,1804944.0,0.0,5159811.0,-143472.0,-79341.7388757832,-1.446030910119931,CUT
2020-07-29,6949032.0,1816687.0,1.0,5132344.0,-27467.0,-58591.84332546992,-0.47255667319244204,HOLD
2020-08-05,6945237.0,1745228.0,0.0,5200009.0,67665.0,-8089.105995281949,0.3141606821148956,HOLD
2020-08-12,6957277.0,1669733.0,103.0,5287441.0,87432.0,30119.336402830835,0.4648298162891809,HOLD
2020-08-19,7010637.0,1643505.0,112.0,5367020.0,79579.0,49903.2018416985,0.3826846997646132,HOLD
2020-08-26,6990418.0,1622690.0,9.0,5367719.0,699.0,30221.5211050191,-0.2753082079776564,HOLD
2020-09-02,7017492.0,1639159.0,14.0,5378319.0,10600.0,22372.91266301146,-0.19448150409658657,HOLD
2020-09-09,7010614.0,1611083.0,1.0,5399530.0,21211.0,21908.147597806874,-0.11482598732165611,HOLD
2020-09-16,7064475.0,1614855.0,55.0,5449565.0,50035.0,33158.88855868412,0.11686193736510248,HOLD
2020-09-23,7093161.0,1680688.0,1.0,5412472.0,-37093.0,5058.133135210472,-0.6095249086545952,HOLD
2020-09-30,7056129.0,1679152.0,850.0,5376127.0,-36345.0,-11503.120118873718,-0.585454680171451,HOLD
2020-10-07,7074649.0,1697074.0,11.0,5377564.0,1437.0,-6327.07207132423,-0.2674855721605153,HOLD
2020-10-14,7151426.0,1680998.0,0.0,5470428.0,92864.0,33349.35675720546,0.4786406869484133,HOLD
2020-10-21,7177265.0,1724792.0,0.0,5452473.0,-17955.0,12827.614054323276,-0.45151784824485136,HOLD
2020-10-28,7146306.0,1680933.0,5.0,5465368.0,12895.0,12854.568432593966,-0.1869531691546312,HOLD
2020-11-04,7157479.0,1621346.0,0.0,5536133.0,70765.0,36018.74105955638,0.2893057505746225,HOLD
2020-11-11,7175417.0,1600837.0,0.0,5574580.0,38447.0,36990.04463573383,0.014252717893687369,HOLD
2020-11-18,7243080.0,1556892.0,103.0,5686085.0,111505.0,66796.0267814403,0.6009263255188958,HOLD
2020-11-25,7216480.0,1517215.0,0.0,5699265.0,13180.0,45349.61606886418,-0.21200478467538336,HOLD
2020-12-02,7222414.0,1531053.0,1.0,5691360.0,-7905.0,24047.769641318508,-0.38160472260902223,HOLD
2020-12-09,7242658.0,1534243.0,3.0,5708412.0,17052.0,21249.461784791103,-0.1686514171155035,HOLD
2020-12-16,7362592.0,1529698.0,26.0,5832868.0,124456.0,62532.077070874664,0.7056106014261447,HOLD
2020-12-23,7404039.0,1602407.0,857.0,5800775.0,-32093.0,24682.046242524793,-0.5841115605888937,HOLD
2020-12-30,7363351.0,1591055.0,652.0,5771644.0,-29131.0,3156.8277455148746,-0.5680143435490248,HOLD
2021-01-06,7334809.0,1669327.0,4.0,5665478.0,-106166.0,-40572.30335269107,-1.165620035767034,CUT
2021-01-13,7333968.0,1589421.0,0.0,5744547.0,79069.0,7284.2179883853605,0.3445465218800573,HOLD
2021-01-20,7414942.0,1626906.0,1806.0,5786230.0,41683.0,21043.730793031216,0.01713641365283958,HOLD
2021-01-27,7404926.0,1633540.0,1152.0,5770234.0,-15996.0,6227.8384758187285,-0.4586029463999304,HOLD
2021-02-03,7410598.0,1625325.0,178.0,5785095.0,14861.0,9681.103085491237,-0.20086329705501896,HOLD
2021-02-10,7442225.0,1608906.0,0.0,5833319.0,48224.0,25098.261851294745,0.07085448256753495,HOLD
2021-02-17,7557402.0,1567041.0,50.0,5990311.0,156992.0,77855.75711077685,0.9356630411547251,HOLD
2021-02-24,7590111.0,1529977.0,1.0,6060133.0,69822.0,74642.2542664661,0.20421562045771738,HOLD
2021-03-03,7557524.0,1429549.0,507.0,6127468.0,67335.0,71719.35255987966,0.19728948253101855,HOLD
2021-03-10,7579901.0,1360064.0,100.0,6219737.0,92269.0,79939.21153592778,0.3999210199889206,HOLD
2021-03-17,7693506.0,1272583.0,0.0,6420923.0,201186.0,128437.92692155667,1.4146913946506907,ADD
2021-03-24,7719622.0,1061138.0,21902.0,6636582.0,215659.0,163326.35615293402,1.7990361931021916,ADD
2021-03-31,7688988.0,1025727.0,134307.0,6528954.0,-107628.0,54944.61369176041,-1.5365200041588165,HOLD
2021-04-07,7708882.0,1010103.0,35035.0,6663744.0,134790.0,86882.76821505625,1.263326072601147,ADD
2021-04-14,7793104.0,925094.0,50856.0,6817154.0,153410.0,113493.66092903374,1.472145871007135,ADD
2021-04-21,7820948.0,1015902.0,81329.0,6723717.0,-93437.0,30721.39655742023,-1.3366130990112255,HOLD
2021-04-28,7780962.0,967689.0,166732.0,6646541.0,-77176.0,-12437.562065547863,-1.116003288838863,CUT
2021-05-05,7810486.0,953689.0,162800.0,6693997.0,47456.0,11519.862760671283,0.30742219018031997,HOLD
2021-05-12,7830663.0,898779.0,209257.0,6722627.0,28630.0,18363.91765640277,0.11720432410947099,HOLD
2021-05-19,7922883.0,866119.0,293998.0,6762766.0,40139.0,27073.950593841662,0.26830214552732845,HOLD
2021-05-26,7903541.0,812473.0,450283.0,6640785.0,-121981.0,-32548.029643695005,-1.6350615150681125,CUT
2021-06-02,7935703.0,783235.0,438778.0,6713690.0,72905.0,9633.182213782999,0.6391018929550617,HOLD
2021-06-09,7952327.0,730235.0,502904.0,6719188.0,5498.0,7979.109328269798,-0.17730971026869982,HOLD
2021-06-16,8064257.0,653889.0,520942.0,6889426.0,170238.0,72882.66559696187,1.7276215053318793,ADD
2021-06-23,8101945.0,734689.0,813650.0,6553606.0,-335820.0,-90598.40064182287,-3.699910114944636,CUT
2021-06-30,8078544.0,745962.0,991939.0,6340643.0,-212963.0,-139544.24038509373,-2.3138189399781797,CUT
2021-07-07,8097773.0,753364.0,785720.0,6558689.0,218046.0,3491.855768943773,1.8778185769455338,ADD
2021-07-14,8201651.0,704918.0,859975.0,6636758.0,78069.0,33322.713461366264,0.5082426594769742,HOLD
2021-07-21,8240530.0,678103.0,886206.0,6676221.0,39463.0,35778.82807681976,0.10265265782155557,HOLD
2021-07-28,8221473.0,578204.0,965189.0,6678080.0,1859.0,22210.89684609185,-0.27836530166285123,HOLD
2021-08-04,8235073.0,492668.0,931755.0,6810650.0,132570.0,66354.53810765511,1.0059880235724545,ADD
2021-08-11,8257159.0,434919.0,1000460.0,6821780.0,11130.0,44264.722864593066,-0.18247160668862827,HOLD
2021-08-18,8342598.0,338808.0,1115656.0,6888134.0,66354.0,53100.43371875584,0.3688176007782024,HOLD
2021-08-25,8332743.0,301430.0,1147089.0,6884224.0,-3910.0,30296.260231253502,-0.3286835797482624,HOLD
2021-09-01,8349173.0,277650.0,1084115.0,6987408.0,103184.0,59451.356138752104,0.7144880025964755,HOLD
2021-09-08,8357314.0,253496.0,1115229.0,6988589.0,1181.0,36143.21368325126,-0.29034272389015187,HOLD
2021-09-15,8448770.0,230328.0,1081342.0,7137100.0,148511.0,81090.32820995076,1.1326270679307449,ADD
2021-09-22,8489824.0,308022.0,1283281.0,6898521.0,-238579.0,-46777.40307402955,-2.4562609245577463,CUT
2021-09-29,8447981.0,197744.0,1415840.0,6834397.0,-64124.0,-53716.041844417734,-0.8443485078893347,HOLD
2021-10-06,8464032.0,135582.0,1451175.0,6877275.0,42878.0,-15078.425106650637,0.1286519014204681,HOLD
2021-10-13,8480942.0,77858.0,1364701.0,7038383.0,161108.0,55396.14493600962,1.1872555154528157,ADD
2021-10-20,8564943.0,83386.0,1493961.0,6987596.0,-50787.0,12922.886961605771,-0.7256271879204366,HOLD
2021-10-27,8556181.0,213291.0,1433370.0,6909520.0,-78076.0,-23476.66782303654,-0.9479731319334285,HOLD
2021-11-03,8574871.0,280205.0,1343985.0,6950681.0,41161.0,2378.3993061780784,0.12517490563561734,HOLD
2021-11-10,8663117.0,259293.0,1448623.0,6955201.0,4520.0,3235.039583706847,-0.19750881277905508,HOLD
2021-11-17,8674970.0,211453.0,1520000.0,6943517.0,-11684.0,-2732.5762497758924,-0.32308661041062586,HOLD
2021-11-24,8681771.0,164087.0,1452897.0,7064787.0,121270.0,46868.45425013446,0.8497625460104803,HOLD
2021-12-01,8650402.0,152651.0,1427347.0,7070404.0,5617.0,30367.872550080676,-0.18706495302006024,HOLD
2021-12-08,8664524.0,115117.0,1484192.0,7065215.0,-5189.0,16145.123530048406,-0.2797429074136311,HOLD
2021-12-15,8756666.0,104798.0,1621097.0,7030771.0,-34444.0,-4090.525881970958,-0.5166757237610154,HOLD
2021-12-22,8790495.0,84954.0,1699277.0,7006264.0,-24507.0,-12257.115529182576,-0.4289314391099206,HOLD
2021-12-29,8757460.0,211849.0,1642506.0,6903105.0,-103159.0,-48617.869317509554,-1.1120316001305446,CUT
2022-01-05,8765721.0,389751.0,1492787.0,6883183.0,-19922.0,-37139.521590505734,-0.39031697650500713,HOLD
2022-01-12,8788278.0,456401.0,1536981.0,6794896.0,-88287.0,-57598.51295430344,-0.9702328118093939,HOLD
2022-01-19,8867834.0,488697.0,1656576.0,6722561.0,-72335.0,-63493.107772582065,-0.8030294303968822,HOLD
2022-01-26,8860485.0,614877.0,1613046.0,6632562.0,-89999.0,-74095.46466354924,-0.9398479150299979,HOLD
2022-02-02,8873211.0,675773.0,1626895.0,6570543.0,-62019.0,-69264.87879812955,-0.6769605393132949,HOLD
2022-02-09,8878009.0,686384.0,1653153.0,6538472.0,-32071.0,-54387.327278877725,-0.4002319930968516,HOLD
2022-02-16,8911033.0,692541.0,1644134.0,6574358.0,35886.0,-18277.996367326632,0.2196398189601708,HOLD
2022-02-23,8928129.0,697838.0,1738322.0,6491969.0,-82389.0,-43922.39782039598,-0.8049135961232847,HOLD
2022-03-02,8904455.0,682903.0,1526211.0,6695341.0,203372.0,54995.36130776242,1.664613125993636,ADD
2022-03-09,8910748.0,652039.0,1542504.0,6716205.0,20864.0,41342.81678465745,0.09836122678759367,HOLD
2022-03-16,8954306.0,570606.0,1613637.0,6770063.0,53858.0,46348.89007079447,0.4208779056339095,HOLD
2022-03-23,8962474.0,614616.0,1803186.0,6544672.0,-225391.0,-62347.06595752333,-1.9863845808175484,CUT
2022-03-30,8937142.0,575065.0,1785939.0,6576138.0,31466.0,-24821.839574513993,0.2736699754766052,HOLD
2022-04-06,8937592.0,574451.0,1731472.0,6631669.0,55531.0,7319.296255291607,0.5088990456444648,HOLD
2022-04-13,8965487.0,547308.0,1815555.0,6602624.0,-29045.0,-7226.422246825036,-0.23026944470115912,HOLD
2022-04-20,8955851.0,711406.0,1866560.0,6377885.0,-224739.0,-94231.45334809503,-1.9504336545067693,CUT
2022-04-27,8939199.0,944328.0,1803162.0,6191709.0,-186176.0,-131009.27200885702,-1.554209153739198,CUT
2022-05-04,8939972.0,945478.0,1815656.0,6178838.0,-12871.0,-83753.9632053142,-0.02602725725009547,HOLD
2022-05-11,8942008.0,945658.0,1876119.0,6120231.0,-58607.0,-73695.17792318852,-0.41266591136994524,HOLD
2022-05-18,8945898.0,886964.0,1973373.0,6085561.0,-34670.0,-58085.10675391311,-0.19029464350591216,HOLD
2022-05-25,8914281.0,821535.0,1995750.0,6096996.0,11435.0,-30277.064052347865,0.194170582233314,HOLD
2022-06-01,8915050.0,789532.0,1965015.0,6160503.0,63507.0,7236.561568591285,0.6583667996268344,HOLD
2022-06-08,8918254.0,723384.0,2140277.0,6054593.0,-105910.0,-38022.063058845226,-0.8215058680820626,HOLD
2022-06-15,8932420.0,656870.0,2162924.0,6112626.0,58033.0,399.96216469286446,0.65827652712472,HOLD
2022-06-22,8934346.0,758283.0,2259458.0,5916605.0,-196021.0,-78168.42270118429,-1.7598113428261208,CUT
2022-06-29,8913553.0,756627.0,2226976.0,5929950.0,13345.0,-41563.05362071057,0.2112861162081684,HOLD
2022-07-06,8891851.0,700457.0,2168026.0,6023368.0,93418.0,12429.367827573664,1.0752800227283477,ADD
2022-07-13,8895867.0,652572.0,2155290.0,6088005.0,64637.0,33312.4206965442,0.7813713025278662,HOLD
2022-07-20,8899213.0,613878.0,2240204.0,6045131.0,-42874.0,2837.852417926515,-0.3199628200862114,HOLD
2022-07-27,8890004.0,602945.0,2188994.0,6098065.0,52934.0,22876.31145075591,0.6643152453598524,HOLD
2022-08-03,8874620.0,594115.0,2182238.0,6098267.0,202.0,13806.586870453546,0.1473754240919342,HOLD
2022-08-10,8879138.0,557265.0,2177646.0,6144227.0,45960.0,26667.952122272127,0.6233656519595469,HOLD
2022-08-17,8849762.0,545321.0,2199631.0,6104810.0,-39417.0,233.97127336327503,-0.25900287776111786,HOLD
2022-08-24,8851436.0,535267.0,2237072.0,6079097.0,-25713.0,-10144.817235982036,-0.10879955174043646,HOLD
2022-08-31,8826093.0,612536.0,2251025.0,5962532.0,-116565.0,-52712.89034158922,-1.0356358363319202,CUT
2022-09-07,8822401.0,581295.0,2206987.0,6034119.0,71587.0,-2992.934204953526,0.9534083441643503,HOLD
2022-09-14,8832759.0,593808.0,2225579.0,6013372.0,-20747.0,-10094.560522972117,0.009449946651674371,HOLD
2022-09-21,8816802.0,692496.0,2315900.0,5808406.0,-204966.0,-88043.13631378328,-2.0471702758034636,CUT
2022-09-28,8795567.0,689569.0,2366798.0,5739200.0,-69206.0,-80508.28178826996,-0.5353444094912547,HOLD
2022-10-05,8759053.0,633939.0,2230799.0,5894315.0,155115.0,13741.030927038024,1.8752406364569176,ADD
2022-10-12,8758969.0,608302.0,2247206.0,5903461.0,9146.0,11903.018556222814,0.34664462701501403,HOLD
2022-10-19,8743922.0,607199.0,2241835.0,5894888.0,-8573.0,3712.6111337336883,0.13935978811871355,HOLD
2022-10-26,8723090.0,634548.0,2186856.0,5901686.0,6798.0,4946.766680240213,0.29421219853683267,HOLD
2022-11-02,8676870.0,598544.0,2229861.0,5848465.0,-53221.0,-18320.339991855875,-0.36110686046683865,HOLD
2022-11-09,8678886.0,527479.0,2237812.0,5913595.0,65130.0,15059.796004886475,0.9523246925262655,HOLD
2022-11-16,8625620.0,502982.0,2099070.0,6023568.0,109973.0,53025.07760293189,1.3995173152737252,ADD
2022-11-23,8621390.0,479474.0,2069174.0,6072742.0,49174.0,51484.64656175913,0.7617363961979223,HOLD
2022-11-30,8584576.0,511474.0,2115913.0,5957189.0,-115553.0,-15330.412062944528,-1.0400882490495202,CUT
2022-12-07,8582735.0,432335.0,2151549.0,5998851.0,41662.0,7466.552762233283,0.6838274574688258,HOLD
2022-12-14,8583413.0,355517.0,2192864.0,6035032.0,36181.0,18952.33165733997,0.6065005575336485,HOLD
2022-12-21,8564411.0,459780.0,2206965.0,5897666.0,-137366.0,-43575.001005596016,-1.2520052047219905,CUT
2022-12-28,8551169.0,427926.0,2293003.0,5830240.0,-67426.0,-53115.400603357615,-0.5075197716539522,HOLD
2023-01-04,8507429.0,423625.0,2229542.0,5854262.0,24022.0,-22260.440362014568,0.47407614950030397,HOLD
2023-01-11,8508587.0,372340.0,2199170.0,5937077.0,82815.0,19769.73578279126,1.0682481778434745,ADD
2023-01-18,8489039.0,339018.0,2131678.0,6018343.0,81266.0,44368.24146967476,1.012958117376162,ADD
2023-01-25,8470557.0,491848.0,2031561.0,5947148.0,-71195.0,-1857.055118195145,-0.6215964291873384,HOLD
2023-02-01,8433610.0,560089.0,2038262.0,5835259.0,-111889.0,-45869.83307091709,-1.0388282286966375,CUT
2023-02-08,8435369.0,493277.0,2059603.9999999998,5882488.0,47229.0,-8630.299842550252,0.6336660505700743,HOLD
2023-02-15,8384767.0,490379.0,2011998.0,5882390.0,-98.0,-5217.379905530151,0.14020851463689848,HOLD
2023-02-22,8382190.0,477333.0,2113849.0,5791008.0,-91382.0,-39683.227943318096,-0.8256904030475882,HOLD
2023-03-01,8339684.0,381245.0,2133950.0,5824489.0,33481.0,-10417.536765990855,0.5611544883468333,HOLD
2023-03-08,8342283.0,333350.0,2193237.0,5815696.0,-8793.0,-9767.722059594513,0.0953962979018067,HOLD
2023-03-15,8639300.0,232866.0,2055822.9999999998,6350611.0,534915.0,208105.36676424328,4.625854896289517,ADD
2023-03-22,8733787.0,259587.0,2279608.0,6194592.0,-156019.0,62455.62005854596,-1.295487717798976,HOLD
2023-03-29,8705942.0,183577.0,2264862.0,6257503.0,62911.0,62637.77203512758,0.5976207150949839,HOLD
2023-04-05,8632384.0,168793.0,2243011.0,6220580.0,-36923.0,22813.463221076545,-0.25174321621100476,HOLD
2023-04-12,8614797.0,109208.0,2303862.0,6201727.0,-18853.0,6146.877932645926,-0.09669933404056169,HOLD
2023-04-19,8593263.0,166555.0,2294677.0,6132031.0,-69696.0,-24190.273240412447,-0.5829011760815659,HOLD
2023-04-26,8562768.0,291702.0,2279561.0,5991505.0,-140526.0,-70724.56394424746,-1.240573877241139,CUT
2023-05-03,8503994.0,269216.0,2258222.0,5976556.0,-14949.0,-48414.33836654847,-0.10037610226019662,HOLD
2023-05-10,8503017.0,197666.0,2233149.0,6072202.0,95646.0,9209.796980070918,0.871974512854417,HOLD
2023-05-17,8456760.0,116220.0,2213676.0,6126864.0,54662.0,27390.678188042555,0.4857005975255766,HOLD
2023-05-24,8436255.0,61952.0,2250709.0,6123594.0,-3270.0,15126.406912825532,-0.03409880299728033,HOLD
2023-05-31,8385854.0,48954.0,2254859.0,6082041.0,-41553.0,-7545.355852304681,-0.36178465145553884,HOLD
2023-06-07,8389325.0,44756.0,2161556.0,6183013.0,100972.0,35861.58648861719,0.8908051367290287,HOLD
2023-06-14,8388323.0,102118.0,2109105.0,6177100.0,-5913.0,19151.751893170313,-0.06484818840469084,HOLD
2023-06-21,8362060.0,276850.0,2037102.0,6048108.0,-128992.0,-40105.74886409781,-1.2141268828713785,CUT
2023-06-28,8340914.0,390571.0,1945211.0,6005132.0,-42976.0,-41253.849318458684,-0.4094301683653443,HOLD
2023-07-05,8298312.0,415441.0,1867061.0,6015810.0,10678.0,-20481.10959107521,0.10047165334292268,HOLD
2023-07-12,8296923.0,514337.0,1820146.0,5962440.0,-53370.0,-33636.665754645124,-0.4736644157981481,HOLD
2023-07-19,8274552.0,531135.0,1732804.0,6010613.0,48173.0,-912.7994527870724,0.4536786246072567,HOLD
2023-07-26,8243344.0,543597.0,1749733.0,5950014.0,-60599.0,-24787.279671672244,-0.53628276833272,HOLD
2023-08-02,8206764.0,517459.0,1770186.0,5919119.0,-30895.0,-27230.367803003348,-0.2547354177924498,HOLD
2023-08-09,8208241.0,444594.0,1796519.0,5967128.0,48009.0,2865.3793181979945,0.4770472660975997,HOLD
2023-08-16,8145727.0,435795.0,1796725.0,5913207.0,-53921.0,-19849.172409081206,-0.46562202577864426,HOLD
2023-08-23,8139066.0,413787.0,1816533.0,5908746.0,-4461.0,-13693.903445448723,-0.010988073596017021,HOLD
2023-08-30,8121316.0,470800.0,1696819.0,5953697.0,44951.0,9764.057932730768,0.4223207912764891,HOLD
2023-09-06,8101318.0,470881.0,1606244.0,6024193.0,70496.0,34056.83475963846,0.6617005388107844,HOLD
2023-09-13,8098779.0,521507.0,1546225.0,6031047.0,6854.0,23175.700855783078,0.06099882438671766,HOLD
2023-09-20,8024090.0,640296.0,1486984.0,5896810.0,-134237.0,-39789.37948653016,-1.3001955732496673,CUT
2023-09-27,8002064.0,681143.0,1442805.0,5878116.0,-18694.0,-31351.227691918095,-0.20521359667868258,HOLD
2023-10-04,7955782.0,668009.0,1342031.0,5945742.0,67626.0,8239.663384849144,0.6514362031908656,HOLD
2023-10-11,7952054.0,709160.0,1239382.0,6003512.0,57770.0,28051.798030909486,0.544358862502952,HOLD
2023-10-18,7933162.0,759878.0,1150781.0,6022503.0,18991.0,24427.478818545693,0.16116826334843182,HOLD
2023-10-25,7907830.0,834418.0,1100617.0,5972795.0,-49708.0,-5226.712708872585,-0.49656200664710504,HOLD
2023-11-01,7866664.0,820487.0,1079462.0,5966715.0,-6080.0,-5568.027625323551,-0.08144321570362772,HOLD
2023-11-08,7860691.0,772686.0,1024451.0,6063554.0,96839.0,35394.78342480587,0.9117510127436611,HOLD
2023-11-15,7814991.0,738562.0,944241.0,6132188.0,68634.0,48690.470054883524,0.6500836348859828,HOLD
2023-11-22,7810814.0,706017.0,931604.0,6173193.0,41005.0,45616.28203293012,0.38196055703482057,HOLD
2023-11-29,7796145.0,739209.0,914187.0,6142749.0,-30444.0,15192.169219758069,-0.336579472941268,HOLD
2023-12-06,7737385.0,682509.0,846498.0,6208378.0,65629.0,35366.90153185484,0.608182249305541,HOLD
2023-12-13,7739566.0,658440.0,823329.0,6257797.0,49419.0,40987.740919112905,0.44518997839013785,HOLD
2023-12-20,7724063.0,732196.0,779143.0,6212724.0,-45073.0,6563.444551467743,-0.5131221296743184,HOLD
2023-12-27,7712781.0,731405.0,818869.0,6162507.0,-50217.0,-16148.733269119357,-0.5693245300719116,HOLD
2024-01-03,7681024.0,758448.0,719897.0,6202679.0,40172.0,6379.560038528387,0.3363674198909028,HOLD
2024-01-10,7686710.0,747565.0,679961.0,6259184.0,56505.0,26429.73602311703,0.5072607735166658,HOLD
2024-01-17,7673741.0,748883.0,590191.0,6334667.0,75483.0,46051.04161387022,0.7003125699066086,HOLD
2024-01-24,7677230.0,799358.0,639560.0,6238312.0,-96355.0,-10911.375031677868,-1.0242184652606865,CUT
2024-01-31,7630124.0,841550.0,615379.0,6173195.0,-65117.0,-32593.625019006722,-0.7258215723084603,HOLD
2024-02-07,7631300.0,802135.0,553055.0,6276110.0,102915.0,21609.824988595967,0.959029005689792,HOLD
2024-02-14,7633874.0,838005.0,575332.0,6220537.0,-55573.0,-9263.305006842422,-0.6220058225580066,HOLD
2024-02-21,7581683.0,785465.0,574882.0,6221336.0,799.0,-5238.3830041054525,-0.0756422872726607,HOLD
2024-02-28,7567807.0,785821.0,569855.0,6212131.0,-9205.0,-6825.029802463272,-0.16861223902430025,HOLD
2024-03-06,7538857.0,767733.0,456847.0,6314277.0,102146.0,36763.38211852204,0.9289137003536359,HOLD
2024-03-13,7541969.0,768369.0,521738.00000000006,6251862.0,-62415.0,-2907.9707288867794,-0.9036965761452648,HOLD
2024-03-20,7514348.0,809298.0,496245.0,6208805.0,-43057.0,-18967.58243733207,-0.6811259585177729,HOLD
2024-03-27,7484739.0,802233.0,518357.0,6164149.0,-44656.0,-29242.949462399243,-0.6772434653622995,HOLD
2024-04-03,7439558.0,768651.0,436631.0,6234276.0,70127.0,10505.030322560458,1.0940040299215388,ADD
2024-04-10,7438176.0,704971.0,445816.0,6287389.0,53113.0,27548.218193536275,0.8014349404938825,HOLD
2024-04-17,7405506.0,796535.0,440508.0,6168463.0,-118926.0,-31041.469083878237,-1.8225623511401197,CUT
2024-04-24,7402434.0,941430.0,441215.0,6019789.0,-148674.0,-78094.48145032694,-2.2612532221177544,CUT
2024-05-01,7362474.0,917177.0,438148.0,6007149.0,-12640.0,-51912.688870196165,-0.20049243050795257,HOLD
2024-05-08,7353408.0,851591.0,493427.0,6008390.0,1241.0,-30651.213322117695,0.03820870851700472,HOLD
2024-05-15,7304272.0,787133.0,443779.0,6073360.0,64970.0,7597.272006729385,1.0187056502198037,ADD
2024-05-22,7299566.0,725376.0,496382.0,6077808.0,4448.0,6337.56320403763,0.08224181108231518,HOLD
2024-05-29,7284319.0,704335.0,459314.0,6120670.0,42862.0,20947.33792242258,0.6498951684853866,HOLD
2024-06-05,7255687.0,710309.0,371841.0,6173537.0,52867.0,33715.20275345355,0.833007948857701,HOLD
2024-06-12,7258974.0,673573.0,447574.0,6137827.0,-35710.0,5945.121652072132,-0.5472770536493482,HOLD
2024-06-19,7252542.0,723410.0,375542.0,6153590.0,15763.0,9872.27299124328,0.22415139192130162,HOLD
2024-06-26,7231163.0,765417.0,490156.0,5975590.0,-178000.0,-65276.636205254035,-2.692281208712969,CUT
2024-07-03,7221520.0,761373.0,425898.0,6034249.0,58659.0,-15702.381723152419,0.8780982842034005,HOLD
2024-07-10,7224079.0,736402.0,422147.0,6065530.0,31281.0,3090.970966108551,0.4432954591581425,HOLD
2024-07-17,7208247.0,751593.0,399401.0,6057253.0,-8277.0,-1456.2174203348698,-0.13945990471894562,HOLD
2024-07-24,7205455.0,774315.0,399121.0,6032019.0,-25234.0,-10967.330452200922,-0.41048982078935903,HOLD
2024-07-31,7178391.0,786486.0,413200.0,5978705.0,-53314.0,-27905.998271320554,-0.830097822700084,HOLD
2024-08-07,7175256.0,770931.0,286660.0,6117665.0,138960.0,38840.401037207674,1.9995626928109222,ADD
2024-08-14,7177688.0,794120.0,328472.0,6055096.0,-62569.0,-1723.3593776753987,-0.9574519355161443,HOLD
2024-08-21,7139952.0,736494.0,321329.0,6082129.0,27033.0,9779.18437339476,0.3471113574415763,HOLD
2024-08-28,7123238.0,745851.0,388890.0,5988497.0,-93632.0,-31585.289375963148,-1.3604818148131834,CUT
2024-09-04,7112567.0,733959.0,337312.0,6041296.0,52799.0,2168.4263744221134,0.7603503787815148,HOLD
2024-09-11,7115001.0,755958.0,279215.0,6079828.0,38532.0,16713.85582465327,0.5432169510431892,HOLD
2024-09-18,7109137.0,771194.0,305831.0,6032112.0,-47716.0,-9058.086505208039,-0.7522057440602281,HOLD
2024-09-25,7080059.0,806771.0,416193.0,5857095.0,-175017.0,-75441.65190312483,-2.4510143417138894,CUT
2024-10-02,7046925.0,798277.0,383398.0,5865250.0,8155.0,-42002.991141874896,0.13743134201512486,HOLD
2024-10-09,7046840.0,802115.0,343448.0,5901277.0,36027.0,-10790.994685124935,0.5403837936445869,HOLD
2024-10-16,7039284.0,791792.0,272028.0,5975464.0,74187.0,23200.203188925043,1.0569885961533516,ADD
2024-10-23,7029408.0,829991.0,270839.0,5928578.0,-46886.0,-4834.278086644976,-0.6483348413393255,HOLD
2024-10-30,7013490.0,835237.0,228946.0,5949307.0,20729.0,5391.033148013015,0.2964031161716076,HOLD
2024-11-06,6994299.0,842051.0,177871.0,5974377.0,25070.0,13262.619888807809,0.38359285959540984,HOLD
2024-11-13,6967108.0,832186.0,238106.0,5896816.0,-77561.0,-23066.828066715316,-1.0451194883313766,CUT
2024-11-20,6923731.0,751873.0,217793.0,5954065.0,57249.0,9059.503159970813,0.8764776947822608,HOLD
2024-11-27,6905140.0,775250.0,169815.0,5960075.0,6010.0,7839.701895982487,0.1359649966592324,HOLD
2024-12-04,6895827.0,789516.0,162866.0,5943445.0,-16630.0,-1948.1788624105075,-0.1662762175760359,HOLD
2024-12-11,6897485.0,775067.0,180120.0,5942298.0,-1147.0,-1627.7073174463044,0.07136303242116628,HOLD
2024-12-18,6889332.0,767932.0,131651.0,5989749.0,47451.0,18003.77560953222,0.7485967439932224,HOLD
2024-12-25,6885963.0,764770.0,180989.0,5940204.0,-49545.0,-9015.734634280669,-0.655080450688002,HOLD
2025-01-01,6852491.0,719873.0,473460.0,5659158.0,-281046.0,-117827.84078056841,-3.43654604410949,CUT
2025-01-08,6853554.0,652636.0,185144.0,6015774.0,356616.0,71949.69553165894,3.8690511041077644,ADD
2025-01-15,6834070.0,641225.0,119977.0,6072868.0,57094.0,66007.41731899537,0.6672876694230664,HOLD
2025-01-22,6831760.0,677282.0,123981.0,6030497.0,-42371.0,22656.05039139722,-0.41546202186694925,HOLD
2025-01-29,6818186.0,784206.0,121842.0,5912138.0,-118359.0,-33749.96976516167,-1.2141692588318491,CUT
2025-02-05,6810935.0,805593.0,78788.0,5926554.0,14416.0,-14483.581859097001,0.22941635544334163,HOLD
2025-02-12,6813513.0,828102.0,67670.0,5917741.0,-8813.0,-12215.3491154582,-0.032542138424496575,HOLD
2025-02-19,6782332.0,790062.0,73196.0,5919074.0,1333.0,-6796.009469274921,0.07777102825123813,HOLD
2025-02-26,6766101.0,681161.0,126058.0,5958882.0,39808.0,11845.594318435049,0.48511915850718346,HOLD
2025-03-05,6756764.0,548331.0,139493.0,6068940.0,110058.0,51130.55659106103,1.243727015704062,ADD
2025-03-12,6759571.0,512581.0,131055.0,6115935.0,46995.0,49476.33395463662,0.5381174567061302,HOLD
2025-03-19,6755982.0,435936.0,193378.0,6126668.0,10733.0,33979.00037278197,0.13379023856320973,HOLD
2025-03-26,6740253.0,360177.0,241371.0,6138705.0,12037.0,25202.20022366918,0.13638659795371316,HOLD
2025-04-02,6723452.0,313326.0,233488.0,6176638.0,37933.0,30294.520134201506,0.42683847791041385,HOLD
2025-04-09,6727416.0,306049.0,168115.0,6253252.0,76614.0,48822.312080520904,0.8417526789324006,HOLD
2025-04-16,6727113.0,422983.0,54772.0,6249358.0,-3894.0,27735.787248312543,-0.06037455960943409,HOLD
2025-04-23,6726930.0,606632.0,171780.0,5948518.0,-300840.0,-103694.52765101247,-3.0742061247153334,CUT
2025-04-30,6709277.0,595741.0,250601.0,5862935.0,-85583.0,-96449.91659060749,-0.8441196984060136,HOLD
2025-05-07,6710889.0,583727.0,154859.0,5972303.0,109368.0,-14122.749954364488,1.1080790848368927,HOLD
2025-05-14,6713270.0,575846.0,165024.0,5972400.0,97.0,-8434.849972618693,0.02061370928350593,HOLD
2025-05-21,6688726.0,503055.0,162802.0,6022869.0,50469.0,15126.690016428787,0.5196396811888545,HOLD
2025-05-28,6673244.0,467204.0,173641.0,6032399.0,9530.0,12888.014009857272,0.11343869272963547,HOLD
2025-06-04,6672885.0,378947.0,168882.0,6125056.0,92657.0,44795.60840591437,0.9400619035934159,HOLD
2025-06-11,6677155.0,332907.0,204625.0,6139623.0,14567.0,32704.16504354862,0.14611910670618825,HOLD
2025-06-18,6681056.0,337762.0,205050.0,6138244.0,-1379.0,19070.899026129173,-0.010900814855313253,HOLD
2025-06-25,6662200.0,364375.0,210879.0,6086946.0,-51298.0,-9076.660584322497,-0.5537728343614351,HOLD
2025-07-02,6659598.0,359516.0,237307.0,6062775.0,-24171.0,-15114.396350593499,-0.25687284223907425,HOLD
2025-07-09,6661912.0,319889.0,227273.0,6114750.0,51975.0,11721.362189643902,0.52931367488536,HOLD
2025-07-16,6659273.0,296247.0,197086.0,6165940.0,51190.0,27508.81731378634,0.5080392685346636,HOLD
2025-07-23,6657715.0,323176.0,189632.0,6144907.0,-21033.0,8092.090388271805,-0.24014590254198925,HOLD
2025-07-30,6642578.0,370507.0,155481.0,6116590.0,-28317.0,-6471.545767036919,-0.3212355668052895,HOLD
2025-08-06,6640843.0,421043.0,91966.0,6127834.0,11244.0,614.6725397778491,0.11695003382588748,HOLD
2025-08-13,6643615.0,504304.0,57202.0,6082109.0,-45725.0,-17921.19647613329,-0.4904976728306129,HOLD
2025-08-20,6618415.0,519534.0,34999.0,6063882.0,-18227.0,-18043.517885679972,-0.18968677942418874,HOLD
2025-08-27,6603384.0,589998.0,34744.0,5978642.0,-85240.0,-44922.110731407985,-0.9039820699590834,HOLD
2025-09-03,6602071.0,597513.0,17923.0,5986635.0,7993.0,-23756.06643884479,0.09642573676943184,HOLD
2025-09-10,6605962.0,672274.0,29400.0,5904288.0,-82347.0,-47192.43986330688,-0.8375308291985081,HOLD
2025-09-17,6608597.0,756376.0,13963.0,5838258.0,-66030.0,-54727.463917984125,-0.6593269686640403,HOLD
2025-09-24,6608395.0,804856.0,29172.0,5774367.0,-63891.0,-58392.87835079047,-0.6789408461273037,HOLD
2025-10-01,6587119.0,805139.0,10179.0,5771801.0,-2566.0,-36062.12701047429,-0.008380386731464929,HOLD
2025-10-08,6590815.0,807428.0,5231.0,5778156.0,6355.0,-19095.276206284572,0.0952232995024712,HOLD
2025-10-15,6596454.0,809593.0,5484.0,5781377.0,3221.0,-10168.765723770743,0.07643982409836901,HOLD
2025-10-22,6589533.0,908001.0,4005.0,5677527.0,-103850.0,-47641.25943426244,-1.0782616809600751,CUT
2025-10-29,6587034.0,957990.0,19504.0,5609540.0,-67987.0,-55779.55566055747,-0.6667046081349394,HOLD
2025-11-05,6572732.0,940979.0,12814.0,5618939.0,9399.0,-29708.13339633448,0.17627919389119315,HOLD
2025-11-12,6580462.0,953816.0,5886.0,5620760.0,1821.0,-17096.480037800688,0.07787373217526299,HOLD
2025-11-19,6555283.0,941926.0,1129.0,5612228.0,-8532.0,-13670.688022680413,-0.02148866494771639,HOLD
2025-11-26,6552419.0,903394.0,2217.0,5646808.0,34580.0,5629.587186391753,0.4447795616590338,HOLD
2025-12-03,6535781.0,937167.0,2514.0,5596100.0,-50708.0,-16905.44768816495,-0.48123232425441637,HOLD
2025-12-10,6539303.0,858946.0,5045.0,5675312.0,79212.0,21541.531387101033,0.9142103414052751,HOLD
2025-12-17,6556861.0,833093.0,10361.0,5713407.0,38095.0,28162.91883226062,0.47099038194352616,HOLD
2025-12-24,6581231.0,837120.0,4803.0,5739308.0,25901.0,27258.151299356374,0.3233510131867594,HOLD
2025-12-31,6640618.0,837306.0,105993.0,5697319.0,-41989.0,-440.70922038617937,-0.5116002091682024,HOLD
2026-01-07,6573602.0,796148.0,4582.0,5772872.0,75553.0,29956.774467768293,1.1866863920204003,ADD
2026-01-14,6581700.0,779175.0,3223.0,5799302.0,26430.0,28546.064680660977,0.4716842097230517,HOLD
2026-01-21,6584580.0,869261.0,3344.0,5711975.0,-87327.0,-17803.161191603416,-1.1948727003445956,CUT
2026-01-28,6587568.0,923042.0,1103.0,5663423.0,-48552.0,-30102.696714962047,-0.6594826884429941,HOLD
2026-02-04,6605909.0,908773.0,2414.0,5694722.0,31299.0,-5542.018028977227,0.5376583363761124,HOLD
2026-02-11,6622382.0,915306.0,1048.0,5706028.0,11306.0,1197.1891826136643,0.2311059968101342,HOLD
2026-02-18,6613395.0,912727.0,856.0,5699812.0,-6216.0,-1768.0864904318014,-0.030050909200691145,HOLD
2026-02-25,6613797.0,887612.0,1159.0,5725026.0,25214.0,9024.74810574092,0.4476216035418829,HOLD
2026-03-04,6628894.0,832053.0,877.0,5795964.0,70938.0,33790.04886344455,1.1673687653338045,ADD
2026-03-11,6646344.0,838186.0,552.0,5807606.0,11642.0,24930.829318066728,0.27077711788920583,HOLD
2026-03-18,6655939.0,853052.0,698.0,5802189.0,-5417.0,12791.697590840035,0.012690563313895705,HOLD
2026-03-25,6657161.0,874077.0,777.0,5782307.0,-19882.0,-277.7814454959798,-0.20097639833584224,HOLD
2026-04-01,6675344.0,847718.0,2107.0,5825519.0,43212.0,17118.131132702412,0.7698646702743949,HOLD
2026-04-08,6693871.0,748376.0,177.0,5945318.0,119799.0,58190.478679621454,1.8976710329731998,ADD
2026-04-15,6705696.0,751354.0,223.0,5954119.0,8801.0,38434.68720777287,0.2184436079545935,HOLD
2026-04-22,6707419.0,1005968.0,538.0,5700913.0,-253206.0,-78221.58767533628,-3.9857357488269103,CUT
2026-04-29,6699950.0,981929.0,747.0,5717274.0,16361.0,-40388.55260520177,0.3124092406816699,HOLD
2026-05-06,6709505.0,877761.0,1633.0,5830111.0,112837.0,20901.668436878943,1.8803446194658497,ADD
2026-05-13,6728502.0,838584.0,3719.0,5886199.0,56088.0,34976.201062127366,0.9313587797150444,HOLD
2026-05-20,6713643.0,781293.0,24867.0,5907483.0,21284.0,29499.320637276418,0.38122244299999564,HOLD
2026-05-27,6704383.0,830296.0,1853.0,5872234.0,-35249.0,3599.9923823658482,-0.5205593443588296,HOLD
2026-06-03,6711495.0,875713.0,2062.0,5833720.0,-38514.0,-13245.604570580492,-0.5442122642250268,HOLD
2026-06-10,6725397.0,828122.0,387.0,5896888.0,63168.0,17319.837257651707,1.109070195364036,ADD
2026-06-17,6736424.0,880713.0,6828.0,5848883.0,-48005.0,-8810.097645408976,-0.6905741830831069,HOLD
2026-06-24,6735645.0,918696.0,4534.0,5812415.0,-36468.0,-19873.258587245386,-0.5089982970842415,HOLD
2026-07-01,6724564.0,880237.0,1000.9999999999999,5843326.0,30911.0,440.4448476527705,0.5720073984813003,HOLD
2026-07-08,6735609.0,774062.0,3347.0,5958200.0,114874.0,46213.86690859167,1.8670055155170564,ADD
2026-07-15,6743028.0,756218.0,151.0,5986659.0,28459.0,39111.920145155,0.5077747932605956,HOLD
2026-07-22,6747378.0,829623.0,376.0,5917379.0,-69280.0,-4244.847912907,-1.0228542913296363,CUT
2026-07-29,6738190.0,910776.0,2576.0,5824838.0,-92541.0,-39563.3087477442,-1.346817245956799,CUT
2026-08-05,6748567.0,907324.0,1650.0,5839593.0,14755.0,-17835.98524864652,0.3143830326157731,HOLD
2026-08-12,6759955.0,963950.0,725.0,5795280.0,-44313.0,-28426.791149187913,-0.6010581879057494,HOLD
2026-08-19,6745699.0,953612.0,317.0,5791770.0,-3510.0,-18460.07468951275,0.026702316307667177,HOLD
2026-08-26,6730912.0,950736.0,702.0,5779474.0,-12296.0,-15994.44481370765,-0.13324652710121912,HOLD
