Ngày Tháng Năm,VIC,VHM,VRE,VN30F1M
11/6/2017,22.22,17.47,32.15,845.0
11/7/2017,22.77,17.47,32.15,847.0
11/8/2017,24.06,17.47,32.15,857.0
11/9/2017,25.2,17.47,32.15,857.3
11/10/2017,24.24,17.47,34.37,857.3
11/13/2017,25.2,17.47,36.75,863.5
11/14/2017,25.2,17.47,37.26,869.7
11/15/2017,25.34,17.47,35.28,877.0
11/16/2017,25.67,17.47,34.89,888.1
11/17/2017,26.22,17.47,35.36,903.0
11/20/2017,28.02,17.47,37.82,930.0
11/21/2017,28.28,17.47,40.44,958.0
11/22/2017,27.91,17.47,40.91,975.0
11/23/2017,28.1,17.47,41.23,950.0
11/24/2017,27.36,17.47,40.12,938.0
11/27/2017,27.91,17.47,40.52,946.0
11/28/2017,27.99,17.47,39.49,946.5
11/29/2017,27.99,17.47,39.17,960.0
11/30/2017,27.36,17.47,38.85,958.0
12/1/2017,27.4,17.47,39.25,963.6
12/4/2017,27.95,17.47,39.25,988.0
12/5/2017,26.81,17.47,38.06,955.0
12/6/2017,26.81,17.47,37.34,949.0
12/7/2017,26.45,17.47,36.47,937.0
12/8/2017,26.81,17.47,37.26,936.0
12/11/2017,26.45,17.47,35.68,900.0
12/12/2017,26.15,17.47,36.47,905.0
12/13/2017,26.45,17.47,36.35,910.0
12/14/2017,26.45,17.47,35.84,928.0
12/15/2017,25.78,17.47,36.39,935.0
12/18/2017,27.18,17.47,36.71,958.0
12/19/2017,27.0,17.47,36.71,942.5
12/20/2017,27.0,17.47,36.31,949.0
12/21/2017,26.81,17.47,38.22,937.8
12/22/2017,27.77,17.47,37.9,956.0
12/25/2017,28.65,17.47,37.26,961.3
12/26/2017,28.65,17.47,38.06,976.0
12/27/2017,28.36,17.47,37.62,966.0
12/28/2017,28.43,17.47,37.19,977.9
12/29/2017,28.39,17.47,37.38,980.0
1/2/2018,28.72,17.47,37.54,999.0
1/3/2018,29.57,17.47,37.58,1012.8
1/4/2018,29.75,17.47,37.42,1023.9
1/5/2018,29.38,17.47,37.26,1012.0
1/8/2018,29.49,17.47,36.79,1030.0
1/9/2018,29.6,17.47,37.26,1042.0
1/10/2018,29.68,17.47,39.49,1040.0
1/11/2018,29.75,17.47,41.15,1052.8
1/12/2018,31.37,17.47,43.61,1051.5
1/15/2018,32.03,17.47,43.29,1059.0
1/16/2018,31.59,17.47,42.74,1058.0
1/17/2018,30.85,17.47,43.61,1024.0
1/18/2018,31.0,17.47,45.59,1044.3
1/19/2018,30.85,17.47,48.37,1052.5
1/22/2018,31.22,17.47,47.18,1089.8
1/23/2018,31.22,17.47,47.18,1100.0
1/24/2018,31.22,17.47,47.18,1103.0
1/25/2018,31.26,17.47,44.4,1119.0
1/26/2018,31.4,17.47,43.61,1111.0
1/29/2018,31.4,17.47,43.61,1093.0
1/30/2018,31.22,17.47,43.77,1105.0
1/31/2018,31.59,17.47,43.93,1085.0
2/1/2018,31.81,17.47,43.61,1080.0
2/2/2018,32.03,17.47,43.69,1087.0
2/5/2018,29.79,17.47,40.67,1042.0
2/6/2018,29.79,17.47,37.86,1000.0
2/7/2018,29.75,17.47,40.44,1020.0
2/8/2018,29.02,17.47,38.85,1004.5
2/9/2018,28.72,17.47,37.86,1000.0
2/12/2018,30.71,17.47,37.86,1039.0
2/13/2018,31.62,17.47,38.1,1053.5
2/21/2018,33.06,17.47,39.25,1082.0
2/22/2018,33.24,17.47,39.56,1059.9
2/23/2018,33.64,17.47,40.91,1106.0
2/26/2018,34.89,17.47,43.61,1108.2
2/27/2018,34.34,17.47,43.53,1112.0
2/28/2018,34.86,17.47,42.66,1105.0
3/1/2018,34.53,17.47,43.93,1105.5
3/2/2018,34.71,17.47,43.77,1109.0
3/5/2018,34.53,17.47,40.75,1075.5
3/6/2018,36.18,17.47,43.53,1110.0
3/7/2018,36.22,17.47,43.29,1087.0
3/8/2018,37.9,17.47,44.16,1105.6
3/9/2018,38.01,17.47,44.16,1106.0
3/12/2018,36.73,17.47,44.24,1111.8
3/13/2018,37.68,17.47,44.24,1116.0
3/14/2018,37.65,17.47,42.42,1113.9
3/15/2018,36.55,17.47,42.02,1109.5
3/16/2018,36.62,17.47,41.39,1126.6
3/19/2018,38.35,17.47,42.02,1131.1
3/20/2018,38.27,17.47,41.86,1132.0
3/21/2018,39.67,17.47,40.83,1139.9
3/22/2018,39.67,17.47,41.07,1139.0
3/23/2018,40.22,17.47,39.56,1126.0
3/26/2018,41.8,17.47,38.53,1140.0
3/27/2018,41.5,17.47,39.88,1146.9
3/28/2018,42.06,17.47,40.28,1146.5
3/29/2018,42.24,17.47,40.44,1142.8
3/30/2018,43.05,17.47,40.6,1145.2
4/2/2018,45.18,17.47,39.56,1162.0
4/3/2018,44.92,17.47,39.56,1162.6
4/4/2018,46.83,17.47,39.25,1162.0
4/5/2018,48.12,17.47,39.01,1170.0
4/6/2018,48.63,17.47,41.63,1170.0
4/9/2018,49.55,17.47,42.42,1178.3
4/10/2018,48.12,17.47,42.02,1174.0
4/11/2018,46.28,17.47,40.44,1140.0
4/12/2018,46.65,17.47,41.07,1141.0
4/13/2018,46.87,17.47,40.28,1125.0
4/16/2018,47.27,17.47,40.2,1125.0
4/17/2018,47.75,17.47,39.64,1133.5
4/18/2018,47.71,17.47,38.06,1112.2
4/19/2018,44.41,17.47,37.11,1065.0
4/20/2018,45.18,17.47,38.06,1096.9
4/23/2018,45.25,17.47,36.08,1035.0
4/24/2018,46.65,17.47,38.06,1044.0
4/26/2018,46.65,17.47,36.08,1014.5
4/27/2018,46.28,17.47,36.71,1031.0
5/2/2018,45.91,17.47,36.71,1008.1
5/3/2018,45.18,17.47,36.71,1019.0
5/4/2018,45.73,17.47,37.07,1013.0
5/7/2018,45.76,17.47,37.11,1056.0
5/8/2018,45.51,17.47,36.31,1050.0
5/9/2018,45.14,17.47,35.76,1042.0
5/10/2018,44.26,17.47,35.76,1014.0
5/11/2018,45.54,17.47,36.23,1034.0
5/14/2018,48.48,17.47,38.73,1056.8
5/15/2018,48.48,17.47,37.98,1047.0
5/16/2018,47.75,17.47,36.47,1032.0
5/17/2018,45.18,64.36,36.47,1006.0
5/18/2018,45.18,64.36,37.03,1026.9
5/21/2018,42.02,64.36,35.36,992.5
5/22/2018,39.08,68.85,34.09,964.0
5/23/2018,37.83,64.25,34.49,972.5
5/24/2018,38.24,66.69,34.57,957.0
5/25/2018,39.3,68.44,32.43,930.0
5/28/2018,40.77,68.15,31.95,883.5
5/29/2018,40.4,67.57,34.09,924.0
5/30/2018,40.77,68.15,33.3,908.0
5/31/2018,42.61,67.04,34.09,940.5
6/1/2018,43.71,67.86,36.04,957.5
6/4/2018,44.08,68.67,36.15,980.5
6/5/2018,44.48,68.73,35.92,990.0
6/6/2018,45.58,69.9,35.92,1019.0
6/7/2018,45.62,69.9,35.68,1016.0
6/8/2018,45.62,69.9,35.28,1017.9
6/11/2018,45.65,69.9,35.76,1017.1
6/12/2018,45.69,68.73,35.28,1005.8
6/13/2018,47.01,68.73,35.68,1018.5
6/14/2018,46.28,68.15,35.28,1002.0
6/15/2018,45.36,67.86,35.68,1008.0
6/18/2018,45.32,67.86,33.3,970.0
6/19/2018,45.18,66.98,31.64,937.9
6/20/2018,45.91,66.98,32.19,961.0
6/21/2018,45.54,66.98,30.53,954.0
6/22/2018,45.1,66.52,31.71,967.2
6/25/2018,45.43,67.28,32.35,973.2
6/26/2018,45.4,66.98,32.27,968.0
6/27/2018,45.99,64.07,31.48,945.0
6/28/2018,47.78,64.07,30.21,941.0
6/29/2018,47.78,65.47,30.76,943.2
7/2/2018,47.65,64.83,30.68,921.0
7/3/2018,44.31,60.34,30.37,890.1
7/4/2018,46.67,64.54,30.6,893.0
7/5/2018,47.33,66.4,29.85,866.0
7/6/2018,47.2,65.53,28.94,895.0
7/9/2018,46.67,65.7,29.26,884.0
7/10/2018,45.78,64.65,28.78,889.0
7/11/2018,46.45,63.9,28.31,871.0
7/12/2018,45.78,64.07,28.94,876.0
7/13/2018,45.78,63.66,28.94,902.0
7/16/2018,45.56,61.74,29.97,908.0
7/17/2018,46.22,61.74,32.03,918.0
7/18/2018,46.67,62.56,34.09,934.1
7/19/2018,46.67,62.03,34.09,941.0
7/20/2018,46.05,62.27,33.3,945.0
7/23/2018,46.22,62.79,33.18,925.0
7/24/2018,46.45,62.03,33.02,924.0
7/25/2018,46.4,62.03,32.51,911.0
7/26/2018,47.11,61.74,31.79,919.8
7/27/2018,47.29,61.68,31.08,925.0
7/30/2018,47.29,64.36,31.56,937.5
7/31/2018,47.29,64.25,32.19,938.5
8/1/2018,47.33,63.26,32.27,934.0
8/2/2018,47.42,63.37,31.75,938.2
8/3/2018,49.56,63.49,32.9,935.0
8/6/2018,49.56,63.49,33.3,934.6
8/7/2018,49.02,62.62,33.3,934.5
8/8/2018,48.36,62.91,33.42,943.5
8/9/2018,46.31,63.31,32.51,940.2
8/10/2018,46.31,62.27,31.87,946.5
8/13/2018,45.69,62.62,31.87,953.0
8/14/2018,45.91,62.79,32.03,959.3
8/15/2018,45.29,62.79,31.56,946.6
8/16/2018,45.38,62.79,31.71,947.0
8/17/2018,45.47,63.37,31.6,947.0
8/20/2018,45.6,63.37,31.32,945.0
8/21/2018,45.82,64.01,31.32,958.5
8/22/2018,46.05,64.01,31.68,957.0
8/23/2018,46.49,65.18,32.19,960.6
8/24/2018,46.22,64.95,32.27,958.5
8/27/2018,46.31,64.95,32.11,963.2
8/28/2018,46.31,64.65,31.75,965.6
8/29/2018,45.78,63.08,31.4,962.0
8/30/2018,45.96,62.56,31.68,970.5
8/31/2018,45.96,60.58,31.2,965.7
9/4/2018,45.38,61.1,30.05,956.0
9/5/2018,45.11,61.74,29.18,944.0
9/6/2018,43.56,61.16,28.98,934.7
9/7/2018,43.2,61.04,29.85,943.5
9/10/2018,44.13,60.93,29.93,936.2
9/11/2018,44.98,60.4,30.37,953.1
9/12/2018,45.07,60.58,30.05,950.0
9/13/2018,44.58,61.22,29.89,953.0
9/14/2018,44.89,61.45,30.01,958.5
9/17/2018,44.0,61.45,29.49,950.5
9/18/2018,44.27,60.93,29.34,962.0
9/19/2018,43.82,60.93,29.34,962.8
9/20/2018,43.78,61.16,29.77,971.0
9/21/2018,43.82,59.12,30.01,980.0
9/24/2018,44.27,59.94,31.32,981.5
9/25/2018,44.22,59.65,31.6,980.6
9/26/2018,44.0,59.35,32.31,981.0
9/27/2018,43.82,60.58,32.51,985.8
9/28/2018,43.69,61.74,33.22,987.4
10/1/2018,43.78,60.05,32.31,984.9
10/2/2018,45.33,60.58,32.11,984.0
10/3/2018,45.42,59.41,32.9,986.5
10/4/2018,44.71,59.76,33.06,992.0
10/5/2018,43.78,59.47,32.51,982.6
10/8/2018,42.93,58.25,31.16,973.2
10/9/2018,42.93,58.25,31.16,973.5
10/10/2018,42.93,58.32,31.71,971.6
10/11/2018,41.33,55.7,29.65,920.2
10/12/2018,42.67,56.06,30.17,944.0
10/15/2018,42.44,53.22,29.18,919.0
10/16/2018,43.82,54.32,29.49,935.1
10/17/2018,44.0,55.63,29.81,945.5
10/18/2018,44.04,55.04,29.46,937.6
10/19/2018,44.04,54.46,29.38,932.2
10/22/2018,44.04,54.39,29.73,921.5
10/23/2018,44.0,53.95,29.34,901.0
10/24/2018,43.91,52.79,28.7,885.0
10/25/2018,43.02,49.87,28.23,886.5
10/26/2018,42.84,47.33,27.75,870.0
10/29/2018,43.2,45.0,27.91,878.0
10/30/2018,42.93,45.21,27.35,876.0
10/31/2018,43.2,48.35,28.94,904.0
11/1/2018,42.44,50.24,28.41,884.0
11/2/2018,42.67,52.42,28.8,906.5
11/5/2018,42.67,52.42,29.82,899.0
11/6/2018,42.58,52.42,29.53,894.0
11/7/2018,42.67,52.93,29.53,894.8
11/8/2018,42.67,54.39,30.11,893.6
11/9/2018,42.62,55.34,29.96,880.0
11/12/2018,42.62,55.34,30.01,885.0
11/13/2018,41.47,55.19,29.33,872.8
11/14/2018,42.09,55.19,29.19,871.0
11/15/2018,40.76,54.97,29.53,864.4
11/16/2018,40.04,51.84,29.14,870.0
11/19/2018,42.84,53.08,29.28,881.0
11/20/2018,43.2,54.61,29.77,881.3
11/21/2018,43.24,55.19,30.69,895.0
11/22/2018,43.56,56.06,30.4,892.0
11/23/2018,44.0,55.41,29.92,886.8
11/26/2018,44.67,56.06,30.06,890.4
11/27/2018,45.11,57.01,29.92,884.4
11/28/2018,45.33,57.01,30.11,890.3
11/29/2018,45.33,57.3,30.3,885.2
11/30/2018,45.2,56.65,29.82,887.5
12/3/2018,45.29,56.57,30.45,915.0
12/4/2018,45.33,59.7,31.76,912.8
12/5/2018,45.38,58.76,32.0,915.5
12/6/2018,45.38,59.27,32.05,909.0
12/7/2018,45.42,58.25,32.05,914.1
12/10/2018,45.38,58.25,31.08,913.9
12/11/2018,45.42,58.47,31.52,914.1
12/12/2018,45.42,58.47,31.86,920.8
12/13/2018,45.69,58.47,31.76,923.9
12/14/2018,45.65,58.1,31.28,913.1
12/17/2018,45.56,56.43,31.08,897.0
12/18/2018,45.33,56.43,30.69,894.6
12/19/2018,45.33,56.43,30.21,884.5
12/20/2018,45.29,56.35,29.24,878.5
12/21/2018,45.33,53.81,28.46,879.5
12/24/2018,45.33,54.17,28.8,877.0
12/25/2018,45.29,53.51,28.94,867.7
12/26/2018,45.29,52.42,28.36,863.0
12/27/2018,45.51,53.37,28.36,867.5
12/28/2018,42.36,53.44,27.1,855.0
1/2/2019,44.62,53.51,27.97,842.7
1/3/2019,44.58,53.3,26.91,824.0
1/4/2019,44.71,53.88,26.71,834.0
1/7/2019,44.89,54.02,27.1,842.0
1/8/2019,44.89,54.02,26.81,840.8
1/9/2019,45.11,54.02,28.22,847.5
1/10/2019,45.07,54.32,28.6,840.5
1/11/2019,45.07,55.77,29.04,845.6
1/14/2019,45.07,56.28,29.48,846.5
1/15/2019,45.11,58.17,30.11,860.0
1/16/2019,45.33,58.47,30.55,860.7
1/17/2019,45.33,58.1,29.24,850.0
1/18/2019,45.42,58.61,28.41,841.0
1/21/2019,45.51,58.61,28.46,862.0
1/22/2019,45.51,57.96,28.12,854.0
1/23/2019,45.6,57.96,28.26,860.8
1/24/2019,45.69,57.37,28.36,861.7
1/25/2019,45.73,56.79,28.36,867.9
1/28/2019,46.09,58.68,28.41,865.0
1/29/2019,46.18,59.34,28.56,870.0
1/30/2019,46.18,59.7,28.46,868.2
1/31/2019,46.18,58.25,28.36,866.9
2/1/2019,43.91,58.25,28.17,868.5
2/11/2019,46.22,58.17,28.56,878.0
2/12/2019,48.49,58.25,28.85,885.0
2/13/2019,48.45,58.25,29.53,894.5
2/14/2019,50.18,59.63,30.6,892.1
2/15/2019,49.78,59.12,30.06,889.6
2/18/2019,50.53,59.7,30.74,899.5
2/19/2019,51.56,63.34,30.69,900.1
2/20/2019,51.78,65.82,31.18,908.9
2/21/2019,52.62,70.41,33.02,925.0
2/22/2019,52.0,67.79,34.0,919.4
2/25/2019,51.69,66.98,32.93,937.0
2/26/2019,51.33,66.98,33.51,922.9
2/27/2019,52.18,67.49,33.51,923.0
2/28/2019,50.67,63.71,32.05,900.0
3/1/2019,51.16,66.26,33.02,910.0
3/4/2019,52.18,67.86,33.36,926.9
3/5/2019,52.13,66.26,33.22,917.5
3/6/2019,52.31,66.84,33.51,918.0
3/7/2019,52.98,66.98,34.0,908.0
3/8/2019,52.49,66.62,33.7,899.0
3/11/2019,52.58,65.53,34.48,911.8
3/12/2019,52.71,67.2,35.65,930.0
3/13/2019,52.22,68.44,36.72,927.0
3/14/2019,52.76,68.8,37.01,926.0
3/15/2019,52.76,67.93,36.42,927.0
3/18/2019,53.91,68.66,36.91,935.1
3/19/2019,53.78,68.44,36.62,926.1
3/20/2019,53.42,67.13,35.11,925.2
3/21/2019,52.0,64.22,33.51,908.0
3/22/2019,52.71,66.33,34.0,897.4
3/25/2019,51.2,64.8,32.39,883.0
3/26/2019,50.53,65.46,31.96,880.0
3/27/2019,50.62,65.6,32.98,884.0
3/28/2019,51.51,67.79,32.83,883.2
3/29/2019,51.51,66.62,33.61,884.0
4/1/2019,51.78,67.28,35.06,890.0
4/2/2019,51.69,67.13,34.97,885.1
4/3/2019,51.07,66.98,34.48,888.0
4/4/2019,51.16,66.98,34.48,888.0
4/5/2019,51.16,67.42,34.77,888.0
4/8/2019,51.33,68.88,34.77,894.8
4/9/2019,50.22,68.3,33.61,887.0
4/10/2019,49.69,67.35,34.0,885.2
4/11/2019,51.11,68.08,33.8,883.1
4/12/2019,50.31,67.93,33.95,885.0
4/16/2019,50.27,66.26,33.02,885.4
4/17/2019,48.89,65.38,32.64,883.0
4/18/2019,48.45,64.8,32.93,877.0
4/19/2019,48.93,64.8,32.93,866.2
4/22/2019,49.73,65.53,32.88,861.9
4/23/2019,50.22,64.8,33.7,865.5
4/24/2019,50.58,65.31,34.38,872.8
4/25/2019,50.49,65.67,34.14,868.6
4/26/2019,50.53,66.98,34.97,877.0
5/2/2019,50.49,66.55,35.4,877.6
5/3/2019,50.0,65.82,35.06,880.0
5/6/2019,49.87,64.8,34.19,866.6
5/7/2019,50.05,64.0,34.09,873.7
5/8/2019,50.05,62.32,34.09,873.3
5/9/2019,50.05,61.52,34.09,871.0
5/10/2019,50.09,61.16,34.34,876.7
5/13/2019,50.18,61.89,34.97,877.3
5/14/2019,50.45,61.89,34.97,883.0
5/15/2019,51.25,62.62,35.55,892.1
5/16/2019,51.96,63.34,35.55,890.0
5/17/2019,51.96,63.13,36.0,892.6
5/20/2019,52.22,63.2,36.15,908.9
5/21/2019,52.22,63.13,36.0,910.6
5/22/2019,52.22,62.98,35.8,908.2
5/23/2019,52.0,62.98,35.25,907.9
5/24/2019,51.11,61.52,35.0,901.0
5/27/2019,51.11,61.45,35.25,902.4
5/28/2019,50.67,60.8,34.6,903.0
5/29/2019,51.2,60.87,34.8,898.0
5/30/2019,51.11,60.14,35.0,898.9
5/31/2019,50.93,59.7,34.8,878.0
6/3/2019,50.89,58.68,33.8,859.0
6/4/2019,50.93,58.68,34.3,865.0
6/5/2019,51.51,58.68,34.35,866.4
6/6/2019,51.51,58.47,34.45,866.5
6/7/2019,52.0,59.85,34.75,874.8
6/10/2019,52.27,59.7,35.05,878.5
6/11/2019,52.0,59.63,35.2,877.0
6/12/2019,51.56,58.25,34.95,868.7
6/13/2019,51.33,58.25,34.7,865.0
6/14/2019,51.33,58.17,34.9,858.9
6/17/2019,50.89,56.79,34.0,854.0
6/18/2019,50.67,56.79,33.5,851.6
6/19/2019,51.51,56.86,34.0,856.8
6/20/2019,51.56,57.08,34.9,865.0
6/21/2019,50.89,57.16,34.3,885.0
6/24/2019,51.73,57.88,34.5,881.6
6/25/2019,51.73,57.88,34.3,875.1
6/26/2019,51.96,57.52,34.35,872.6
6/27/2019,51.07,56.43,33.75,856.9
6/28/2019,51.42,57.74,33.8,867.9
7/1/2019,52.09,58.98,34.25,888.4
7/2/2019,51.47,59.05,34.6,874.0
7/3/2019,51.29,59.7,34.3,874.0
7/4/2019,51.78,61.89,34.75,886.0
7/5/2019,51.87,62.62,35.75,882.5
7/8/2019,51.56,60.43,35.8,873.5
7/9/2019,51.56,60.5,36.4,874.5
7/10/2019,51.91,60.72,36.15,877.6
7/11/2019,51.78,60.5,36.45,880.0
7/12/2019,51.56,60.5,35.9,873.6
7/15/2019,50.76,59.7,36.25,879.0
7/16/2019,51.51,61.09,37.0,880.8
7/17/2019,51.33,61.16,37.0,878.0
7/18/2019,51.02,61.16,36.6,870.8
7/19/2019,51.56,61.52,37.4,880.5
7/22/2019,51.78,61.6,36.7,874.8
7/23/2019,53.25,62.47,37.3,886.0
7/24/2019,54.22,62.47,37.35,885.0
7/25/2019,54.76,63.71,37.5,885.0
7/26/2019,54.27,63.71,37.4,886.2
7/29/2019,55.29,63.93,36.75,885.9
7/30/2019,54.45,61.16,35.85,874.5
7/31/2019,54.22,64.22,36.95,885.0
8/1/2019,55.29,65.89,37.0,882.5
8/2/2019,54.45,65.67,36.25,880.5
8/5/2019,52.45,62.03,35.0,874.0
8/6/2019,53.25,60.8,34.85,868.0
8/7/2019,52.45,61.16,34.7,865.0
8/8/2019,54.22,62.26,35.5,869.2
8/9/2019,53.42,61.9,35.5,869.7
8/12/2019,53.33,62.04,35.45,874.7
8/13/2019,52.49,61.09,34.9,872.1
8/14/2019,52.71,61.16,34.7,877.6
8/15/2019,53.78,61.9,35.4,890.4
8/16/2019,54.22,61.53,35.15,879.1
8/19/2019,54.18,62.04,35.3,883.5
8/20/2019,53.78,63.89,35.6,882.3
8/21/2019,54.4,64.33,35.9,887.3
8/22/2019,56.05,64.77,35.75,886.6
8/23/2019,55.56,64.11,35.05,887.8
8/26/2019,55.47,63.3,34.9,885.5
8/27/2019,54.45,63.81,34.5,881.0
8/28/2019,54.22,63.96,34.7,880.9
8/29/2019,54.45,63.96,34.35,884.6
8/30/2019,54.89,64.7,34.45,886.0
9/3/2019,54.67,64.55,34.25,883.1
9/4/2019,54.4,65.58,34.0,887.0
9/5/2019,54.22,65.58,34.1,886.0
9/6/2019,53.82,65.43,34.1,886.9
9/9/2019,54.49,65.14,34.0,886.0
9/10/2019,54.22,64.84,33.7,882.6
9/11/2019,54.0,63.59,33.95,884.7
9/12/2019,54.0,64.03,33.95,887.1
9/13/2019,54.4,64.84,33.95,901.6
9/16/2019,54.58,65.21,34.0,902.2
9/17/2019,54.58,66.54,34.2,908.0
9/18/2019,54.31,66.61,33.95,910.5
9/19/2019,54.0,66.54,34.1,917.1
9/20/2019,53.07,66.02,33.95,914.0
9/23/2019,52.89,65.95,33.7,907.0
9/24/2019,53.38,65.95,33.8,909.9
9/25/2019,53.2,65.95,33.5,911.1
9/26/2019,52.89,65.36,32.75,916.1
9/27/2019,53.25,65.8,33.25,923.0
9/30/2019,53.25,65.8,33.1,922.1
10/1/2019,53.29,65.73,32.7,930.0
10/2/2019,52.45,65.58,32.0,920.8
10/3/2019,52.45,65.8,32.0,926.0
10/4/2019,52.45,65.73,31.9,918.6
10/7/2019,52.0,65.58,31.5,912.2
10/8/2019,52.05,65.29,31.25,916.6
10/9/2019,52.0,65.21,32.0,914.8
10/10/2019,51.96,65.21,32.4,913.0
10/11/2019,52.45,65.14,32.35,915.5
10/14/2019,52.45,64.77,31.7,922.7
10/15/2019,52.62,63.66,31.85,924.2
10/16/2019,52.45,63.66,31.85,923.6
10/17/2019,52.0,63.74,31.85,918.8
10/18/2019,52.0,64.11,31.9,921.4
10/21/2019,51.96,63.74,31.9,918.1
10/22/2019,51.91,63.37,31.9,919.2
10/23/2019,52.05,63.3,32.25,919.5
10/24/2019,52.09,63.44,32.7,925.8
10/25/2019,52.09,63.37,32.55,925.9
10/28/2019,52.31,63.37,32.45,926.5
10/29/2019,52.36,64.55,32.6,926.0
10/30/2019,53.16,65.43,33.25,928.4
10/31/2019,52.89,65.58,33.2,926.5
11/1/2019,54.45,70.15,35.05,933.5
11/4/2019,54.09,70.74,34.9,937.0
11/5/2019,54.0,72.14,35.6,938.0
11/6/2019,54.18,73.24,35.15,937.9
11/7/2019,53.69,73.32,35.2,941.8
11/8/2019,53.56,72.58,34.65,942.5
11/11/2019,52.85,72.73,34.7,939.2
11/12/2019,53.07,72.07,34.7,942.9
11/13/2019,52.89,71.55,34.7,937.2
11/14/2019,53.02,71.03,35.0,934.7
11/15/2019,53.16,70.96,35.2,933.8
11/18/2019,52.49,70.96,35.2,929.0
11/19/2019,52.05,71.11,35.3,929.7
11/20/2019,51.56,70.89,35.15,921.0
11/21/2019,51.25,70.22,35.0,899.0
11/22/2019,51.65,68.9,34.8,901.5
11/25/2019,51.56,68.68,33.8,902.9
11/26/2019,51.2,68.75,34.1,905.5
11/27/2019,51.38,68.53,33.95,899.5
11/28/2019,51.42,67.5,33.5,892.3
11/29/2019,51.42,67.72,34.45,891.1
12/2/2019,51.11,67.72,34.0,878.0
12/3/2019,51.11,67.64,34.0,875.1
12/4/2019,51.33,67.64,34.1,887.8
12/5/2019,51.47,67.79,34.5,885.0
12/6/2019,51.51,67.79,34.6,884.7
12/9/2019,51.51,67.79,35.2,879.2
12/10/2019,51.51,67.42,34.9,877.0
12/11/2019,51.51,67.13,35.0,884.0
12/12/2019,51.56,67.2,34.75,885.0
12/13/2019,51.56,65.65,33.55,881.5
12/16/2019,51.47,63.44,33.9,877.4
12/17/2019,51.47,63.0,32.9,868.0
12/18/2019,51.47,61.82,31.95,861.5
12/19/2019,51.47,61.82,32.4,861.2
12/20/2019,51.47,62.04,32.95,869.4
12/23/2019,51.42,61.75,32.9,868.1
12/24/2019,51.33,61.68,32.9,871.5
12/25/2019,51.33,61.68,32.8,873.8
12/26/2019,51.29,62.04,33.3,871.1
12/27/2019,51.2,62.26,33.4,879.3
12/30/2019,51.11,63.0,34.5,878.3
12/31/2019,51.11,62.49,34.0,876.3
1/2/2020,51.11,62.56,34.35,886.3
1/3/2020,51.25,62.78,34.6,879.5
1/6/2020,50.89,61.45,33.65,872.0
1/7/2020,50.98,61.75,33.95,875.0
1/8/2020,50.8,60.79,32.7,863.7
1/9/2020,50.98,61.38,34.0,874.8
1/10/2020,51.02,62.26,33.95,878.7
1/13/2020,51.07,63.59,33.75,879.5
1/14/2020,51.11,63.59,33.75,882.3
1/15/2020,51.11,63.59,33.2,883.8
1/16/2020,51.11,63.44,32.8,892.1
1/17/2020,51.07,63.37,32.6,893.5
1/20/2020,51.07,63.37,32.0,896.9
1/21/2020,51.07,64.48,32.6,902.2
1/22/2020,51.07,65.88,32.6,909.0
1/30/2020,51.07,64.4,30.95,873.0
1/31/2020,51.02,64.48,30.05,852.0
2/3/2020,51.02,62.78,30.2,841.0
2/4/2020,51.02,63.15,29.25,842.2
2/5/2020,50.89,63.37,28.95,841.8
2/6/2020,50.85,63.96,30.95,860.5
2/7/2020,50.85,64.11,32.0,857.0
2/10/2020,50.53,63.52,31.1,846.1
2/11/2020,50.4,63.52,31.4,850.3
2/12/2020,49.78,63.74,31.25,856.6
2/13/2020,49.96,63.37,31.45,855.1
2/14/2020,48.89,64.55,31.75,861.8
2/17/2020,48.0,63.89,31.4,863.8
2/18/2020,46.45,63.37,30.55,856.0
2/19/2020,46.67,63.37,30.15,865.8
2/20/2020,48.89,64.03,30.9,871.7
2/21/2020,48.85,63.44,30.7,862.8
2/24/2020,47.69,61.9,29.35,829.0
2/25/2020,47.56,61.23,29.2,841.0
2/26/2020,47.07,59.61,29.0,836.6
2/27/2020,46.93,59.54,29.0,847.2
2/28/2020,46.85,59.24,28.5,830.1
3/2/2020,46.85,59.32,28.55,839.6
3/3/2020,46.89,59.32,28.45,838.0
3/4/2020,46.89,59.32,28.45,841.1
3/5/2020,46.93,59.69,28.6,836.0
3/6/2020,46.67,59.61,28.5,832.3
3/9/2020,43.42,55.49,26.55,774.1
3/10/2020,43.42,56.37,26.4,781.5
3/11/2020,43.11,56.37,26.0,745.0
3/12/2020,40.8,53.05,24.2,694.0
3/13/2020,41.11,53.05,24.2,712.3
3/16/2020,41.11,52.91,23.7,674.9
3/17/2020,39.33,51.51,22.1,700.6
3/18/2020,39.56,51.21,22.1,688.0
3/19/2020,39.42,50.48,21.9,678.0
3/20/2020,36.67,47.01,20.4,672.1
3/23/2020,34.13,43.77,19.0,625.1
3/24/2020,31.78,40.75,17.7,626.0
3/25/2020,34.0,43.55,18.9,648.3
3/26/2020,36.36,44.95,20.0,626.1
3/27/2020,38.58,44.21,20.4,615.0
3/30/2020,36.18,41.12,19.0,583.0
3/31/2020,37.07,40.53,19.15,578.7
4/1/2020,38.22,40.38,19.25,590.0
4/3/2020,40.44,42.52,19.5,613.9
4/6/2020,43.24,45.46,20.85,656.8
4/7/2020,43.24,48.63,22.3,677.0
4/8/2020,41.78,51.58,22.5,675.0
4/9/2020,42.67,50.84,23.7,680.2
4/10/2020,42.22,49.44,23.8,682.0
4/13/2020,42.67,49.59,25.45,689.7
4/14/2020,42.49,50.11,26.2,705.2
4/15/2020,42.67,49.96,26.1,717.5
4/16/2020,42.62,49.74,26.5,725.2
4/17/2020,42.71,50.48,26.5,716.5
4/20/2020,42.76,50.48,26.2,710.0
4/21/2020,41.33,50.11,24.4,670.1
4/22/2020,41.11,48.19,23.55,686.9
4/23/2020,41.33,49.07,24.1,678.9
4/24/2020,41.33,47.9,24.0,697.1
4/27/2020,40.89,47.53,23.5,692.5
4/28/2020,40.89,47.6,22.75,694.0
4/29/2020,40.84,46.86,23.1,702.5
5/4/2020,40.8,47.82,23.45,684.0
5/5/2020,41.2,46.86,23.55,695.3
5/6/2020,42.22,49.37,25.0,718.0
5/7/2020,42.67,49.81,24.8,742.0
5/8/2020,43.33,52.24,25.3,744.0
5/11/2020,43.33,54.16,25.45,762.2
5/12/2020,43.11,54.16,25.25,759.1
5/13/2020,42.22,52.61,24.5,770.3
5/14/2020,42.67,52.02,24.05,768.0
5/15/2020,43.11,52.76,24.1,766.7
5/18/2020,42.89,52.98,24.55,788.0
5/19/2020,42.89,53.94,24.9,799.5
5/20/2020,42.93,56.81,26.55,807.5
5/21/2020,43.56,57.48,26.3,864.0
5/22/2020,42.84,56.37,25.8,768.9
5/25/2020,43.16,56.59,26.2,782.0
5/26/2020,43.07,56.3,26.5,809.4
5/27/2020,43.07,55.04,25.5,782.9
5/28/2020,43.11,55.26,26.9,790.0
5/29/2020,43.11,56.44,27.5,785.0
6/1/2020,43.2,58.29,27.8,811.0
6/2/2020,42.98,57.33,27.6,808.1
6/3/2020,43.02,57.4,28.1,819.0
6/4/2020,42.67,57.11,28.4,815.0
6/5/2020,42.22,56.96,28.45,825.0
6/8/2020,42.67,57.33,28.6,836.5
6/9/2020,42.76,57.18,27.9,827.0
6/10/2020,42.49,57.11,27.95,839.3
6/11/2020,41.33,56.37,26.1,795.0
6/12/2020,40.8,55.26,25.9,805.0
6/15/2020,39.56,51.58,25.0,775.0
6/16/2020,41.51,55.19,26.75,798.0
6/17/2020,40.84,56.0,27.5,800.7
6/18/2020,40.44,56.37,27.55,797.1
6/19/2020,43.24,56.37,27.8,798.6
6/22/2020,43.07,57.7,27.6,797.9
6/23/2020,41.87,57.25,27.2,796.0
6/24/2020,42.09,55.78,26.85,785.0
6/25/2020,41.51,55.63,26.5,781.0
6/26/2020,40.67,55.71,26.2,778.1
6/29/2020,39.56,54.53,25.4,763.0
6/30/2020,39.56,55.63,24.8,752.5
7/1/2020,40.44,56.66,26.45,768.6
7/2/2020,39.96,56.66,26.2,773.0
7/3/2020,40.09,57.33,26.5,772.8
7/6/2020,40.62,59.54,27.1,798.3
7/7/2020,40.44,59.54,27.45,794.0
7/8/2020,40.36,59.24,27.45,802.1
7/9/2020,40.44,59.54,27.55,815.2
7/10/2020,40.62,58.51,27.05,803.7
7/13/2020,40.58,58.29,26.5,803.0
7/14/2020,40.58,59.32,26.4,804.2
7/15/2020,40.22,59.76,26.7,817.0
7/16/2020,41.33,60.05,27.3,816.0
7/17/2020,40.67,59.32,26.85,807.9
7/20/2020,40.09,58.36,26.2,796.5
7/21/2020,40.09,58.06,26.3,805.0
7/22/2020,39.91,57.11,26.95,792.0
7/23/2020,40.0,58.06,28.3,797.1
7/24/2020,39.11,56.0,27.95,765.0
7/27/2020,37.78,52.24,26.8,711.6
7/28/2020,37.87,55.85,27.2,741.7
7/29/2020,37.11,54.53,25.55,720.7
7/30/2020,37.82,56.44,25.95,730.2
7/31/2020,38.89,57.25,25.1,725.0
8/3/2020,38.93,57.84,25.65,742.0
8/4/2020,39.11,58.21,26.3,762.0
8/5/2020,38.67,58.65,26.35,777.5
8/6/2020,38.89,58.65,26.35,776.0
8/7/2020,38.89,58.65,26.4,780.6
8/10/2020,39.2,58.65,26.65,782.4
8/11/2020,38.89,58.51,26.3,787.0
8/12/2020,38.84,58.51,26.4,791.0
8/13/2020,39.11,58.51,26.85,798.3
8/14/2020,38.84,58.73,26.85,793.5
8/17/2020,38.98,58.73,26.5,792.5
8/18/2020,38.44,58.65,26.1,788.0
8/19/2020,38.44,58.95,26.35,793.0
8/20/2020,38.22,58.95,26.35,785.0
8/21/2020,38.27,58.58,26.5,792.9
8/24/2020,39.56,58.95,26.9,815.5
8/25/2020,40.44,58.65,26.95,813.0
8/26/2020,40.44,58.58,27.2,813.2
8/27/2020,40.44,57.84,27.2,819.0
8/28/2020,39.96,57.92,27.2,823.0
8/31/2020,40.0,57.84,27.0,824.1
9/1/2020,41.2,57.99,27.25,837.4
9/3/2020,42.0,58.65,28.1,850.0
9/4/2020,41.78,58.95,28.5,844.8
9/7/2020,40.67,58.29,27.7,821.7
9/8/2020,40.22,57.84,28.3,829.5
9/9/2020,40.22,57.92,28.4,830.0
9/10/2020,40.22,57.55,28.4,823.5
9/11/2020,40.49,57.25,28.4,827.9
9/14/2020,41.38,57.11,28.6,834.0
9/15/2020,42.22,56.59,28.9,833.0
9/16/2020,42.44,56.89,28.9,834.6
9/17/2020,41.78,56.52,28.3,831.0
9/18/2020,41.78,56.66,28.5,846.3
9/21/2020,42.67,56.81,28.95,848.0
9/22/2020,42.04,56.59,28.7,850.0
9/23/2020,42.0,57.11,29.1,854.1
9/24/2020,41.33,56.81,28.6,853.1
9/25/2020,41.24,56.81,28.4,854.9
9/28/2020,41.24,56.44,27.8,862.9
9/29/2020,40.67,55.49,27.45,854.1
9/30/2020,40.67,55.63,27.6,859.8
10/1/2020,41.11,56.81,27.7,867.0
10/2/2020,41.78,55.93,27.3,861.5
10/5/2020,41.47,56.0,27.4,868.8
10/6/2020,40.8,56.08,27.5,867.7
10/7/2020,41.11,56.59,27.8,867.0
10/8/2020,41.02,56.44,27.65,868.7
10/9/2020,41.6,56.74,27.65,871.6
10/12/2020,41.73,57.11,27.1,875.0
10/13/2020,41.82,57.55,27.2,876.4
10/14/2020,42.22,57.84,27.35,894.8
10/15/2020,43.33,57.11,27.6,899.2
10/16/2020,43.38,56.74,27.5,895.1
10/19/2020,43.42,56.08,27.35,903.4
10/20/2020,43.47,56.15,27.45,911.2
10/21/2020,43.24,56.3,27.9,908.5
10/22/2020,44.49,57.11,28.1,924.0
10/23/2020,46.22,58.58,28.35,935.0
10/26/2020,46.71,57.84,27.75,927.0
10/27/2020,46.98,57.18,27.0,920.0
10/28/2020,44.53,55.71,25.5,895.9
10/29/2020,44.76,56.15,25.6,887.5
10/30/2020,47.33,56.0,25.3,896.6
11/2/2020,47.33,55.93,25.5,904.0
11/3/2020,46.4,55.85,25.55,908.3
11/4/2020,46.0,55.93,25.95,912.3
11/5/2020,46.45,55.78,26.1,910.2
11/6/2020,46.71,55.78,25.6,908.3
11/9/2020,47.16,57.48,26.1,923.0
11/10/2020,46.93,57.03,26.7,921.0
11/11/2020,47.02,56.44,26.5,921.4
11/12/2020,47.47,56.89,27.2,927.9
11/13/2020,47.73,57.7,27.2,935.9
11/16/2020,45.33,56.44,26.85,916.9
11/17/2020,47.11,57.7,27.2,938.0
11/18/2020,46.62,56.96,27.5,936.0
11/19/2020,46.22,57.11,27.9,944.2
11/20/2020,46.13,57.84,27.65,952.4
11/23/2020,46.13,59.39,27.7,959.4
11/24/2020,46.22,61.75,27.95,964.0
11/25/2020,46.93,61.53,28.25,960.0
11/26/2020,47.16,60.94,27.9,970.2
11/27/2020,46.76,61.16,27.75,974.5
11/30/2020,46.18,60.86,28.2,966.0
12/1/2020,46.67,61.38,28.25,980.3
12/2/2020,46.67,62.78,28.5,979.0
12/3/2020,47.02,62.56,28.4,988.0
12/4/2020,47.02,62.56,28.0,987.0
12/7/2020,47.02,62.41,28.3,994.5
12/8/2020,46.67,62.19,28.2,993.0
12/9/2020,47.11,62.63,28.4,1008.0
12/10/2020,46.62,61.6,28.2,1002.0
12/11/2020,47.47,62.63,28.6,1008.1
12/14/2020,48.4,64.11,30.0,1026.0
12/15/2020,47.56,63.37,30.1,1014.7
12/16/2020,47.56,63.52,30.5,1028.0
12/17/2020,46.53,62.41,29.75,1016.3
12/18/2020,46.53,62.85,30.15,1043.5
12/21/2020,47.29,64.18,30.4,1057.0
12/22/2020,46.98,64.03,30.3,1060.3
12/23/2020,46.98,64.4,30.6,1055.0
12/24/2020,46.98,63.59,29.95,1042.6
12/25/2020,47.07,64.55,30.45,1064.9
12/28/2020,47.07,64.62,30.45,1066.0
12/29/2020,47.33,66.54,31.65,1067.1
12/30/2020,48.22,66.46,31.35,1070.1
12/31/2020,48.09,65.95,31.4,1083.9
1/4/2021,48.0,67.79,31.65,1109.4
1/5/2021,48.76,70.44,33.3,1111.0
1/6/2021,48.98,69.85,33.2,1125.0
1/7/2021,48.93,69.85,33.9,1148.9
1/8/2021,49.69,71.03,35.5,1176.6
1/11/2021,50.58,75.97,37.15,1193.1
1/12/2021,50.85,76.19,36.7,1191.9
1/13/2021,49.38,74.35,36.2,1192.0
1/14/2021,49.07,73.39,36.6,1188.9
1/15/2021,49.42,74.87,36.7,1190.5
1/18/2021,49.02,74.42,37.35,1177.0
1/19/2021,45.65,71.33,37.3,1104.8
1/20/2021,45.91,71.84,36.8,1125.0
1/21/2021,46.71,72.95,36.6,1150.7
1/22/2021,46.67,73.17,36.9,1173.5
1/25/2021,46.58,73.32,37.8,1173.1
1/26/2021,45.11,72.21,37.0,1133.0
1/27/2021,44.44,69.19,34.45,1082.2
1/28/2021,41.33,64.4,32.05,1006.5
1/29/2021,44.18,68.9,32.05,1076.9
2/1/2021,44.0,65.06,30.0,1030.0
2/2/2021,47.07,69.56,31.95,1092.0
2/3/2021,47.78,71.62,33.1,1124.9
2/4/2021,46.67,72.51,32.6,1115.0
2/5/2021,47.78,73.17,32.7,1139.9
2/8/2021,44.89,69.78,30.9,1092.0
2/9/2021,47.2,71.33,31.55,1130.3
2/17/2021,48.0,74.42,33.75,1176.6
2/18/2021,48.89,76.04,34.85,1187.3
2/19/2021,48.45,75.97,34.5,1178.0
2/22/2021,48.76,77.96,34.15,1173.1
2/23/2021,48.89,77.59,34.4,1186.4
2/24/2021,48.09,75.75,33.7,1162.0
2/25/2021,48.4,75.75,33.75,1182.0
2/26/2021,48.45,74.87,33.2,1174.0
3/1/2021,48.22,75.9,34.25,1193.0
3/2/2021,48.09,75.75,34.7,1194.0
3/3/2021,47.51,74.79,35.5,1199.5
3/4/2021,47.51,73.69,34.55,1181.3
3/5/2021,47.25,72.51,34.55,1169.0
3/8/2021,47.11,71.62,34.45,1165.0
3/9/2021,46.36,72.36,34.1,1158.5
3/10/2021,47.11,73.61,34.15,1178.9
3/11/2021,47.07,73.69,34.35,1191.3
3/12/2021,47.07,73.61,34.65,1190.0
3/15/2021,47.11,73.54,34.45,1188.8
3/16/2021,46.85,73.32,34.8,1186.2
3/17/2021,46.53,73.17,34.85,1197.8
3/18/2021,47.38,73.47,35.0,1211.5
3/19/2021,48.18,72.07,34.0,1208.0
3/22/2021,47.69,73.17,34.6,1192.4
3/23/2021,47.33,72.73,34.15,1184.5
3/24/2021,47.96,71.62,33.4,1170.9
3/25/2021,49.07,71.25,32.85,1162.0
3/26/2021,49.96,70.52,32.2,1173.0
3/29/2021,50.13,70.89,33.05,1183.0
3/30/2021,52.0,70.96,32.6,1191.2
3/31/2021,52.4,71.7,32.7,1191.9
4/1/2021,54.67,72.95,33.85,1235.5
4/2/2021,54.67,74.2,33.85,1234.0
4/5/2021,55.25,74.94,34.5,1257.0
4/6/2021,56.45,74.94,35.0,1252.1
4/7/2021,56.76,74.05,35.4,1252.0
4/8/2021,55.73,73.47,35.3,1243.2
4/9/2021,55.51,72.88,35.0,1251.9
4/12/2021,58.67,75.01,35.3,1274.6
4/13/2021,62.53,75.53,35.3,1271.0
4/14/2021,62.22,74.05,35.0,1292.0
4/15/2021,62.62,74.57,34.0,1283.9
4/16/2021,63.56,74.42,33.95,1273.5
4/19/2021,64.0,77.0,33.95,1312.0
4/20/2021,63.6,80.02,34.6,1300.0
4/22/2021,61.69,75.97,32.2,1261.2
4/23/2021,61.47,77.37,32.8,1296.7
4/26/2021,58.45,73.39,31.15,1254.0
4/27/2021,58.71,73.69,30.6,1265.0
4/28/2021,58.45,74.35,31.5,1275.0
4/29/2021,58.22,73.17,32.0,1275.0
5/4/2021,59.38,73.1,31.3,1320.0
5/5/2021,59.42,73.39,31.6,1335.9
5/6/2021,58.89,72.73,31.2,1336.5
5/7/2021,58.67,71.55,31.0,1323.8
5/10/2021,58.89,73.02,31.75,1375.0
5/11/2021,58.22,72.21,31.0,1350.1
5/12/2021,57.69,71.99,31.2,1382.1
5/13/2021,56.22,71.48,30.9,1363.9
5/14/2021,55.69,71.62,30.65,1374.0
5/17/2021,55.11,74.28,30.7,1367.0
5/18/2021,53.78,72.88,30.0,1375.0
5/19/2021,53.38,73.98,29.35,1404.9
5/20/2021,54.62,75.16,29.5,1425.0
5/21/2021,54.45,76.56,30.35,1414.0
5/24/2021,54.27,78.11,30.85,1426.0
5/25/2021,54.36,77.08,31.2,1438.0
5/26/2021,54.09,77.89,31.25,1453.0
5/27/2021,53.47,76.93,30.75,1430.0
5/28/2021,53.25,77.08,30.55,1462.5
5/31/2021,52.22,75.6,29.4,1479.5
6/1/2021,53.33,76.63,30.7,1487.6
6/2/2021,52.22,76.93,30.1,1481.8
6/3/2021,52.67,77.67,30.5,1504.0
6/4/2021,53.78,77.0,32.2,1505.9
6/7/2021,54.67,78.11,33.35,1485.0
6/8/2021,53.25,77.59,31.65,1429.9
6/9/2021,52.8,78.18,31.7,1459.0
6/10/2021,51.78,76.71,30.8,1453.0
6/11/2021,52.45,78.11,31.5,1493.2
6/14/2021,53.33,80.98,31.95,1497.5
6/15/2021,54.09,82.97,32.85,1491.0
6/16/2021,52.93,81.05,32.8,1468.9
6/17/2021,52.0,80.32,32.85,1463.9
6/18/2021,52.18,82.9,32.5,1485.0
6/21/2021,52.18,82.53,31.8,1474.1
6/22/2021,52.22,82.16,31.5,1490.4
6/23/2021,51.96,82.01,31.5,1490.4
6/24/2021,52.22,82.6,32.0,1488.0
6/25/2021,52.22,82.6,31.6,1505.0
6/28/2021,51.87,85.11,31.8,1523.8
6/29/2021,52.45,87.39,31.7,1533.9
6/30/2021,52.89,86.95,31.75,1529.2
7/1/2021,52.71,86.36,31.8,1549.0
7/2/2021,52.22,86.95,31.7,1556.1
7/5/2021,51.11,87.32,29.5,1568.0
7/6/2021,49.78,81.28,29.5,1501.0
7/7/2021,50.67,86.21,30.9,1535.0
7/8/2021,49.33,84.74,29.9,1513.0
7/9/2021,48.27,82.9,28.0,1497.0
7/12/2021,46.22,79.58,27.0,1443.9
7/13/2021,45.78,80.69,27.85,1446.9
7/14/2021,45.78,80.69,28.25,1409.0
7/15/2021,45.33,81.28,28.0,1431.8
7/16/2021,47.02,80.32,27.7,1440.0
7/19/2021,45.73,76.85,26.8,1368.0
7/20/2021,45.78,78.55,26.7,1405.0
7/21/2021,46.22,79.58,27.4,1402.0
7/22/2021,47.2,81.79,28.2,1427.1
7/23/2021,46.22,79.29,27.0,1401.0
7/26/2021,46.31,80.76,26.75,1408.1
7/27/2021,46.36,79.43,27.65,1405.3
7/28/2021,46.76,78.48,27.2,1407.8
7/29/2021,46.71,79.51,27.35,1431.1
7/30/2021,47.65,79.8,27.65,1445.0
8/2/2021,47.78,79.65,27.5,1447.9
8/3/2021,50.89,81.72,28.3,1475.0
8/4/2021,50.67,81.42,27.9,1470.9
8/5/2021,50.67,82.31,27.95,1487.1
8/6/2021,50.36,83.93,27.95,1472.9
8/9/2021,50.27,86.51,28.6,1500.5
8/10/2021,50.22,86.21,28.35,1494.1
8/11/2021,49.33,85.48,28.0,1486.0
8/12/2021,49.38,86.21,28.0,1477.1
8/13/2021,49.29,88.42,28.0,1485.0
8/16/2021,49.16,85.48,28.5,1503.0
8/17/2021,49.45,81.79,28.05,1493.0
8/18/2021,48.95,81.05,27.8,1490.9
8/19/2021,52.0,81.79,27.95,1500.0
8/20/2021,48.85,79.65,27.05,1445.0
8/23/2021,48.1,78.99,26.05,1411.2
8/24/2021,47.7,79.07,26.15,1415.1
8/25/2021,47.3,78.84,26.3,1431.5
8/26/2021,46.55,78.55,26.45,1406.7
8/27/2021,47.4,78.77,26.8,1420.0
8/30/2021,47.05,78.77,27.2,1432.9
8/31/2021,47.05,78.4,27.3,1427.0
9/1/2021,47.05,78.84,27.9,1428.6
9/6/2021,47.5,79.88,28.1,1444.6
9/7/2021,46.95,80.76,27.2,1441.0
9/8/2021,46.0,79.51,27.1,1431.1
9/9/2021,45.65,79.36,27.45,1446.0
9/10/2021,45.65,79.21,28.0,1447.1
9/13/2021,46.0,78.84,27.9,1442.0
9/14/2021,46.0,78.84,28.3,1436.5
9/15/2021,45.7,79.57,28.55,1447.5
9/16/2021,43.9,77.83,30.0,1449.8
9/17/2021,43.4,78.89,29.2,1456.8
9/20/2021,43.35,77.63,29.3,1452.0
9/21/2021,42.8,75.3,28.4,1440.0
9/22/2021,43.05,75.78,28.45,1440.8
9/23/2021,43.55,77.05,28.9,1450.0
9/24/2021,43.5,77.34,28.5,1449.9
9/27/2021,43.05,75.98,28.25,1434.0
9/28/2021,43.25,76.27,28.5,1454.4
9/29/2021,43.35,75.98,28.3,1449.2
9/30/2021,44.0,76.08,29.1,1452.0
10/1/2021,43.85,74.81,28.2,1441.0
10/4/2021,43.9,75.78,28.25,1440.3
10/5/2021,44.3,77.15,28.45,1449.0
10/6/2021,44.3,78.21,29.4,1452.0
10/7/2021,44.4,77.73,29.3,1454.8
10/8/2021,44.65,77.63,29.15,1474.5
10/11/2021,45.95,78.7,30.45,1513.5
10/12/2021,46.45,78.6,30.8,1510.0
10/13/2021,46.55,77.73,30.4,1503.1
10/14/2021,46.25,76.66,30.7,1505.9
10/15/2021,46.3,76.46,30.5,1504.5
10/18/2021,46.3,76.66,30.8,1510.5
10/19/2021,46.2,77.15,30.3,1510.6
10/20/2021,46.15,76.56,30.95,1504.0
10/21/2021,45.5,75.69,30.6,1489.0
10/22/2021,45.9,75.78,30.65,1492.0
10/25/2021,46.05,76.27,30.4,1478.0
10/26/2021,46.1,76.46,30.6,1489.0
10/27/2021,47.5,78.7,31.2,1523.3
10/28/2021,47.5,78.7,31.0,1532.3
10/29/2021,47.9,83.07,31.2,1533.7
11/1/2021,47.9,81.91,31.15,1522.7
11/2/2021,47.9,82.59,30.85,1524.1
11/3/2021,47.65,80.55,31.7,1528.5
11/4/2021,47.5,80.35,31.55,1529.8
11/5/2021,47.5,79.67,31.2,1535.1
11/8/2021,47.45,80.06,30.85,1537.7
11/9/2021,47.45,80.64,30.4,1525.5
11/10/2021,47.45,80.25,30.9,1529.3
11/11/2021,47.4,79.19,30.3,1513.0
11/12/2021,47.25,79.67,30.1,1530.7
11/15/2021,47.5,81.61,30.2,1527.8
11/16/2021,47.4,80.64,30.05,1517.3
11/17/2021,48.15,81.13,30.45,1520.4
11/18/2021,47.25,80.45,31.1,1504.1
11/19/2021,47.4,78.21,30.5,1502.5
11/22/2021,47.4,78.7,29.9,1512.5
11/23/2021,47.4,80.16,30.15,1528.9
11/24/2021,47.05,81.32,31.1,1562.1
11/25/2021,47.0,81.52,30.85,1566.6
11/26/2021,49.25,80.93,30.4,1556.7
11/29/2021,52.65,82.39,30.15,1551.9
11/30/2021,52.5,82.2,29.8,1537.1
12/1/2021,53.0,80.55,29.7,1553.9
12/2/2021,53.6,79.96,29.65,1540.0
12/3/2021,52.75,77.92,28.1,1509.0
12/6/2021,52.8,77.44,28.0,1480.2
12/7/2021,53.35,79.28,29.95,1512.0
12/8/2021,52.95,78.7,30.1,1511.0
12/9/2021,53.5,79.28,30.45,1532.0
12/10/2021,51.55,78.6,30.35,1520.5
12/13/2021,51.6,79.77,30.45,1525.9
12/14/2021,51.25,79.77,30.2,1518.5
12/15/2021,50.0,80.25,30.4,1520.1
12/16/2021,50.0,79.96,30.1,1510.0
12/17/2021,51.0,82.1,30.8,1520.0
12/20/2021,49.5,81.13,31.05,1508.0
12/21/2021,49.05,83.56,31.4,1512.5
12/22/2021,49.8,83.27,31.5,1508.0
12/23/2021,48.0,80.16,31.0,1488.2
12/24/2021,48.25,80.55,31.25,1509.0
12/27/2021,49.5,80.45,31.3,1516.0
12/28/2021,49.2,80.45,30.8,1520.2
12/29/2021,47.75,79.38,30.55,1519.0
12/30/2021,47.5,79.28,30.5,1525.5
12/31/2021,47.55,79.67,30.1,1537.0
1/4/2022,50.5,82.68,31.15,1558.5
1/5/2022,50.0,81.61,33.3,1549.0
1/6/2022,52.25,82.88,35.6,1545.1
1/7/2022,51.1,82.97,34.75,1539.6
1/10/2022,51.15,82.97,35.0,1513.1
1/11/2022,50.5,81.23,34.2,1503.6
1/12/2022,50.4,81.23,36.0,1528.9
1/13/2022,49.4,79.87,33.8,1525.7
1/14/2022,49.45,79.87,34.4,1520.1
1/17/2022,48.5,76.85,32.0,1480.0
1/18/2022,47.95,74.81,32.4,1482.5
1/19/2022,47.9,75.4,33.25,1482.0
1/20/2022,47.5,76.37,33.6,1492.6
1/21/2022,47.75,77.15,33.1,1498.9
1/24/2022,47.5,74.04,31.0,1468.2
1/25/2022,48.0,78.7,33.15,1503.9
1/26/2022,48.2,78.89,33.9,1519.0
1/27/2022,48.25,78.7,34.2,1512.0
1/28/2022,48.5,78.02,34.95,1528.0
2/7/2022,45.6,79.87,35.5,1532.8
2/8/2022,43.65,78.89,35.5,1535.5
2/9/2022,42.85,79.19,35.9,1541.0
2/10/2022,42.0,77.83,36.0,1542.5
2/11/2022,40.85,77.44,34.6,1543.0
2/14/2022,40.9,75.88,33.0,1510.1
2/15/2022,41.85,77.73,34.0,1522.0
2/16/2022,41.45,77.73,34.3,1521.0
2/17/2022,41.55,78.51,34.45,1540.2
2/18/2022,41.1,77.44,33.6,1525.0
2/21/2022,41.8,77.73,34.1,1530.0
2/22/2022,41.0,77.05,34.5,1517.5
2/23/2022,41.25,77.15,34.9,1529.3
2/24/2022,40.05,76.37,34.0,1514.7
2/25/2022,39.55,76.08,34.0,1517.0
2/28/2022,38.5,75.3,33.5,1511.2
3/1/2022,39.6,75.78,33.5,1515.6
3/2/2022,39.45,75.3,32.8,1502.0
3/3/2022,39.5,75.78,32.7,1517.5
3/4/2022,39.5,75.69,33.75,1513.0
3/7/2022,39.25,74.04,32.9,1504.2
3/8/2022,38.95,72.48,32.5,1490.3
3/9/2022,39.0,71.9,31.6,1490.8
3/10/2022,39.55,73.06,32.0,1490.0
3/11/2022,39.5,72.87,31.85,1476.0
3/14/2022,39.15,72.38,32.0,1463.4
3/15/2022,39.15,72.38,31.75,1464.5
3/16/2022,39.05,72.09,31.75,1471.8
3/17/2022,39.2,71.9,32.25,1472.2
3/18/2022,39.4,72.48,33.0,1478.1
3/21/2022,40.5,75.3,33.2,1494.9
3/22/2022,41.1,75.78,33.2,1500.0
3/23/2022,40.7,75.01,32.85,1497.2
3/24/2022,40.5,73.55,32.8,1494.0
3/25/2022,40.5,73.74,32.7,1494.0
3/28/2022,40.25,72.77,32.0,1483.5
3/29/2022,40.4,74.33,32.55,1493.4
3/30/2022,40.55,73.65,32.5,1489.8
3/31/2022,40.6,73.65,33.45,1496.0
4/1/2022,41.05,74.04,34.05,1525.0
4/4/2022,41.35,74.13,34.05,1528.4
4/5/2022,41.15,74.23,33.65,1525.3
4/6/2022,40.25,74.13,33.6,1540.3
4/7/2022,39.75,72.87,32.65,1529.8
4/8/2022,40.85,72.97,32.2,1523.9
4/12/2022,40.65,70.93,31.1,1509.4
4/13/2022,41.1,71.02,31.85,1519.7
4/14/2022,40.85,70.25,31.85,1512.5
4/15/2022,40.35,69.08,31.5,1492.6
4/18/2022,39.75,67.82,31.35,1473.1
4/19/2022,39.4,66.94,30.85,1454.1
4/20/2022,39.65,64.9,30.65,1440.0
4/21/2022,38.75,62.18,30.5,1435.3
4/22/2022,38.85,62.86,30.9,1445.0
4/25/2022,38.1,61.21,29.05,1353.1
4/26/2022,39.0,63.15,31.05,1391.0
4/27/2022,39.0,63.15,30.5,1401.0
4/28/2022,38.95,62.67,29.85,1392.0
4/29/2022,40.0,63.15,30.9,1409.0
5/4/2022,39.85,62.67,29.95,1383.0
5/5/2022,40.0,66.85,30.3,1402.5
5/6/2022,39.9,66.75,29.6,1362.0
5/9/2022,39.55,66.07,28.2,1308.1
5/10/2022,40.2,67.91,28.1,1335.0
5/11/2022,40.25,68.5,28.9,1337.0
5/12/2022,39.5,66.94,26.9,1270.0
5/13/2022,39.0,66.07,25.3,1225.0
5/16/2022,38.5,63.93,26.25,1212.0
5/17/2022,39.0,65.0,27.4,1280.9
5/18/2022,39.0,65.0,27.4,1281.0
5/19/2022,38.95,65.1,27.4,1283.0
5/20/2022,38.9,64.9,27.35,1276.8
5/23/2022,38.7,64.81,27.35,1253.1
5/24/2022,38.8,65.0,28.1,1267.0
5/25/2022,38.85,65.97,29.45,1299.3
5/26/2022,38.85,66.75,29.6,1300.9
5/27/2022,39.0,67.72,29.8,1322.5
5/30/2022,39.25,68.5,29.95,1325.6
5/31/2022,39.4,69.6,30.15,1320.5
6/1/2022,39.65,70.3,30.05,1326.0
6/2/2022,39.45,69.5,29.95,1315.0
6/3/2022,39.4,69.4,29.95,1318.5
6/6/2022,39.25,69.3,29.95,1315.0
6/7/2022,39.0,68.5,29.9,1315.0
6/8/2022,39.05,68.5,30.4,1333.0
6/9/2022,39.05,68.3,30.9,1335.3
6/10/2022,39.0,68.3,30.5,1311.1
6/13/2022,38.2,66.0,29.0,1260.2
6/14/2022,38.3,66.0,29.15,1268.3
6/15/2022,38.35,65.9,28.9,1251.3
6/16/2022,38.3,66.0,29.2,1286.0
6/17/2022,38.3,66.0,29.35,1245.2
6/20/2022,37.8,65.0,28.7,1212.0
6/21/2022,37.5,65.0,28.0,1228.0
6/22/2022,37.5,64.8,28.5,1216.0
6/23/2022,37.1,63.2,28.05,1227.8
6/24/2022,37.3,63.2,27.55,1227.0
6/27/2022,36.9,63.5,28.75,1247.9
6/28/2022,36.8,63.8,28.85,1261.0
6/29/2022,36.7,63.3,28.45,1260.5
6/30/2022,36.75,62.1,28.55,1240.1
7/1/2022,36.3,61.4,28.65,1242.0
7/4/2022,36.35,61.0,28.5,1242.0
7/5/2022,36.15,60.5,27.95,1234.9
7/6/2022,33.75,59.1,26.0,1218.0
7/7/2022,34.9,61.0,27.0,1225.0
7/8/2022,35.0,61.0,27.0,1225.0
7/11/2022,35.0,60.5,26.0,1200.7
7/12/2022,34.95,60.2,26.2,1213.5
7/13/2022,34.75,60.1,26.25,1210.0
7/14/2022,34.75,60.1,26.05,1215.7
7/15/2022,34.8,60.0,26.2,1210.1
7/18/2022,34.0,59.0,26.05,1215.4
7/19/2022,34.4,58.8,26.0,1213.0
7/20/2022,34.1,59.7,26.05,1226.1
7/21/2022,34.25,58.9,26.3,1234.1
7/22/2022,33.25,58.7,26.0,1225.6
7/25/2022,33.65,58.9,26.3,1221.9
7/26/2022,33.05,58.7,26.05,1218.9
7/27/2022,33.25,58.6,26.3,1223.0
7/28/2022,33.5,58.8,28.1,1231.6
7/29/2022,32.0,59.9,28.0,1230.7
8/1/2022,32.35,60.0,29.0,1244.4
8/2/2022,33.3,62.5,29.0,1245.9
8/3/2022,33.0,61.9,29.05,1250.0
8/4/2022,33.2,63.0,29.0,1257.5
8/5/2022,32.7,61.8,28.95,1264.5
8/8/2022,32.3,61.5,28.7,1266.0
8/9/2022,32.65,60.9,28.55,1272.7
8/10/2022,32.4,61.3,28.4,1270.6
8/11/2022,32.9,61.4,28.9,1268.0
8/12/2022,33.1,61.2,29.35,1280.1
8/15/2022,33.2,61.5,29.55,1293.0
8/16/2022,32.95,61.3,29.3,1296.9
8/17/2022,33.65,61.3,29.5,1309.0
8/18/2022,34.05,61.1,29.6,1304.8
8/19/2022,33.95,60.1,29.3,1281.0
8/22/2022,33.0,59.4,29.05,1271.0
8/23/2022,32.5,59.5,28.85,1283.1
8/24/2022,32.45,59.7,28.6,1285.2
8/25/2022,32.95,61.0,29.2,1303.0
8/26/2022,32.5,60.3,28.85,1293.0
8/29/2022,31.8,59.7,28.4,1286.0
8/30/2022,31.8,59.9,28.4,1287.0
8/31/2022,31.85,61.0,27.7,1293.9
9/5/2022,32.0,61.0,27.55,1286.0
9/6/2022,31.65,61.1,28.05,1290.0
9/7/2022,31.25,59.5,27.65,1265.0
9/8/2022,31.45,59.6,27.4,1264.1
9/9/2022,32.2,59.9,27.5,1275.0
9/12/2022,32.0,61.4,28.75,1276.8
9/13/2022,32.05,60.7,28.35,1272.0
9/14/2022,31.7,60.0,28.5,1259.0
9/15/2022,31.95,60.5,28.85,1262.2
9/16/2022,31.25,59.6,29.85,1237.0
9/19/2022,31.45,58.4,29.1,1223.5
9/20/2022,31.95,58.9,29.05,1232.7
9/21/2022,31.55,58.3,28.6,1219.6
9/22/2022,31.65,57.7,28.65,1225.0
9/23/2022,31.3,57.2,28.5,1210.0
9/26/2022,31.0,55.9,26.65,1192.0
9/27/2022,30.5,54.1,26.65,1185.0
9/28/2022,28.75,51.2,26.85,1165.0
9/29/2022,27.3,50.8,27.2,1148.0
9/30/2022,27.5,50.7,28.0,1150.0
10/3/2022,27.75,50.4,26.1,1102.6
10/4/2022,28.5,50.6,26.7,1102.0
10/5/2022,30.0,53.8,27.0,1115.2
10/6/2022,30.05,53.6,26.5,1080.0
10/7/2022,30.1,53.8,26.0,1032.2
10/10/2022,30.1,53.9,25.4,1032.5
10/11/2022,30.0,51.8,23.65,989.0
10/12/2022,30.0,52.5,24.2,1025.1
10/13/2022,30.2,52.8,25.6,1039.6
10/14/2022,29.85,51.9,25.2,1048.0
10/17/2022,28.0,49.5,24.9,1050.0
10/18/2022,29.2,50.5,25.8,1057.9
10/19/2022,29.25,50.0,25.2,1053.0
10/20/2022,29.3,50.0,25.1,1058.0
10/21/2022,28.4,47.95,24.0,985.0
10/24/2022,28.25,44.6,22.35,942.0
10/25/2022,28.05,44.6,23.0,961.0
10/26/2022,27.4,43.5,22.2,967.5
10/27/2022,27.5,44.0,23.75,1025.0
10/28/2022,27.85,44.9,23.7,1016.0
10/31/2022,27.7,45.0,24.6,1024.0
11/1/2022,27.7,45.0,26.25,1018.0
11/2/2022,27.7,44.9,25.8,1021.0
11/3/2022,27.55,45.0,26.0,1001.1
11/4/2022,27.15,44.5,26.0,980.0
11/7/2022,26.7,43.9,25.5,950.0
11/8/2022,26.65,43.8,25.25,972.1
11/9/2022,26.85,44.55,25.4,962.9
11/10/2022,26.5,43.95,24.8,912.8
11/11/2022,27.15,44.15,25.3,938.0
11/14/2022,27.5,44.0,25.35,932.0
11/15/2022,28.5,43.4,24.95,895.0
11/16/2022,30.2,44.9,26.55,957.6
11/17/2022,32.3,47.95,28.4,972.5
11/18/2022,32.8,48.0,27.6,972.5
11/21/2022,32.0,46.95,26.3,938.2
11/22/2022,30.5,45.3,26.15,926.0
11/23/2022,29.85,44.4,26.15,924.1
11/24/2022,30.5,45.0,27.1,938.9
11/25/2022,32.5,47.0,27.4,969.0
11/28/2022,32.5,50.2,29.3,993.7
11/29/2022,34.7,53.1,30.5,1015.5
11/30/2022,34.8,54.5,30.55,1027.9
12/1/2022,33.0,53.5,30.0,1029.0
12/2/2022,34.4,57.2,31.55,1101.0
12/5/2022,34.05,58.3,31.55,1104.0
12/6/2022,33.3,55.0,29.35,1046.0
12/7/2022,35.6,55.5,29.5,1053.3
12/8/2022,34.95,55.4,28.75,1055.0
12/9/2022,33.9,54.1,28.9,1070.0
12/12/2022,31.55,50.5,27.05,1035.2
12/13/2022,30.8,53.0,28.0,1058.0
12/14/2022,30.4,53.0,27.95,1059.6
12/15/2022,30.3,50.7,27.9,1065.1
12/16/2022,29.2,49.3,26.2,1065.1
12/19/2022,28.25,48.2,27.3,1045.0
12/20/2022,27.95,48.2,25.75,1027.0
12/21/2022,27.45,48.5,26.0,1037.0
12/22/2022,27.5,49.0,26.0,1037.7
12/23/2022,27.55,49.8,25.8,1034.8
12/26/2022,26.45,47.0,24.55,986.4
12/27/2022,26.7,47.5,25.8,1001.0
12/28/2022,26.75,47.7,26.9,1008.0
12/29/2022,26.8,47.8,26.5,993.0
12/30/2022,26.9,48.0,26.3,1004.5
1/3/2023,28.4,49.4,28.1,1045.5
1/4/2023,28.0,49.0,28.6,1042.7
1/5/2023,28.1,49.7,29.2,1053.8
1/6/2023,28.05,49.9,29.25,1051.0
1/9/2023,27.5,50.2,29.4,1053.6
1/10/2023,27.25,49.75,29.4,1056.6
1/11/2023,27.55,50.8,28.5,1062.7
1/12/2023,27.5,51.5,28.7,1065.2
1/13/2023,27.5,52.0,28.6,1069.1
1/16/2023,27.4,51.3,28.5,1075.2
1/17/2023,27.6,52.0,29.85,1107.0
1/18/2023,28.35,52.5,29.3,1117.3
1/19/2023,28.7,52.2,29.65,1121.0
1/27/2023,29.6,53.3,30.3,1121.0
1/30/2023,28.85,51.5,29.8,1109.8
1/31/2023,28.55,50.9,29.7,1125.0
2/1/2023,27.6,48.0,28.0,1088.5
2/2/2023,27.9,47.9,28.85,1088.0
2/3/2023,28.0,48.1,29.2,1081.9
2/6/2023,28.0,47.95,29.5,1090.6
2/7/2023,27.5,46.8,28.55,1067.3
2/8/2023,27.2,46.6,28.5,1072.0
2/9/2023,27.1,45.3,28.2,1057.0
2/10/2023,27.0,45.4,28.2,1045.0
2/13/2023,26.7,44.4,28.5,1038.6
2/14/2023,26.45,42.75,28.0,1030.9
2/15/2023,26.45,42.5,28.35,1037.0
2/16/2023,26.7,42.5,28.4,1052.3
2/17/2023,26.75,43.3,28.4,1052.3
2/20/2023,27.05,45.2,29.35,1088.0
2/21/2023,27.15,45.2,29.6,1076.1
2/22/2023,26.5,42.6,28.1,1043.8
2/23/2023,26.5,42.0,26.5,1048.0
2/24/2023,26.45,41.0,26.5,1020.0
2/27/2023,26.25,40.9,25.75,1011.0
2/28/2023,26.3,41.5,26.7,1008.0
3/1/2023,26.35,41.2,26.8,1032.0
3/2/2023,26.4,41.1,26.2,1024.0
3/3/2023,26.35,40.95,26.0,1005.2
3/6/2023,26.3,42.1,26.15,1010.0
3/7/2023,26.35,42.3,26.6,1027.9
3/8/2023,26.5,42.35,27.25,1038.0
3/9/2023,26.5,42.4,27.0,1050.7
3/10/2023,26.55,42.85,28.0,1049.8
3/13/2023,26.65,44.75,29.1,1048.0
3/14/2023,26.5,44.75,28.8,1037.9
3/15/2023,27.0,46.0,28.5,1063.0
3/16/2023,26.65,44.5,28.95,1043.0
3/17/2023,26.6,43.35,29.5,1043.0
3/20/2023,26.4,42.55,29.0,1022.4
3/21/2023,26.4,45.4,29.45,1030.5
3/22/2023,26.4,47.65,29.7,1034.5
3/23/2023,26.4,48.0,29.3,1038.9
3/24/2023,26.65,49.0,29.25,1043.1
3/27/2023,26.65,48.4,29.3,1047.3
3/28/2023,26.7,48.0,29.25,1051.5
3/29/2023,26.75,48.0,29.25,1056.0
3/30/2023,26.85,49.55,29.9,1064.5
3/31/2023,27.5,51.5,29.55,1066.0
4/3/2023,29.0,52.6,29.6,1083.0
4/4/2023,28.4,51.0,29.45,1080.2
4/5/2023,27.75,52.2,29.45,1084.1
4/6/2023,27.25,51.2,29.5,1073.0
4/7/2023,27.2,50.7,29.2,1075.1
4/10/2023,26.9,49.8,29.1,1072.8
4/11/2023,26.8,51.5,29.05,1076.0
4/12/2023,26.55,51.6,28.7,1075.0
4/13/2023,26.5,50.5,28.4,1070.0
4/14/2023,26.45,50.0,28.6,1063.1
4/17/2023,26.45,50.3,28.3,1064.5
4/18/2023,26.4,50.8,28.5,1063.0
4/19/2023,26.3,50.4,28.3,1055.0
4/20/2023,26.3,50.7,28.3,1053.9
4/21/2023,26.35,50.3,27.9,1053.9
4/24/2023,26.3,50.5,28.15,1040.9
4/25/2023,26.25,50.2,27.7,1030.7
4/26/2023,25.95,48.0,27.5,1037.5
4/27/2023,25.25,47.5,27.0,1035.0
4/28/2023,26.05,49.5,27.7,1042.5
5/4/2023,25.65,49.5,27.25,1035.0
5/5/2023,25.35,49.0,27.15,1033.5
5/8/2023,25.45,49.4,27.45,1041.8
5/9/2023,25.3,49.3,27.4,1042.2
5/10/2023,25.3,49.35,27.8,1050.6
5/11/2023,25.25,49.15,28.05,1051.6
5/12/2023,25.85,51.2,28.15,1064.9
5/15/2023,27.2,51.7,28.4,1066.5
5/16/2023,26.45,52.2,28.4,1067.0
5/17/2023,26.6,53.4,27.9,1065.0
5/18/2023,26.6,55.0,28.1,1074.2
5/19/2023,26.25,54.1,28.0,1074.2
5/22/2023,26.05,54.1,27.9,1065.3
5/23/2023,26.3,53.7,27.7,1059.5
5/24/2023,26.3,54.5,27.65,1056.1
5/25/2023,26.3,55.0,27.7,1057.0
5/26/2023,26.0,55.0,27.7,1056.5
5/29/2023,26.35,55.5,27.7,1068.0
5/30/2023,26.2,54.9,27.7,1068.2
5/31/2023,26.0,53.5,27.1,1062.6
6/1/2023,26.0,53.0,26.85,1065.0
6/2/2023,26.0,53.4,27.1,1078.8
6/5/2023,26.05,53.7,27.1,1087.2
6/6/2023,26.6,55.0,27.35,1096.1
6/7/2023,26.4,55.3,27.25,1098.0
6/8/2023,26.2,55.4,26.9,1089.0
6/9/2023,26.15,55.5,26.7,1095.3
6/12/2023,26.7,55.4,26.7,1108.3
6/13/2023,27.05,56.7,27.1,1115.5
6/14/2023,26.9,57.0,27.15,1112.1
6/15/2023,26.75,56.5,26.85,1109.3
6/16/2023,26.75,56.0,26.5,1109.3
6/19/2023,26.05,55.0,26.55,1096.5
6/20/2023,26.0,55.1,26.65,1100.0
6/21/2023,26.2,54.6,26.8,1115.5
6/22/2023,26.2,55.7,27.0,1114.0
6/23/2023,26.0,56.0,26.85,1119.1
6/26/2023,26.1,55.5,26.7,1123.0
6/27/2023,26.2,55.9,27.45,1125.2
6/28/2023,26.1,55.4,27.3,1132.4
6/29/2023,25.9,55.0,27.0,1115.0
6/30/2023,25.5,55.0,26.8,1117.3
7/3/2023,25.55,55.9,27.0,1117.5
7/4/2023,25.65,56.5,27.2,1123.0
7/5/2023,25.5,56.1,27.5,1124.0
7/6/2023,25.2,54.5,26.95,1116.0
7/7/2023,25.05,54.0,27.0,1125.0
7/10/2023,25.45,53.8,26.95,1136.5
7/11/2023,25.4,53.9,27.3,1138.0
7/12/2023,25.7,55.1,28.1,1141.8
7/13/2023,25.75,56.3,28.15,1155.0
7/14/2023,25.7,56.4,28.0,1162.1
7/17/2023,26.45,59.0,28.65,1161.8
7/18/2023,26.35,58.8,28.3,1165.0
7/19/2023,26.05,58.5,27.95,1164.1
7/20/2023,26.0,57.7,28.05,1165.1
7/21/2023,26.05,59.0,28.4,1165.1
7/24/2023,26.0,59.1,28.4,1191.4
7/25/2023,25.75,58.6,29.0,1194.0
7/26/2023,25.5,59.0,28.9,1197.0
7/27/2023,25.55,57.5,28.5,1193.8
7/28/2023,25.75,58.9,28.8,1210.0
7/31/2023,27.55,63.0,29.65,1234.2
8/1/2023,29.45,62.8,29.1,1220.0
8/2/2023,29.15,61.9,28.9,1218.0
8/3/2023,29.1,60.1,28.4,1208.4
8/4/2023,31.1,63.0,28.7,1234.6
8/7/2023,31.95,62.9,29.6,1250.2
8/8/2023,33.5,62.8,31.0,1248.0
8/9/2023,32.9,60.6,30.9,1240.0
8/10/2023,33.95,60.6,30.05,1226.0
8/11/2023,36.3,60.9,30.75,1239.5
8/14/2023,36.65,61.2,30.3,1239.1
8/15/2023,35.35,61.7,31.3,1241.0
8/16/2023,37.8,62.9,31.5,1255.3
8/17/2023,35.95,61.0,30.6,1253.5
8/18/2023,33.45,56.8,29.1,1253.5
8/21/2023,32.9,56.0,29.5,1190.9
8/22/2023,32.25,55.5,29.3,1196.0
8/23/2023,32.5,54.5,28.75,1180.6
8/24/2023,32.1,55.4,29.05,1198.0
8/25/2023,31.75,54.1,28.7,1194.5
8/28/2023,32.35,54.7,29.75,1211.0
8/29/2023,31.7,54.6,29.25,1211.8
8/30/2023,31.0,54.6,29.7,1224.2
8/31/2023,31.05,54.7,30.3,1233.0
9/5/2023,31.15,55.3,30.15,1242.5
9/6/2023,30.8,55.9,30.3,1263.0
9/7/2023,30.4,55.1,30.3,1255.2
9/8/2023,29.55,54.0,29.6,1249.9
9/11/2023,29.55,52.5,28.7,1233.0
9/12/2023,30.15,53.5,29.5,1257.0
9/13/2023,29.6,52.1,29.0,1245.0
9/14/2023,27.75,49.0,28.9,1235.0
9/15/2023,26.8,50.5,28.4,1240.5
9/18/2023,26.5,48.95,27.7,1222.0
9/19/2023,25.85,49.35,27.6,1222.0
9/20/2023,26.75,50.7,28.1,1231.6
9/21/2023,26.1,50.2,28.15,1220.6
9/22/2023,25.0,48.0,27.4,1220.6
9/25/2023,23.25,47.0,26.6,1162.5
9/26/2023,22.5,45.0,25.8,1151.6
9/27/2023,22.6,45.1,26.1,1163.7
9/28/2023,22.5,44.5,25.45,1162.5
9/29/2023,23.42,45.5,26.1,1160.6
10/2/2023,23.45,45.75,26.85,1166.8
10/3/2023,22.25,44.05,26.3,1131.3
10/4/2023,23.05,44.6,27.0,1132.5
10/5/2023,22.8,44.55,26.8,1120.0
10/6/2023,22.98,46.05,27.45,1138.4
10/9/2023,22.6,47.0,27.05,1145.0
10/10/2023,22.45,48.0,27.0,1157.0
10/11/2023,22.72,47.4,27.0,1166.0
10/12/2023,23.25,47.55,27.2,1161.5
10/13/2023,23.05,46.9,27.35,1161.1
10/16/2023,22.5,45.55,26.7,1146.5
10/17/2023,22.0,44.5,27.0,1134.9
10/18/2023,21.9,43.3,26.5,1125.0
10/19/2023,21.6,42.5,26.4,1112.0
10/20/2023,21.68,44.5,26.6,1112.0
10/23/2023,21.7,44.5,26.0,1104.9
10/24/2023,21.72,44.6,26.6,1112.0
10/25/2023,22.35,44.9,26.45,1109.2
10/26/2023,20.8,41.8,24.6,1060.0
10/27/2023,20.8,39.2,22.9,1068.5
10/30/2023,20.75,39.2,23.1,1039.9
10/31/2023,20.25,39.0,22.2,1039.7
11/1/2023,20.2,38.45,22.7,1047.5
11/2/2023,20.72,39.95,23.25,1087.0
11/3/2023,20.8,40.5,24.4,1087.0
11/6/2023,21.05,41.0,24.0,1106.0
11/7/2023,21.02,40.0,23.15,1095.4
11/8/2023,21.5,41.0,23.7,1134.0
11/9/2023,22.7,42.9,24.3,1125.0
11/10/2023,22.48,42.3,23.95,1108.5
11/13/2023,22.4,41.35,23.5,1107.0
11/14/2023,22.48,41.0,24.0,1120.0
11/15/2023,22.7,41.45,24.1,1134.0
11/16/2023,22.55,41.15,23.85,1125.1
11/17/2023,21.1,38.95,22.8,1125.1
11/20/2023,21.35,38.95,22.55,1102.0
11/21/2023,21.3,39.1,22.6,1111.0
11/22/2023,21.0,39.0,22.8,1112.0
11/23/2023,20.65,39.0,22.6,1080.0
11/24/2023,20.68,39.1,22.6,1084.9
11/27/2023,20.92,39.8,22.6,1076.0
11/28/2023,21.2,40.75,22.8,1087.0
11/29/2023,21.28,41.2,23.2,1092.1
11/30/2023,20.88,41.3,22.1,1076.0
12/1/2023,21.05,40.9,22.8,1090.1
12/4/2023,21.48,41.3,23.0,1107.0
12/5/2023,21.4,40.5,22.85,1099.0
12/6/2023,21.4,40.45,22.9,1111.1
12/7/2023,21.4,39.7,22.8,1112.0
12/8/2023,21.48,39.65,23.35,1112.0
12/11/2023,22.02,41.0,23.65,1117.0
12/12/2023,22.12,41.05,23.65,1118.8
12/13/2023,21.95,40.75,23.0,1107.0
12/14/2023,21.9,40.3,22.85,1103.9
12/15/2023,21.85,39.9,22.55,1099.3
12/18/2023,21.6,39.9,22.6,1082.0
12/19/2023,21.6,39.5,22.7,1091.3
12/20/2023,21.62,39.95,23.0,1096.1
12/21/2023,21.6,40.2,22.95,1094.7
12/22/2023,21.58,40.3,22.95,1094.7
12/25/2023,21.7,41.2,23.4,1115.0
12/26/2023,21.78,41.9,23.3,1121.5
12/27/2023,21.8,41.9,23.25,1116.9
12/28/2023,22.22,43.7,23.5,1132.9
12/29/2023,22.3,43.2,23.3,1134.6
1/2/2024,22.0,43.0,23.1,1133.5
1/3/2024,22.08,43.4,23.25,1148.3
1/4/2024,22.08,43.45,23.4,1156.5
1/5/2024,22.05,43.1,23.35,1166.0
1/8/2024,22.18,43.35,23.7,1162.0
1/9/2024,21.95,43.0,23.35,1163.0
1/10/2024,21.8,42.7,23.3,1163.1
1/11/2024,21.82,42.0,23.45,1168.1
1/12/2024,21.5,41.3,23.1,1165.9
1/15/2024,21.52,41.6,22.95,1162.7
1/16/2024,21.58,42.65,23.1,1172.0
1/17/2024,21.6,41.9,23.3,1166.0
1/18/2024,21.68,43.2,23.55,1172.8
1/19/2024,21.65,43.05,23.85,1190.0
1/22/2024,21.65,43.0,23.9,1194.0
1/23/2024,21.55,42.35,23.75,1184.0
1/24/2024,21.58,42.5,23.95,1180.7
1/25/2024,21.4,42.1,23.8,1180.5
1/26/2024,21.4,42.0,23.75,1187.0
1/29/2024,21.32,41.8,23.3,1183.6
1/30/2024,21.35,42.0,23.4,1186.0
1/31/2024,21.25,41.5,22.45,1171.0
2/1/2024,21.18,41.2,22.65,1177.2
2/2/2024,21.05,41.2,22.3,1181.1
2/5/2024,21.1,41.25,21.8,1202.5
2/6/2024,21.15,41.0,21.7,1203.9
2/7/2024,21.2,41.8,21.9,1219.0
2/15/2024,21.28,41.95,22.0,1217.8
2/16/2024,21.98,42.7,22.5,1232.0
2/19/2024,23.5,45.55,24.05,1240.5
2/20/2024,24.25,46.15,25.5,1240.2
2/21/2024,23.62,45.0,26.0,1240.0
2/22/2024,23.8,44.8,26.4,1238.0
2/23/2024,22.6,43.3,25.45,1225.1
2/26/2024,22.3,43.35,26.0,1230.3
2/27/2024,22.58,44.2,26.4,1241.0
2/28/2024,22.8,44.4,27.8,1266.2
2/29/2024,22.5,43.4,26.5,1262.8
3/1/2024,22.62,43.95,26.65,1266.8
3/4/2024,22.62,43.95,27.0,1268.4
3/5/2024,22.65,43.65,26.7,1278.5
3/6/2024,22.65,43.1,25.85,1266.8
3/7/2024,22.8,43.2,26.0,1273.4
3/8/2024,22.4,42.55,25.4,1253.8
3/11/2024,22.18,42.55,24.5,1231.0
3/12/2024,22.08,42.7,25.2,1239.8
3/13/2024,22.5,42.95,25.9,1271.3
3/14/2024,22.98,42.9,25.9,1260.8
3/15/2024,22.2,42.4,25.75,1260.0
3/18/2024,23.05,42.1,27.55,1230.9
3/19/2024,23.5,42.9,26.75,1230.0
3/20/2024,23.25,42.5,26.35,1255.5
3/21/2024,23.25,42.9,26.95,1275.7
3/22/2024,23.3,42.8,26.7,1284.5
3/25/2024,23.42,42.55,26.05,1268.9
3/26/2024,23.52,42.75,26.4,1285.0
3/27/2024,23.52,42.5,25.95,1288.0
3/28/2024,23.8,43.3,25.65,1306.9
3/29/2024,23.82,42.85,25.85,1298.1
4/1/2024,23.92,42.9,25.7,1290.4
4/2/2024,23.9,43.15,25.55,1290.0
4/3/2024,23.88,43.1,25.5,1271.9
4/4/2024,23.92,43.0,25.3,1265.0
4/5/2024,23.9,42.95,24.7,1252.1
4/8/2024,23.85,43.0,23.6,1254.2
4/9/2024,23.85,43.2,24.2,1264.2
4/10/2024,24.25,44.2,24.25,1260.1
4/11/2024,24.15,44.15,23.9,1263.0
4/12/2024,24.22,44.5,24.15,1286.0
4/15/2024,23.5,42.4,22.5,1236.3
4/16/2024,23.2,42.7,22.2,1230.0
4/17/2024,22.5,41.8,22.0,1214.6
4/19/2024,21.3,41.5,21.3,1191.7
4/22/2024,21.0,41.45,22.4,1205.3
4/23/2024,20.5,40.2,21.9,1200.6
4/24/2024,20.8,40.6,22.55,1230.5
4/25/2024,21.0,40.7,22.55,1227.0
4/26/2024,22.22,40.8,22.45,1232.4
5/2/2024,22.2,41.15,22.75,1242.4
5/3/2024,22.22,41.1,23.4,1249.6
5/6/2024,22.38,41.15,23.35,1270.0
5/7/2024,22.5,41.05,23.35,1276.0
5/8/2024,22.7,40.9,23.2,1279.0
5/9/2024,22.7,40.95,22.85,1269.0
5/10/2024,22.5,40.35,22.5,1270.4
5/13/2024,22.5,40.1,22.25,1266.0
5/14/2024,23.02,40.15,22.25,1274.4
5/15/2024,23.18,40.25,22.35,1286.1
5/16/2024,23.38,40.25,22.65,1309.8
5/17/2024,23.42,40.85,23.1,1307.9
5/20/2024,23.35,40.45,22.85,1310.1
5/21/2024,23.22,40.2,23.15,1312.1
5/22/2024,22.75,40.35,23.15,1292.2
5/23/2024,22.78,40.55,23.0,1300.0
5/24/2024,22.48,39.8,22.3,1277.7
5/27/2024,22.52,39.8,22.3,1276.2
5/28/2024,22.52,39.95,22.45,1292.5
5/29/2024,22.2,39.45,22.15,1277.5
5/30/2024,21.58,39.0,21.6,1270.0
5/31/2024,21.78,38.85,21.75,1270.0
6/3/2024,21.98,39.3,22.3,1291.5
6/4/2024,22.05,39.4,22.1,1295.0
6/5/2024,22.1,39.3,22.5,1295.0
6/6/2024,21.85,39.05,22.5,1298.7
6/7/2024,21.75,39.0,22.2,1308.0
6/10/2024,21.72,38.9,22.1,1310.9
6/11/2024,21.6,38.15,21.7,1305.0
6/12/2024,21.65,38.5,21.85,1330.7
6/13/2024,21.6,38.25,21.7,1335.0
6/14/2024,21.0,38.2,21.45,1317.0
6/17/2024,21.0,38.3,21.15,1308.0
6/18/2024,21.05,38.3,21.1,1308.5
6/19/2024,20.75,38.0,20.65,1317.0
6/20/2024,20.72,38.0,20.25,1323.7
6/21/2024,20.82,37.75,20.0,1320.9
6/24/2024,20.55,37.45,19.95,1290.7
6/25/2024,20.6,37.8,21.3,1287.7
6/26/2024,20.6,37.5,20.8,1290.0
6/27/2024,20.5,37.6,20.4,1289.0
6/28/2024,20.6,37.65,20.45,1274.3
7/1/2024,20.68,37.7,21.85,1285.0
7/2/2024,20.8,38.15,21.7,1295.2
7/3/2024,20.68,38.1,21.3,1307.0
7/4/2024,20.7,38.45,21.25,1308.6
7/5/2024,20.7,38.45,20.8,1316.3
7/8/2024,20.2,38.0,20.3,1314.0
7/9/2024,20.4,38.3,20.5,1320.5
7/10/2024,20.3,38.25,20.55,1310.0
7/11/2024,20.55,38.45,20.7,1305.7
7/12/2024,20.88,38.5,20.75,1300.0
7/15/2024,20.68,38.0,20.35,1299.0
7/16/2024,20.52,37.9,20.2,1302.7
7/17/2024,20.3,37.3,19.75,1303.2
7/18/2024,20.27,37.45,20.15,1297.5
7/19/2024,20.38,37.85,19.9,1297.1
7/22/2024,20.38,37.9,20.05,1300.0
7/23/2024,20.42,37.85,20.05,1284.2
7/24/2024,20.45,37.85,20.15,1283.5
7/25/2024,20.8,37.8,19.7,1276.6
7/26/2024,20.8,37.75,19.3,1285.0
7/29/2024,20.8,37.1,18.95,1287.8
7/30/2024,21.1,36.7,18.75,1292.4
7/31/2024,21.15,36.7,18.6,1304.3
8/1/2024,21.05,36.45,18.2,1275.0
8/2/2024,21.0,36.0,17.95,1275.9
8/5/2024,20.65,34.5,16.8,1233.0
8/6/2024,20.65,34.8,17.0,1249.6
8/7/2024,21.18,37.2,18.0,1250.0
8/8/2024,20.9,37.6,17.65,1240.1
8/9/2024,20.6,37.2,17.5,1264.9
8/12/2024,20.3,36.5,17.4,1270.0
8/13/2024,20.35,36.35,17.45,1267.0
8/14/2024,20.4,37.2,18.0,1268.0
8/15/2024,20.4,37.85,17.8,1267.7
8/16/2024,20.58,38.4,18.3,1288.0
8/19/2024,20.58,38.6,18.3,1298.0
8/20/2024,20.85,39.4,18.75,1302.0
8/21/2024,20.92,39.75,18.9,1312.4
8/22/2024,20.78,39.8,19.7,1314.2
8/23/2024,20.78,39.75,19.5,1315.3
8/26/2024,21.08,40.5,19.85,1317.0
8/27/2024,22.55,41.4,20.05,1321.8
8/28/2024,22.2,40.9,19.5,1322.1
8/29/2024,22.1,41.5,19.25,1326.8
8/30/2024,22.1,41.5,19.2,1332.7
9/4/2024,22.0,42.5,19.7,1314.0
9/5/2024,22.52,43.75,19.7,1307.7
9/6/2024,22.32,43.9,20.1,1309.0
9/9/2024,21.85,43.0,20.1,1307.7
9/10/2024,21.5,42.8,19.2,1294.1
9/11/2024,21.5,43.0,19.1,1293.0
9/12/2024,21.45,43.1,19.0,1297.5
9/13/2024,21.45,43.0,19.3,1294.1
9/16/2024,21.02,41.75,18.9,1282.0
9/17/2024,21.45,44.0,19.4,1305.8
9/18/2024,21.32,43.9,19.15,1311.9
9/19/2024,21.45,44.15,19.45,1316.9
9/20/2024,21.15,43.75,19.5,1330.0
9/23/2024,21.18,43.65,19.0,1325.5
9/24/2024,21.28,44.25,19.05,1335.0
9/25/2024,21.3,44.15,19.1,1344.0
9/26/2024,21.3,44.4,19.2,1356.4
9/27/2024,21.25,43.4,19.4,1355.5
9/30/2024,21.0,42.8,19.1,1357.0
10/1/2024,21.15,43.45,19.4,1360.0
10/2/2024,21.02,43.4,19.15,1357.1
10/3/2024,20.68,41.6,18.65,1349.0
10/4/2024,20.5,41.5,18.3,1343.0
10/7/2024,20.42,41.2,18.25,1340.0
10/8/2024,20.45,41.6,18.35,1341.7
10/9/2024,20.8,42.5,18.5,1358.3
10/10/2024,20.7,42.15,18.45,1366.2
10/11/2024,20.9,43.6,19.0,1366.6
10/14/2024,21.08,45.35,19.15,1359.0
10/15/2024,20.82,44.65,18.8,1358.0
10/16/2024,20.75,45.0,18.7,1354.6
10/17/2024,20.78,45.1,18.75,1358.3
10/18/2024,20.9,45.25,18.75,1365.9
10/21/2024,21.12,47.8,19.1,1363.9
10/22/2024,21.1,48.25,18.6,1352.2
10/23/2024,21.6,47.0,18.65,1354.0
10/24/2024,21.02,43.85,18.15,1338.0
10/25/2024,20.78,43.85,18.15,1327.2
10/28/2024,20.72,42.7,18.1,1332.0
10/29/2024,20.68,42.75,18.15,1339.4
10/30/2024,20.5,41.15,18.2,1342.0
10/31/2024,20.78,41.5,17.85,1343.5
11/1/2024,20.6,41.5,17.75,1330.4
11/4/2024,20.6,41.5,17.7,1318.5
11/5/2024,20.65,41.5,17.75,1319.0
11/6/2024,20.9,41.55,18.05,1341.0
11/7/2024,20.85,41.4,18.05,1334.7
11/8/2024,20.52,40.0,17.95,1324.0
11/11/2024,20.4,40.6,18.0,1320.1
11/12/2024,20.27,40.3,18.0,1310.0
11/13/2024,20.3,40.3,18.1,1307.3
11/14/2024,20.35,40.35,18.1,1292.9
11/15/2024,20.27,40.25,18.2,1275.6
11/18/2024,20.2,40.8,18.1,1273.2
11/19/2024,20.18,42.2,17.9,1262.3
11/20/2024,20.18,43.3,17.9,1270.0
11/21/2024,20.18,43.3,18.2,1281.3
11/22/2024,20.23,41.6,18.1,1298.0
11/25/2024,20.5,42.7,18.25,1298.4
11/26/2024,20.52,42.4,18.3,1307.0
11/27/2024,20.38,41.9,18.1,1307.8
11/28/2024,20.35,41.1,18.0,1305.5
11/29/2024,20.25,40.8,17.9,1318.0
12/2/2024,20.18,40.75,17.85,1313.5
12/3/2024,20.2,40.9,17.7,1314.0
12/4/2024,20.0,40.1,17.3,1303.0
12/5/2024,20.42,41.4,17.85,1345.0
12/6/2024,20.92,41.5,17.7,1342.0
12/9/2024,20.92,41.45,17.7,1339.9
12/10/2024,20.6,40.95,17.55,1343.0
12/11/2024,20.65,40.85,17.35,1338.6
12/12/2024,20.45,40.75,17.3,1339.5
12/13/2024,20.4,40.65,17.35,1335.0
12/16/2024,20.35,40.95,17.3,1335.0
12/17/2024,20.27,41.3,17.15,1331.0
12/18/2024,20.3,40.9,17.1,1331.0
12/19/2024,20.15,40.2,17.05,1312.3
12/20/2024,20.25,40.35,17.05,1321.2
12/23/2024,20.3,40.6,17.05,1328.0
12/24/2024,20.3,40.35,17.05,1328.0
12/25/2024,20.32,40.6,17.3,1350.1
12/26/2024,20.32,40.65,17.15,1350.7
12/27/2024,20.27,40.35,17.15,1348.5
12/30/2024,20.27,40.3,17.15,1345.2
12/31/2024,20.27,40.0,17.15,1345.5
1/2/2025,20.27,40.0,17.3,1346.9
1/3/2025,20.25,40.0,17.2,1324.0
1/6/2025,20.25,40.0,17.15,1318.9
1/7/2025,20.25,40.0,16.95,1318.4
1/8/2025,20.25,40.0,16.95,1322.5
1/9/2025,20.38,40.4,17.0,1314.5
1/10/2025,20.25,40.0,16.85,1295.6
1/13/2025,20.15,40.0,16.7,1299.5
1/14/2025,20.1,40.0,16.1,1291.2
1/15/2025,20.12,40.0,16.5,1296.6
1/16/2025,20.23,40.0,16.55,1295.1
1/17/2025,20.23,40.1,16.55,1320.8
1/20/2025,20.2,40.0,16.6,1324.5
1/21/2025,20.23,40.0,16.6,1322.8
1/22/2025,20.2,39.5,16.3,1320.5
1/23/2025,20.2,39.5,16.45,1339.0
1/24/2025,20.2,39.5,16.55,1343.9
2/3/2025,20.02,39.0,16.3,1318.0
2/4/2025,20.05,38.75,16.3,1328.5
2/5/2025,20.02,38.85,16.85,1333.5
2/6/2025,20.23,38.8,16.7,1339.9
2/7/2025,20.32,38.75,16.85,1343.3
2/10/2025,20.0,37.8,16.6,1330.5
2/11/2025,19.98,37.75,16.4,1334.1
2/12/2025,19.95,38.0,16.4,1329.5
2/13/2025,20.12,38.75,16.65,1337.5
2/14/2025,20.12,38.8,16.6,1341.8
2/17/2025,20.05,38.8,16.45,1335.3
2/18/2025,20.1,38.9,16.85,1338.9
2/19/2025,20.2,39.1,17.2,1344.5
2/20/2025,20.48,40.55,17.35,1350.0
2/21/2025,20.32,40.3,17.25,1353.8
2/24/2025,20.3,40.25,17.35,1366.3
2/25/2025,20.35,40.75,17.25,1359.8
2/26/2025,20.5,40.7,17.15,1361.9
2/27/2025,20.52,41.05,17.2,1364.0
2/28/2025,20.6,41.2,17.4,1357.0
3/3/2025,21.02,42.55,17.7,1361.0
3/4/2025,20.98,42.05,17.7,1367.0
3/5/2025,21.12,42.7,17.75,1365.2
3/6/2025,21.18,43.6,17.85,1375.4
3/7/2025,22.65,44.95,18.2,1385.2
3/10/2025,23.65,45.3,18.25,1389.4
3/11/2025,23.65,45.5,18.2,1392.0
3/12/2025,24.05,46.95,18.3,1388.5
3/13/2025,25.7,47.8,18.8,1385.5
3/14/2025,26.1,47.9,18.75,1385.0
3/17/2025,26.05,47.8,18.7,1390.3
3/18/2025,25.65,47.3,18.45,1387.5
3/19/2025,25.95,47.35,18.45,1377.0
3/20/2025,25.75,47.35,18.4,1376.5
3/21/2025,26.5,48.25,18.45,1373.9
3/24/2025,28.35,51.3,19.15,1390.0
3/25/2025,28.45,51.5,19.8,1386.7
3/26/2025,28.5,51.5,19.95,1376.9
3/27/2025,28.55,51.2,19.65,1374.8
3/28/2025,29.0,51.2,19.5,1365.1
3/31/2025,29.0,51.3,19.15,1360.0
4/1/2025,29.85,53.0,20.0,1366.0
4/2/2025,30.2,53.0,20.15,1371.6
4/3/2025,28.1,49.3,18.75,1275.6
4/4/2025,29.15,50.3,18.8,1267.1
4/8/2025,27.55,47.0,17.5,1178.5
4/9/2025,28.5,48.5,18.0,1178.0
4/10/2025,30.45,51.8,19.25,1260.4
4/11/2025,32.55,53.5,19.4,1307.0
4/14/2025,34.8,57.2,20.3,1317.0
4/15/2025,35.25,57.5,20.3,1307.7
4/16/2025,33.95,56.5,20.4,1290.0
4/17/2025,35.5,56.8,20.4,1296.0
4/18/2025,33.05,55.0,20.4,1290.0
4/21/2025,30.75,55.0,20.4,1291.0
4/22/2025,29.5,57.5,20.6,1292.0
4/23/2025,29.3,58.5,21.95,1301.0
4/24/2025,31.35,61.2,22.8,1307.0
4/25/2025,33.5,62.3,22.8,1311.9
4/28/2025,34.0,58.5,23.1,1312.0
4/29/2025,34.0,58.4,23.65,1306.2
5/5/2025,35.0,60.9,24.9,1316.4
5/6/2025,35.25,60.9,24.9,1317.5
5/7/2025,36.7,62.0,24.9,1325.0
5/8/2025,39.25,62.2,25.0,1355.0
5/9/2025,38.25,62.2,25.0,1350.5
5/12/2025,39.7,62.3,25.5,1374.0
5/13/2025,39.8,62.0,25.4,1380.0
5/14/2025,39.9,60.4,24.7,1396.5
5/15/2025,39.9,58.0,24.15,1400.7
5/16/2025,40.0,58.0,24.5,1384.2
5/19/2025,42.8,58.8,24.75,1380.1
5/20/2025,45.75,62.9,25.8,1408.0
5/21/2025,46.75,67.3,25.75,1414.5
5/22/2025,46.25,68.1,25.35,1402.0
5/23/2025,46.5,68.8,25.65,1406.5
5/26/2025,47.25,73.5,25.5,1416.5
5/27/2025,47.25,74.3,25.3,1415.5
5/28/2025,48.5,75.7,26.7,1421.2
5/29/2025,48.5,76.9,27.65,1423.7
5/30/2025,49.2,77.6,27.5,1419.5
6/2/2025,49.0,77.0,26.7,1415.1
6/3/2025,49.05,77.6,26.5,1434.9
6/4/2025,49.05,77.1,26.95,1430.0
6/5/2025,49.0,76.8,27.0,1427.0
6/6/2025,48.5,76.0,26.5,1413.6
6/9/2025,45.15,70.7,25.55,1397.0
6/10/2025,45.3,72.6,26.5,1396.9
6/11/2025,45.1,72.1,26.1,1401.8
6/12/2025,43.4,70.0,25.2,1409.2
6/13/2025,42.75,68.4,24.55,1395.9
6/16/2025,42.7,67.4,24.5,1416.7
6/17/2025,43.85,69.6,24.55,1421.0
6/18/2025,44.0,71.4,24.65,1427.4
6/19/2025,44.7,71.7,24.7,1440.8
6/20/2025,43.4,70.2,24.6,1424.2
6/23/2025,46.4,74.0,24.75,1433.6
6/24/2025,47.9,77.3,24.9,1449.0
6/25/2025,47.9,77.9,24.65,1450.2
6/26/2025,47.5,76.0,24.5,1448.8
6/27/2025,47.75,77.0,24.8,1460.0
6/30/2025,47.8,76.7,24.65,1462.6
7/1/2025,47.8,76.3,24.8,1459.2
7/2/2025,47.7,76.0,25.2,1469.7
7/3/2025,47.25,76.3,25.05,1471.0
7/4/2025,45.95,76.0,25.15,1472.2
7/7/2025,46.5,76.9,25.5,1492.9
7/8/2025,46.65,79.2,25.8,1512.0
7/9/2025,47.5,81.8,26.8,1533.0
7/10/2025,50.8,86.0,28.45,1567.9
7/11/2025,54.0,87.9,28.6,1595.9
7/14/2025,56.5,88.8,28.65,1601.2
7/15/2025,55.8,87.4,28.15,1594.0
7/16/2025,58.7,88.0,28.8,1618.0
7/17/2025,61.0,94.1,29.75,1638.0
7/18/2025,59.5,96.0,29.45,1638.0
7/21/2025,56.0,92.0,29.0,1624.5
7/22/2025,58.75,95.5,30.0,1655.0
7/23/2025,57.5,92.2,29.25,1653.0
7/24/2025,58.0,92.0,29.8,1655.5
7/25/2025,57.05,93.7,29.5,1673.0
7/28/2025,57.8,95.6,29.35,1693.0
7/29/2025,56.6,92.1,28.0,1621.0
7/30/2025,54.75,91.5,28.1,1623.3
7/31/2025,52.75,90.0,28.1,1607.3
8/1/2025,52.0,89.9,28.45,1615.0
8/4/2025,55.6,92.2,29.1,1653.5
8/5/2025,58.75,96.0,30.95,1689.6
8/6/2025,59.25,97.5,30.1,1719.5
8/7/2025,57.5,95.0,30.5,1724.8
8/8/2025,58.5,94.8,30.0,1723.2
8/11/2025,57.75,93.5,29.35,1737.5
8/12/2025,57.75,93.0,29.45,1749.4
8/13/2025,58.0,93.0,29.45,1746.0
8/14/2025,59.1,93.9,30.15,1793.0
8/15/2025,59.1,94.0,30.3,1781.0
8/18/2025,59.1,93.9,29.95,1780.5
8/19/2025,59.1,93.9,29.95,1815.9
8/20/2025,62.1,99.0,30.0,1831.1
8/21/2025,62.5,99.8,30.4,1876.9
8/22/2025,62.05,98.1,30.0,1805.0
8/25/2025,65.5,98.4,30.0,1783.0
8/26/2025,67.75,105.2,31.3,1852.0
8/27/2025,66.0,104.6,30.6,1846.4
8/28/2025,65.05,104.6,30.7,1862.9
8/29/2025,64.15,104.5,30.4,1861.0
9/3/2025,62.5,102.7,30.15,1855.0
9/4/2025,62.5,102.3,30.3,1883.1
9/5/2025,62.5,100.0,30.3,1845.1
9/8/2025,62.5,100.0,30.3,1800.0
9/9/2025,64.6,101.4,30.3,1825.0
9/10/2025,65.45,101.8,30.6,1824.8
9/11/2025,68.0,105.9,31.1,1853.5
9/12/2025,68.9,105.5,30.75,1859.0
9/15/2025,68.9,104.5,30.65,1876.0
9/16/2025,67.5,102.7,30.6,1876.0
9/17/2025,71.55,102.9,30.2,1873.7
9/18/2025,72.5,103.5,30.2,1856.6
9/19/2025,76.6,101.7,29.45,1848.2
9/22/2025,74.4,99.5,28.8,1815.1
9/23/2025,74.6,98.7,28.3,1812.1
9/24/2025,74.5,98.0,29.0,1849.0
9/25/2025,79.0,99.5,29.4,1849.4
9/26/2025,82.0,99.0,29.4,1840.0
9/29/2025,86.4,101.9,30.0,1855.2
9/30/2025,87.45,103.0,32.1,1854.4
10/1/2025,85.0,101.2,33.15,1864.0
10/2/2025,85.5,98.6,31.75,1852.8
10/3/2025,88.25,100.0,32.75,1856.9
10/6/2025,89.85,102.7,35.0,1918.6
10/7/2025,90.0,103.1,35.0,1911.3
10/8/2025,89.05,107.5,36.3,1919.0
10/9/2025,89.75,115.0,38.0,1936.6
10/10/2025,96.0,123.0,40.35,1975.9
10/13/2025,102.7,124.2,43.0,2013.6
10/14/2025,105.95,127.0,42.75,2014.2
10/15/2025,104.75,124.0,41.9,2022.0
10/16/2025,106.55,122.0,43.4,2012.7
10/17/2025,102.0,116.0,41.0,1968.0
10/20/2025,97.45,108.0,38.15,1861.0
10/21/2025,101.7,110.9,38.8,1900.2
10/22/2025,101.5,113.0,39.0,1926.0
10/23/2025,107.5,115.0,39.4,1943.5
10/24/2025,109.5,114.5,38.8,1937.4
10/27/2025,107.0,106.5,36.1,1891.5
10/28/2025,110.05,107.0,36.8,1940.9
10/29/2025,106.0,103.8,35.95,1947.0
10/30/2025,102.05,104.0,34.6,1927.0
10/31/2025,95.5,99.2,33.3,1892.0
11/3/2025,97.7,98.5,31.35,1860.0
11/4/2025,100.5,100.2,33.5,1898.0
11/5/2025,103.25,99.6,32.5,1886.0
11/6/2025,103.9,98.9,32.0,1866.5
11/7/2025,99.85,92.0,31.35,1827.8
11/10/2025,99.5,86.9,29.8,1801.3
11/11/2025,100.5,90.0,31.05,1815.0
11/12/2025,105.6,94.0,32.8,1870.6
11/13/2025,105.6,93.3,31.95,1863.0
11/14/2025,105.5,93.9,32.1,1869.7
11/17/2025,108.5,95.0,32.2,1895.2
11/18/2025,110.0,97.0,32.35,1898.0
11/19/2025,110.25,96.9,31.6,1885.8
11/20/2025,114.0,97.8,32.0,1898.1
11/21/2025,114.85,99.3,32.2,1892.4
11/24/2025,119.75,102.7,34.45,1911.0
11/25/2025,121.5,102.6,33.4,1908.1
11/26/2025,122.5,102.1,33.85,1924.9
11/27/2025,124.0,102.5,33.65,1921.0
11/28/2025,130.2,102.9,34.25,1923.0
12/1/2025,134.95,105.7,34.9,1933.2
12/2/2025,137.5,106.8,34.9,1947.0
12/3/2025,134.7,106.8,34.5,1972.0
12/4/2025,133.5,105.2,34.4,1977.0
12/5/2025,142.8,107.0,33.8,1976.5
12/8/2025,152.7,110.0,32.95,1984.0
12/9/2025,160.0,107.5,32.0,1970.0
12/10/2025,148.8,103.5,30.0,1935.0
12/11/2025,146.0,101.1,29.5,1919.1
12/12/2025,144.0,94.1,27.45,1871.0
12/15/2025,142.9,92.5,28.9,1868.5
12/16/2025,142.9,95.0,29.6,1912.6
12/17/2025,142.9,94.9,29.7,1898.1
12/18/2025,142.7,94.9,30.35,1899.1
12/19/2025,148.5,101.5,31.7,1936.9
12/22/2025,158.8,107.4,33.0,1997.0
12/23/2025,169.9,114.9,34.25,2015.0
12/24/2025,169.8,122.8,34.65,2022.0
12/25/2025,158.0,114.3,32.25,1950.0
12/26/2025,155.0,110.0,32.0,1969.0
12/29/2025,159.7,117.7,33.2,1990.2
12/30/2025,163.0,117.5,32.8,2014.1
12/31/2025,169.6,124.0,33.65,2029.0
1/5/2026,173.1,132.6,35.6,2024.1
1/6/2026,173.1,141.8,38.05,2062.0
1/7/2026,179.0,149.5,38.55,2088.2
1/8/2026,176.6,139.1,35.9,2074.0
1/9/2026,176.0,140.0,35.0,2061.6
1/12/2026,163.7,130.2,32.6,2079.7
1/13/2026,167.9,134.0,33.55,2084.6
1/14/2026,160.2,126.3,31.8,2066.6
1/15/2026,153.0,120.0,31.45,2039.8
1/16/2026,159.9,124.1,32.0,2081.2
1/19/2026,162.0,125.0,32.0,2088.9
1/20/2026,161.0,123.0,31.15,2077.5
1/21/2026,160.5,122.9,31.25,2078.0
1/22/2026,161.1,120.5,31.85,2087.0
1/23/2026,165.4,122.5,32.4,2076.0
1/26/2026,159.9,118.9,31.0,2036.0
1/27/2026,151.0,110.6,30.9,2022.0
1/28/2026,140.5,104.3,29.1,2003.8
1/29/2026,140.5,107.0,30.0,2025.1
1/30/2026,140.5,106.0,30.2,2035.0
2/2/2026,130.7,98.6,28.1,2004.9
2/3/2026,130.7,97.3,28.4,2000.0
2/4/2026,121.6,91.3,28.25,2010.0
2/5/2026,130.1,97.6,28.8,1972.2
2/6/2026,131.0,97.5,28.05,1951.3
2/9/2026,132.3,95.0,28.2,1955.7
2/10/2026,141.5,101.3,28.95,1966.1
2/11/2026,150.8,103.0,29.4,2018.0
2/12/2026,159.0,109.0,29.95,2021.0
2/13/2026,160.0,109.0,29.8,2010.5
2/23/2026,162.3,110.7,30.0,2044.0
2/24/2026,162.9,111.0,29.5,2046.5
2/25/2026,158.0,107.0,28.55,2046.5
2/26/2026,168.9,107.6,29.75,2067.1
2/27/2026,172.0,108.0,29.05,2053.6
3/2/2026,167.2,100.5,27.8,2015.0
3/3/2026,155.5,93.5,26.35,1952.0
3/4/2026,155.6,93.5,28.0,1956.0
3/5/2026,164.8,95.0,27.0,1924.4
3/6/2026,156.5,95.0,26.25,1898.9
3/9/2026,145.6,88.4,24.45,1766.0
3/10/2026,141.8,89.8,24.05,1833.0
3/11/2026,146.0,95.9,25.6,1883.0
3/12/2026,145.0,95.9,25.9,1853.0
3/13/2026,144.6,98.0,25.25,1840.0
3/16/2026,144.7,100.0,25.9,1851.3
3/17/2026,146.2,102.0,26.45,1877.0
3/18/2026,146.0,102.0,26.1,1881.9
3/19/2026,145.0,102.3,26.05,1858.2
3/20/2026,135.0,100.0,26.15,1802.0
3/23/2026,125.6,98.0,25.35,1740.0
3/24/2026,124.0,99.0,25.3,1773.9
3/25/2026,128.7,104.2,26.35,1814.0
3/26/2026,130.0,101.1,25.55,1793.0
3/27/2026,132.6,103.0,25.75,1821.1
3/30/2026,129.5,103.0,25.65,1808.4
3/31/2026,135.0,103.0,25.75,1823.9
4/1/2026,141.0,110.2,27.55,1875.8
4/2/2026,139.9,117.9,27.2,1853.2
4/3/2026,141.0,119.2,26.5,1835.4
4/6/2026,141.6,117.0,25.75,1845.3
4/7/2026,143.4,115.0,25.8,1848.2
4/8/2026,153.4,123.0,27.6,1942.0
4/9/2026,149.2,122.0,27.6,1921.7
4/10/2026,151.7,121.1,27.5,1931.0
4/13/2026,160.0,122.9,27.55,1932.2
4/14/2026,165.5,128.9,27.9,1946.3
4/15/2026,177.0,137.0,29.3,1961.0
4/16/2026,189.3,143.1,29.6,1980.5
4/17/2026,187.9,135.7,28.6,1987.9
4/20/2026,191.0,145.1,29.45,1997.9
4/21/2026,193.7,145.8,29.3,1998.0
4/22/2026,207.2,150.3,29.95,2040.6
4/23/2026,214.5,149.0,29.05,2019.2
4/24/2026,212.1,141.2,28.8,2015.0
4/28/2026,225.5,151.0,30.8,2028.0
4/29/2026,214.0,146.0,32.3,2028.0
5/4/2026,212.0,142.0,33.7,2017.9
5/5/2026,219.5,151.2,35.2,2038.8
5/6/2026,219.5,151.0,36.6,2060.0
5/7/2026,224.0,161.5,36.5,2080.0
5/8/2026,226.0,164.0,35.9,2073.4
5/11/2026,223.0,161.0,33.6,2039.0
5/12/2026,222.0,160.2,35.45,2049.0
5/13/2026,221.0,152.5,33.0,2039.9
5/14/2026,229.8,157.0,34.15,2065.1
5/15/2026,228.0,158.0,34.0,2053.9
5/18/2026,225.0,154.0,33.1,2047.5
5/19/2026,225.1,157.0,33.5,2030.1
5/20/2026,226.7,159.9,33.5,2040.0
5/21/2026,218.7,159.8,32.8,2031.5
5/22/2026,216.5,153.8,31.7,2010.0
5/25/2026,218.8,158.7,32.8,2022.4
5/26/2026,213.0,153.8,32.7,2033.0
5/27/2026,210.8,147.4,31.25,2024.8
5/28/2026,210.8,157.7,32.25,1990.1
5/29/2026,211.3,156.0,32.25,2005.0
6/1/2026,204.9,152.0,31.2,1991.0
6/2/2026,204.9,150.8,31.0,1972.1
6/3/2026,197.6,148.4,30.05,1972.4
6/4/2026,200.2,150.0,31.1,1982.4
