date,margin_debt_million_usd,finra_source_url,m2_billion_usd,fred_series_id,margin_debt_pct_m2,last_updated_at,margin_debt_yoy_pct,m2_yoy_pct,margin_debt_pct_m2_zscore_5y,margin_debt_pct_m2_percentile_10y,signal_regime
1997-01-31,103337,https://www.finra.org/sites/default/files/2021-03/margin-statistics.xlsx,3834.6,M2SL,2.6948573514838574,2026-07-03T23:13:42+00:00,,,,,NEUTRAL
1997-02-28,103886,https://www.finra.org/sites/default/files/2021-03/margin-statistics.xlsx,3846.3,M2SL,2.7009333645321476,2026-07-03T23:13:42+00:00,,,,,NEUTRAL
1997-03-31,104835,https://www.finra.org/sites/default/files/2021-03/margin-statistics.xlsx,3861.2,M2SL,2.715088573500466,2026-07-03T23:13:42+00:00,,,,,NEUTRAL
1997-04-30,102842,https://www.finra.org/sites/default/files/2021-03/margin-statistics.xlsx,3877.0,M2SL,2.6526180036110394,2026-07-03T23:13:42+00:00,,,,,NEUTRAL
1997-05-31,111097,https://www.finra.org/sites/default/files/2021-03/margin-statistics.xlsx,3889.2,M2SL,2.8565514758819295,2026-07-03T23:13:42+00:00,,,,,NEUTRAL
1997-06-30,118843,https://www.finra.org/sites/default/files/2021-03/margin-statistics.xlsx,3906.0,M2SL,3.0425755248335893,2026-07-03T23:13:42+00:00,,,,,NEUTRAL
1997-07-31,121090,https://www.finra.org/sites/default/files/2021-03/margin-statistics.xlsx,3923.9,M2SL,3.0859603965442544,2026-07-03T23:13:42+00:00,,,,,NEUTRAL
1997-08-31,124404,https://www.finra.org/sites/default/files/2021-03/margin-statistics.xlsx,3957.4,M2SL,3.1435791176024663,2026-07-03T23:13:42+00:00,,,,,NEUTRAL
1997-09-30,131962,https://www.finra.org/sites/default/files/2021-03/margin-statistics.xlsx,3973.1,M2SL,3.3213863230223253,2026-07-03T23:13:42+00:00,,,,,NEUTRAL
1997-10-31,134491,https://www.finra.org/sites/default/files/2021-03/margin-statistics.xlsx,3992.3,M2SL,3.3687598627357667,2026-07-03T23:13:42+00:00,,,,,NEUTRAL
1997-11-30,132741,https://www.finra.org/sites/default/files/2021-03/margin-statistics.xlsx,4014.8,M2SL,3.3062917206336557,2026-07-03T23:13:42+00:00,,,,,NEUTRAL
1997-12-31,131560,https://www.finra.org/sites/default/files/2021-03/margin-statistics.xlsx,4032.9,M2SL,3.2621686627488904,2026-07-03T23:13:42+00:00,,,,,NEUTRAL
1998-01-31,132912,https://www.finra.org/sites/default/files/2021-03/margin-statistics.xlsx,4056.2,M2SL,3.2767615009121833,2026-07-03T23:13:42+00:00,28.619952195244693,5.778959995827471,,,NEUTRAL
1998-02-28,141328,https://www.finra.org/sites/default/files/2021-03/margin-statistics.xlsx,4088.9,M2SL,3.456381912005674,2026-07-03T23:13:42+00:00,36.04143002907032,6.307360320307831,,,NEUTRAL
1998-03-31,146536,https://www.finra.org/sites/default/files/2021-03/margin-statistics.xlsx,4114.3,M2SL,3.561626522130131,2026-07-03T23:13:42+00:00,39.777745981780896,6.554957008184004,,,NEUTRAL
1998-04-30,146589,https://www.finra.org/sites/default/files/2021-03/margin-statistics.xlsx,4140.2,M2SL,3.540626056712236,2026-07-03T23:13:42+00:00,42.53806810447094,6.7887541913850935,,,NEUTRAL
1998-05-31,150293,https://www.finra.org/sites/default/files/2021-03/margin-statistics.xlsx,4164.4,M2SL,3.608995293439632,2026-07-03T23:13:42+00:00,35.28088067184532,7.076005348143566,,,NEUTRAL
1998-06-30,154357,https://www.finra.org/sites/default/files/2021-03/margin-statistics.xlsx,4184.1,M2SL,3.6891326689132664,2026-07-03T23:13:42+00:00,29.883123112004917,7.119815668202767,,,NEUTRAL
1998-07-31,160980,https://www.finra.org/sites/default/files/2021-03/margin-statistics.xlsx,4203.8,M2SL,3.8293924544459776,2026-07-03T23:13:42+00:00,32.94243950780411,7.133209307066957,,,NEUTRAL
1998-08-31,155879,https://www.finra.org/sites/default/files/2021-03/margin-statistics.xlsx,4228.7,M2SL,3.6862156218223094,2026-07-03T23:13:42+00:00,25.300633420147257,6.855511194218411,,,NEUTRAL
1998-09-30,144541,https://www.finra.org/sites/default/files/2021-03/margin-statistics.xlsx,4267.7,M2SL,3.3868594324811956,2026-07-03T23:13:42+00:00,9.532289598520794,7.414864966902424,,,NEUTRAL
1998-10-31,138399,https://www.finra.org/sites/default/files/2021-03/margin-statistics.xlsx,4307.9,M2SL,3.2126790315466933,2026-07-03T23:13:42+00:00,2.9057706463629485,7.9052175437717365,,,NEUTRAL
1998-11-30,148697,https://www.finra.org/sites/default/files/2021-03/margin-statistics.xlsx,4346.6,M2SL,3.4209957207932638,2026-07-03T23:13:42+00:00,12.020400629797878,8.264421639932262,,,NEUTRAL
1998-12-31,148674,https://www.finra.org/sites/default/files/2021-03/margin-statistics.xlsx,4375.6,M2SL,3.3977968735716244,2026-07-03T23:13:42+00:00,13.008513225904528,8.497607180936795,,,NEUTRAL
1999-01-31,162322,https://www.finra.org/sites/default/files/2021-03/margin-statistics.xlsx,4403.0,M2SL,3.6866227572109924,2026-07-03T23:13:42+00:00,22.127422655591666,8.549874266554912,,,NEUTRAL
1999-02-28,162909,https://www.finra.org/sites/default/files/2021-03/margin-statistics.xlsx,4425.8,M2SL,3.6808938496994896,2026-07-03T23:13:42+00:00,15.270151703837875,8.239379784294076,,,NEUTRAL
1999-03-31,166212,https://www.finra.org/sites/default/files/2021-03/margin-statistics.xlsx,4432.6,M2SL,3.7497631187113654,2026-07-03T23:13:42+00:00,13.427417153464006,7.73643147072407,,,NEUTRAL
1999-04-30,184329,https://www.finra.org/sites/default/files/2021-03/margin-statistics.xlsx,4461.4,M2SL,4.131640292284933,2026-07-03T23:13:42+00:00,25.745451568671584,7.758079319839628,,,NEUTRAL
1999-05-31,189950,https://www.finra.org/sites/default/files/2021-03/margin-statistics.xlsx,4486.1,M2SL,4.234190053721496,2026-07-03T23:13:42+00:00,26.386458451158745,7.725002401306336,,,NEUTRAL
1999-06-30,187695,https://www.finra.org/sites/default/files/2021-03/margin-statistics.xlsx,4508.0,M2SL,4.163598047914818,2026-07-03T23:13:42+00:00,21.59798389447838,7.741210774121066,,,NEUTRAL
1999-07-31,189503,https://www.finra.org/sites/default/files/2021-03/margin-statistics.xlsx,4535.4,M2SL,4.178308418221105,2026-07-03T23:13:42+00:00,17.718350105603186,7.888101241733647,,,NEUTRAL
1999-08-31,187616,https://www.finra.org/sites/default/files/2021-03/margin-statistics.xlsx,4552.7,M2SL,4.12098315285435,2026-07-03T23:13:42+00:00,20.36002283822709,7.661929198098716,,,NEUTRAL
1999-09-30,189741,https://www.finra.org/sites/default/files/2021-03/margin-statistics.xlsx,4568.8,M2SL,4.152972334092103,2026-07-03T23:13:42+00:00,31.27140396150574,7.055322539072573,,,NEUTRAL
1999-10-31,194259,https://www.finra.org/sites/default/files/2021-03/margin-statistics.xlsx,4592.7,M2SL,4.22973414331439,2026-07-03T23:13:42+00:00,40.36156330609326,6.611109821490757,,,NEUTRAL
1999-11-30,218304,https://www.finra.org/sites/default/files/2021-03/margin-statistics.xlsx,4611.8,M2SL,4.73359642655796,2026-07-03T23:13:42+00:00,46.81130083323806,6.101320572401403,,,NEUTRAL
1999-12-31,241967,https://www.finra.org/sites/default/files/2021-03/margin-statistics.xlsx,4639.3,M2SL,5.215592869613951,2026-07-03T23:13:42+00:00,62.75004371981652,6.026602066002362,2.853345837113843,,WATCH_ELEVATED
2000-01-31,260409,https://www.finra.org/sites/default/files/2021-03/margin-statistics.xlsx,4667.6,M2SL,5.57907704173451,2026-07-03T23:13:42+00:00,60.42742203767819,6.009538950715432,2.972345165559485,,WATCH_ELEVATED
2000-02-29,284206,https://www.finra.org/sites/default/files/2021-03/margin-statistics.xlsx,4680.9,M2SL,6.071610160439231,2026-07-03T23:13:42+00:00,74.4569053888981,5.763929685028679,3.1329909708881507,,WATCH_ELEVATED
2000-03-31,299933,https://www.finra.org/sites/default/files/2021-03/margin-statistics.xlsx,4711.7,M2SL,6.365706645159921,2026-07-03T23:13:42+00:00,80.45207325584194,6.296530253124555,3.0178146803265165,,WATCH_ELEVATED
2000-04-30,268716,https://www.finra.org/sites/default/files/2021-03/margin-statistics.xlsx,4767.8,M2SL,5.636058559503335,2026-07-03T23:13:42+00:00,45.780642221245714,6.86779934549695,2.0277736456236752,,WATCH_ELEVATED
2000-05-31,256862,https://www.finra.org/sites/default/files/2021-03/margin-statistics.xlsx,4755.7,M2SL,5.401139685009568,2026-07-03T23:13:42+00:00,35.226112134772315,6.009674327366743,1.6821387920809923,,WATCH_ELEVATED
2000-06-30,264471,https://www.finra.org/sites/default/files/2021-03/margin-statistics.xlsx,4773.6,M2SL,5.540284062342886,2026-07-03T23:13:42+00:00,40.90465915447934,5.8917480035492575,1.7409972965431573,,WATCH_ELEVATED
2000-07-31,263729,https://www.finra.org/sites/default/files/2021-03/margin-statistics.xlsx,4791.3,M2SL,5.504330766180368,2026-07-03T23:13:42+00:00,39.16877305372475,5.642280724963622,1.628450462531576,,WATCH_ELEVATED
2000-08-31,265166,https://www.finra.org/sites/default/files/2021-03/margin-statistics.xlsx,4819.5,M2SL,5.5019400352733685,2026-07-03T23:13:42+00:00,41.33442776735458,5.860258747556402,1.5605584233671337,,WATCH_ELEVATED
2000-09-30,270208,https://www.finra.org/sites/default/files/2021-03/margin-statistics.xlsx,4855.2,M2SL,5.565332015159004,2026-07-03T23:13:42+00:00,42.408862607449095,6.268604447557347,1.5606933910940721,,WATCH_ELEVATED
2000-10-31,250965,https://www.finra.org/sites/default/files/2021-03/margin-statistics.xlsx,4871.3,M2SL,5.151910167717037,2026-07-03T23:13:42+00:00,29.190925516964473,6.066148452979747,1.121788708742631,,NEUTRAL
2000-11-30,237913,https://www.finra.org/sites/default/files/2021-03/margin-statistics.xlsx,4882.7,M2SL,4.872570504024413,2026-07-03T23:13:42+00:00,8.982428173556144,5.874062188299578,0.8302368891732848,,NEUTRAL
2000-12-31,210385,https://www.finra.org/sites/default/files/2021-03/margin-statistics.xlsx,4927.6,M2SL,4.2695226885299125,2026-07-03T23:13:42+00:00,-13.05219306764972,6.214299571055992,0.22933769274630236,,NEUTRAL
2001-01-31,208687,https://www.finra.org/sites/default/files/2021-03/margin-statistics.xlsx,4978.3,M2SL,4.1919329891730115,2026-07-03T23:13:42+00:00,-19.861832732355644,6.656525837689609,0.15000128964638537,,NEUTRAL
2001-02-28,198887,https://www.finra.org/sites/default/files/2021-03/margin-statistics.xlsx,5017.0,M2SL,3.964261510863066,2026-07-03T23:13:42+00:00,-30.020126246455035,7.180243115640161,-0.07978577294419403,,NEUTRAL
2001-03-31,174797,https://www.finra.org/sites/default/files/2021-03/margin-statistics.xlsx,5074.8,M2SL,3.444411602427682,2026-07-03T23:13:42+00:00,-41.72131776096661,7.70634802725132,-0.6035497930035758,,NEUTRAL
2001-04-30,176096,https://www.finra.org/sites/default/files/2021-03/margin-statistics.xlsx,5139.1,M2SL,3.426592204860773,2026-07-03T23:13:42+00:00,-34.46761636821031,7.787658878308656,-0.613685797648938,,NEUTRAL
2001-05-31,183041,https://www.finra.org/sites/default/files/2021-03/margin-statistics.xlsx,5137.2,M2SL,3.5630499104570585,2026-07-03T23:13:42+00:00,-28.739556649095622,8.021952604243321,-0.4669118494567929,,NEUTRAL
2001-06-30,179585,https://www.finra.org/sites/default/files/2021-03/margin-statistics.xlsx,5180.1,M2SL,3.4668249647690197,2026-07-03T23:13:42+00:00,-32.096524760748814,8.515585721468067,-0.5604891381271886,,NEUTRAL
2001-07-31,173680,https://www.finra.org/sites/default/files/2021-03/margin-statistics.xlsx,5210.0,M2SL,3.3335892514395393,2026-07-03T23:13:42+00:00,-34.14451956364298,8.738755661302777,-0.6910766865229028,,NEUTRAL
2001-08-31,169316,https://www.finra.org/sites/default/files/2021-03/margin-statistics.xlsx,5243.8,M2SL,3.2288798199778785,2026-07-03T23:13:42+00:00,-36.1471681889835,8.803817823425675,-0.7899721597760342,,NEUTRAL
2001-09-30,157931,https://www.finra.org/sites/default/files/2021-03/margin-statistics.xlsx,5355.1,M2SL,2.949169950140987,2026-07-03T23:13:42+00:00,-41.552063595452395,10.296177294447206,-1.0657247633749316,,WATCH_DELEVERAGING
2001-10-31,152367,https://www.finra.org/sites/default/files/2021-03/margin-statistics.xlsx,5343.8,M2SL,2.851285602006063,2026-07-03T23:13:42+00:00,-39.28755005678083,9.699669492743212,-1.1456683625661757,,WATCH_DELEVERAGING
2001-11-30,159440,https://www.finra.org/sites/default/files/2021-03/margin-statistics.xlsx,5387.5,M2SL,2.959443155452436,2026-07-03T23:13:42+00:00,-32.983905881561746,10.338542200012292,-1.0137041257317612,,WATCH_DELEVERAGING
2001-12-31,160473,https://www.finra.org/sites/default/files/2021-03/margin-statistics.xlsx,5440.5,M2SL,2.949600220567963,2026-07-03T23:13:42+00:00,-23.72412481878461,10.408718240116887,-1.0067468579213636,13.333333333333334,DELEVERAGED
2002-01-31,160906,https://www.finra.org/sites/default/files/2021-03/margin-statistics.xlsx,5460.9,M2SL,2.946510648427915,2026-07-03T23:13:42+00:00,-22.89601173048632,9.694072273667697,-1.0196859715866102,11.475409836065573,DELEVERAGED
2002-02-28,154931,https://www.finra.org/sites/default/files/2021-03/margin-statistics.xlsx,5490.2,M2SL,2.821955484317511,2026-07-03T23:13:42+00:00,-22.10099202059461,9.431931433127371,-1.1568517274971835,8.064516129032258,DELEVERAGED
2002-03-31,160089,https://www.finra.org/sites/default/files/2021-03/margin-statistics.xlsx,5502.0,M2SL,2.9096510359869137,2026-07-03T23:13:42+00:00,-8.414332053753782,8.418065736580749,-1.0715331356769742,12.698412698412698,DELEVERAGED
2002-04-30,159072,https://www.finra.org/sites/default/files/2021-03/margin-statistics.xlsx,5502.1,M2SL,2.8911143018120353,2026-07-03T23:13:42+00:00,-9.667454115936758,7.0634936078301624,-1.1013579195867234,12.5,DELEVERAGED
2002-05-31,157802,https://www.finra.org/sites/default/files/2021-03/margin-statistics.xlsx,5528.3,M2SL,2.8544398820613934,2026-07-03T23:13:42+00:00,-13.78871400396633,7.613096628513594,-1.1405978057857453,10.76923076923077,DELEVERAGED
2002-06-30,153972,https://www.finra.org/sites/default/files/2021-03/margin-statistics.xlsx,5553.3,M2SL,2.7726216844038682,2026-07-03T23:13:42+00:00,-14.262327031767686,7.204494121735094,-1.2170675256325634,7.575757575757576,DELEVERAGED
2002-07-31,143905,https://www.finra.org/sites/default/files/2021-03/margin-statistics.xlsx,5596.0,M2SL,2.5715689778413156,2026-07-03T23:13:42+00:00,-17.143597420543532,7.4088291746641,-1.4073707438005858,1.4925373134328357,DELEVERAGED
2002-08-31,139146,https://www.finra.org/sites/default/files/2021-03/margin-statistics.xlsx,5638.3,M2SL,2.467871521557916,2026-07-03T23:13:42+00:00,-17.818753100711092,7.523170220069408,-1.4843596858451176,1.4705882352941175,DELEVERAGED
2002-09-30,136107,https://www.finra.org/sites/default/files/2021-03/margin-statistics.xlsx,5662.3,M2SL,2.4037405294668246,2026-07-03T23:13:42+00:00,-13.818692973513746,5.736587552053174,-1.5093791833546342,1.4492753623188406,DELEVERAGED
2002-10-31,138647,https://www.finra.org/sites/default/files/2021-03/margin-statistics.xlsx,5707.1,M2SL,2.429377442133483,2026-07-03T23:13:42+00:00,-9.004574481350947,6.798532879224517,-1.443905788980216,2.857142857142857,DELEVERAGED
2002-11-30,139472,https://www.finra.org/sites/default/files/2021-03/margin-statistics.xlsx,5758.1,M2SL,2.422187874472482,2026-07-03T23:13:42+00:00,-12.523833416959363,6.878886310904875,-1.4151368010509833,2.8169014084507045,DELEVERAGED
2002-12-31,139451,https://www.finra.org/sites/default/files/2021-03/margin-statistics.xlsx,5779.4,M2SL,2.412897532615842,2026-07-03T23:13:42+00:00,-13.100023056838218,6.229206874368165,-1.390663159965748,2.7777777777777777,DELEVERAGED
2003-01-31,141391,https://www.finra.org/sites/default/files/2021-03/margin-statistics.xlsx,5812.1,M2SL,2.432700744997505,2026-07-03T23:13:42+00:00,-12.128199072750546,6.431174348550628,-1.3397887227567375,6.8493150684931505,DELEVERAGED
2003-02-28,140516,https://www.finra.org/sites/default/files/2021-03/margin-statistics.xlsx,5848.2,M2SL,2.4027222051229438,2026-07-03T23:13:42+00:00,-9.304141843788527,6.520709628064547,-1.332356707428701,1.3513513513513513,DELEVERAGED
2003-03-31,144267,https://www.finra.org/sites/default/files/2021-03/margin-statistics.xlsx,5868.4,M2SL,2.4583702542430643,2026-07-03T23:13:42+00:00,-9.883252440829793,6.659396583060695,-1.2454589621573886,9.333333333333334,DELEVERAGED
2003-04-30,143237,https://www.finra.org/sites/default/files/2021-03/margin-statistics.xlsx,5905.5,M2SL,2.425484717636102,2026-07-03T23:13:42+00:00,-9.954611748139207,7.331746060595035,-1.2425895647016807,6.578947368421052,DELEVERAGED
2003-05-31,153725,https://www.finra.org/sites/default/files/2021-03/margin-statistics.xlsx,5965.3,M2SL,2.576986907615711,2026-07-03T23:13:42+00:00,-2.583617444645825,7.904780854874005,-1.0754506320454025,14.285714285714285,DELEVERAGED
2003-06-30,168281,https://www.finra.org/sites/default/files/2021-03/margin-statistics.xlsx,6002.2,M2SL,2.803655326380327,2026-07-03T23:13:42+00:00,9.293248123035358,8.083481893648825,-0.8484649205628397,21.794871794871796,WATCH_DELEVERAGING
2003-07-31,174427,https://www.finra.org/sites/default/files/2021-03/margin-statistics.xlsx,6049.1,M2SL,2.8835198624588783,2026-07-03T23:13:42+00:00,21.20982592682672,8.096854896354543,-0.7574729769543019,27.848101265822784,NEUTRAL
2003-08-31,167200,https://www.finra.org/sites/default/files/2021-03/margin-statistics.xlsx,6107.1,M2SL,2.7377969903882367,2026-07-03T23:13:42+00:00,20.161556925818914,8.314562900164946,-0.8697312858338412,20.0,WATCH_DELEVERAGING
2003-09-30,171194,https://www.finra.org/sites/default/files/2021-03/margin-statistics.xlsx,6079.7,M2SL,2.8158297284405482,2026-07-03T23:13:42+00:00,25.778982712130905,7.3715627925048155,-0.7870607290307983,23.456790123456788,WATCH_DELEVERAGING
2003-10-31,175428,https://www.finra.org/sites/default/files/2021-03/margin-statistics.xlsx,6070.0,M2SL,2.8900823723228997,2026-07-03T23:13:42+00:00,26.528522074044147,6.358746123249981,-0.7135506337552929,30.48780487804878,NEUTRAL
2003-11-30,182587,https://www.finra.org/sites/default/files/2021-03/margin-statistics.xlsx,6075.5,M2SL,3.005299975310674,2026-07-03T23:13:42+00:00,30.91301479866926,5.512234938608218,-0.6025751997830405,38.55421686746988,NEUTRAL
2003-12-31,181459,https://www.finra.org/sites/default/files/2021-03/margin-statistics.xlsx,6073.8,M2SL,2.9875695610655604,2026-07-03T23:13:42+00:00,30.123842783486676,5.0939543897290385,-0.6106672484070225,38.095238095238095,NEUTRAL
2004-01-31,189429,https://www.finra.org/sites/default/files/2021-03/margin-statistics.xlsx,6082.1,M2SL,3.114532809391493,2026-07-03T23:13:42+00:00,33.97528838469211,4.645480979336214,-0.4880837719446817,42.35294117647059,NEUTRAL
2004-02-29,190448,https://www.finra.org/sites/default/files/2021-03/margin-statistics.xlsx,6121.8,M2SL,3.1109804305923094,2026-07-03T23:13:42+00:00,35.534743374419996,4.678362573099415,-0.4818323995631264,41.86046511627907,NEUTRAL
2004-03-31,191451,https://www.finra.org/sites/default/files/2021-03/margin-statistics.xlsx,6157.9,M2SL,3.109030676042157,2026-07-03T23:13:42+00:00,32.706024246709234,4.933201554086297,-0.47320242940929463,41.37931034482759,NEUTRAL
2004-04-30,198778,https://www.finra.org/sites/default/files/2021-03/margin-statistics.xlsx,6198.9,M2SL,3.2066656987530044,2026-07-03T23:13:42+00:00,38.77559569105748,4.968249936499869,-0.3732562660435585,45.45454545454545,NEUTRAL
2004-05-31,193843,https://www.finra.org/sites/default/files/2021-03/margin-statistics.xlsx,6275.7,M2SL,3.0887869082333443,2026-07-03T23:13:42+00:00,26.09725158562368,5.2034264831609445,-0.46106512010180106,40.44943820224719,NEUTRAL
2004-06-30,193993,https://www.finra.org/sites/default/files/2021-03/margin-statistics.xlsx,6277.9,M2SL,3.090093821182242,2026-07-03T23:13:42+00:00,15.279205614418734,4.593315784212448,-0.44421830926862566,41.11111111111111,NEUTRAL
2004-07-31,187844,https://www.finra.org/sites/default/files/2021-03/margin-statistics.xlsx,6291.1,M2SL,2.9858689259429987,2026-07-03T23:13:42+00:00,7.692043089659295,4.000595129854023,-0.5190217616192635,35.16483516483517,NEUTRAL
2004-08-31,187828,https://www.finra.org/sites/default/files/2021-03/margin-statistics.xlsx,6317.8,M2SL,2.972996929310836,2026-07-03T23:13:42+00:00,12.33732057416268,3.450082690638756,-0.5133549308596936,34.78260869565217,NEUTRAL
2004-09-30,193668,https://www.finra.org/sites/default/files/2021-03/margin-statistics.xlsx,6352.2,M2SL,3.04883347501653,2026-07-03T23:13:42+00:00,13.127796534925285,4.482129052420358,-0.43017644846486186,39.784946236559136,NEUTRAL
2004-10-31,197999,https://www.finra.org/sites/default/files/2021-03/margin-statistics.xlsx,6379.8,M2SL,3.1035298912191607,2026-07-03T23:13:42+00:00,12.866247121326136,5.103789126853386,-0.36577364028038584,43.61702127659575,NEUTRAL
2004-11-30,211012,https://www.finra.org/sites/default/files/2021-03/margin-statistics.xlsx,6406.3,M2SL,3.2938201457939837,2026-07-03T23:13:42+00:00,15.567921045857581,5.444819356431574,-0.17698399555313887,53.68421052631579,NEUTRAL
2004-12-31,217573,https://www.finra.org/sites/default/files/2021-03/margin-statistics.xlsx,6424.5,M2SL,3.3866137442602535,2026-07-03T23:13:42+00:00,19.902016433464297,5.773980045441074,-0.06768193247089387,58.333333333333336,NEUTRAL
2005-01-31,220122,https://www.finra.org/sites/default/files/2021-03/margin-statistics.xlsx,6430.8,M2SL,3.422933383093861,2026-07-03T23:13:42+00:00,16.202904518315563,5.733217145393854,-0.001455900577962915,61.855670103092784,NEUTRAL
2005-02-28,223155,https://www.finra.org/sites/default/files/2021-03/margin-statistics.xlsx,6438.9,M2SL,3.4657317243628567,2026-07-03T23:13:42+00:00,17.173716710073084,5.179849064000774,0.0850952049657147,65.3061224489796,NEUTRAL
2005-03-31,226876,https://www.finra.org/sites/default/files/2021-03/margin-statistics.xlsx,6448.3,M2SL,3.518384690538592,2026-07-03T23:13:42+00:00,18.503429075847077,4.715893405219318,0.2019188152889535,66.66666666666666,NEUTRAL
2005-04-30,217447,https://www.finra.org/sites/default/files/2021-03/margin-statistics.xlsx,6461.8,M2SL,3.365114983441146,2026-07-03T23:13:42+00:00,9.391884413768125,4.241075029440711,0.08031114355282261,55.00000000000001,NEUTRAL
2005-05-31,219404,https://www.finra.org/sites/default/files/2021-03/margin-statistics.xlsx,6479.0,M2SL,3.386386788084581,2026-07-03T23:13:42+00:00,13.186444700092338,3.2394792612776335,0.15175025994459415,56.43564356435643,NEUTRAL
2005-06-30,224153,https://www.finra.org/sites/default/files/2021-03/margin-statistics.xlsx,6511.7,M2SL,3.4423115315509003,2026-07-03T23:13:42+00:00,15.546952725098318,3.724175281543185,0.28209192755991086,62.745098039215684,NEUTRAL
2005-07-31,233585,https://www.finra.org/sites/default/files/2021-03/margin-statistics.xlsx,6543.5,M2SL,3.5697256819744783,2026-07-03T23:13:42+00:00,24.350524903643446,4.0120169763634195,0.5329025965188667,70.87378640776699,NEUTRAL
2005-08-31,231400,https://www.finra.org/sites/default/files/2021-03/margin-statistics.xlsx,6576.3,M2SL,3.518695923239511,2026-07-03T23:13:42+00:00,23.197819281470288,4.091614169489377,0.5606207369255656,67.3076923076923,NEUTRAL
2005-09-30,244669,https://www.finra.org/sites/default/files/2021-03/margin-statistics.xlsx,6610.1,M2SL,3.701441733105399,2026-07-03T23:13:42+00:00,26.334242105045757,4.060010704952632,1.0230244165161653,76.19047619047619,NEUTRAL
2005-10-31,239868,https://www.finra.org/sites/default/files/2021-03/margin-statistics.xlsx,6643.9,M2SL,3.6103493430063667,2026-07-03T23:13:42+00:00,21.14606639427472,4.139628201511014,1.0204747136447647,71.69811320754717,NEUTRAL
2005-11-30,242904,https://www.finra.org/sites/default/files/2021-03/margin-statistics.xlsx,6660.7,M2SL,3.6468239073971205,2026-07-03T23:13:42+00:00,15.113832388679317,3.971090957338874,1.2674166565955944,71.96261682242991,NEUTRAL
2005-12-31,244098,https://www.finra.org/sites/default/files/2021-03/margin-statistics.xlsx,6687.8,M2SL,3.6498998175782766,2026-07-03T23:13:42+00:00,12.191310502681851,4.098373414273482,1.3632797297494086,72.22222222222221,NEUTRAL
2006-01-31,255795,https://www.finra.org/sites/default/files/2021-03/margin-statistics.xlsx,6730.1,M2SL,3.8007607613557,2026-07-03T23:13:42+00:00,16.206013029138376,4.654164334141941,1.7991057812785767,77.98165137614679,WATCH_ELEVATED
2006-02-28,249609,https://www.finra.org/sites/default/files/2021-03/margin-statistics.xlsx,6754.7,M2SL,3.6953380609057396,2026-07-03T23:13:42+00:00,11.854540565974325,4.904564444237369,1.584943727971824,75.45454545454545,WATCH_ELEVATED
2006-03-31,259370,https://www.finra.org/sites/default/files/2021-03/margin-statistics.xlsx,6769.3,M2SL,3.831563086286618,2026-07-03T23:13:42+00:00,14.322361113559822,4.978056231875061,1.8668888115367854,79.27927927927928,WATCH_ELEVATED
2006-04-30,265164,https://www.finra.org/sites/default/files/2021-03/margin-statistics.xlsx,6806.9,M2SL,3.8955177834256416,2026-07-03T23:13:42+00:00,21.944197896498906,5.340617165495676,1.9505327523374458,79.46428571428571,WATCH_ELEVATED
2006-05-31,255608,https://www.finra.org/sites/default/files/2021-03/margin-statistics.xlsx,6813.7,M2SL,3.7513832425847924,2026-07-03T23:13:42+00:00,16.501066525678667,5.165920666769552,1.5827803678757053,76.10619469026548,WATCH_ELEVATED
2006-06-30,251495,https://www.finra.org/sites/default/files/2021-03/margin-statistics.xlsx,6851.8,M2SL,3.6704953442890917,2026-07-03T23:13:42+00:00,12.197918386102359,5.222906460678467,1.371094274556409,69.2982456140351,NEUTRAL
2006-07-31,256016,https://www.finra.org/sites/default/files/2021-03/margin-statistics.xlsx,6893.6,M2SL,3.7138215156086805,2026-07-03T23:13:42+00:00,9.602928270222822,5.350347673263545,1.435680913531209,74.78260869565217,NEUTRAL
2006-08-31,249368,https://www.finra.org/sites/default/files/2021-03/margin-statistics.xlsx,6925.1,M2SL,3.600929950470029,2026-07-03T23:13:42+00:00,7.764909248055307,5.303894287061106,1.1490871432263101,64.65517241379311,NEUTRAL
2006-09-30,261769,https://www.finra.org/sites/default/files/2021-03/margin-statistics.xlsx,6952.4,M2SL,3.765160232437719,2026-07-03T23:13:42+00:00,6.9890341645243215,5.178439055384931,1.465898056596001,76.92307692307693,NEUTRAL
2006-10-31,267710,https://www.finra.org/sites/default/files/2021-03/margin-statistics.xlsx,7001.7,M2SL,3.823500007141123,2026-07-03T23:13:42+00:00,11.607217302849904,5.385391110642845,1.5327529059867266,77.96610169491525,WATCH_ELEVATED
2006-11-30,294899,https://www.finra.org/sites/default/files/2021-03/margin-statistics.xlsx,7037.2,M2SL,4.190572955152618,2026-07-03T23:13:42+00:00,21.405575865362447,5.652559040341099,2.1996527663172065,85.71428571428571,ELEVATED_LEVERAGE
2006-12-31,303288,https://www.finra.org/sites/default/files/2021-03/margin-statistics.xlsx,7080.1,M2SL,4.283668309769636,2026-07-03T23:13:42+00:00,24.248457586706973,5.865905080893574,2.2477639311396302,89.16666666666667,ELEVATED_LEVERAGE
2007-01-31,311506,https://www.finra.org/sites/default/files/2021-03/margin-statistics.xlsx,7118.3,M2SL,4.376129131955664,2026-07-03T23:13:42+00:00,21.7795500302977,5.768116372713616,2.280691071685597,89.16666666666667,ELEVATED_LEVERAGE
2007-02-28,321171,https://www.finra.org/sites/default/files/2021-03/margin-statistics.xlsx,7134.3,M2SL,4.501787140994912,2026-07-03T23:13:42+00:00,28.66963931589006,5.619790664278201,2.3580934975534578,89.16666666666667,ELEVATED_LEVERAGE
2007-03-31,317737,https://www.finra.org/sites/default/files/2021-03/margin-statistics.xlsx,7168.2,M2SL,4.432591166541113,2026-07-03T23:13:42+00:00,22.503373559008377,5.892780642016149,2.104877813905734,88.33333333333333,ELEVATED_LEVERAGE
2007-04-30,342084,https://www.finra.org/sites/default/files/2021-03/margin-statistics.xlsx,7240.7,M2SL,4.7244603422321045,2026-07-03T23:13:42+00:00,29.00846268724262,6.372945099825178,2.4414599388783227,89.16666666666667,ELEVATED_LEVERAGE
2007-05-31,382312,https://www.finra.org/sites/default/files/2021-03/margin-statistics.xlsx,7254.6,M2SL,5.26992528878229,2026-07-03T23:13:42+00:00,49.56965353197083,6.470786797188022,3.03431133465399,92.5,ELEVATED_LEVERAGE
2007-06-30,408444,https://www.finra.org/sites/default/files/2021-03/margin-statistics.xlsx,7287.8,M2SL,5.604489695106891,2026-07-03T23:13:42+00:00,62.406409670172366,6.363291397880855,3.1822313639846542,97.5,ELEVATED_LEVERAGE
2007-07-31,416403,https://www.finra.org/sites/default/files/2021-03/margin-statistics.xlsx,7318.7,M2SL,5.689576017598754,2026-07-03T23:13:42+00:00,62.647256421473664,6.166589300220493,3.0010636198469918,98.33333333333333,ELEVATED_LEVERAGE
2007-08-31,362475,https://www.finra.org/sites/default/files/2021-03/margin-statistics.xlsx,7394.8,M2SL,4.9017552874993235,2026-07-03T23:13:42+00:00,45.357463668153095,6.782573536844239,1.8742571156044519,88.33333333333333,ELEVATED_LEVERAGE
2007-09-30,359104,https://www.finra.org/sites/default/files/2021-03/margin-statistics.xlsx,7413.0,M2SL,4.844246593821665,2026-07-03T23:13:42+00:00,37.18354732607758,6.625050342327832,1.7293190566100545,86.66666666666667,ELEVATED_LEVERAGE
2007-10-31,376979,https://www.finra.org/sites/default/files/2021-03/margin-statistics.xlsx,7428.1,M2SL,5.075039377498956,2026-07-03T23:13:42+00:00,40.81618168914123,6.089949583672549,1.9360825986563615,88.33333333333333,ELEVATED_LEVERAGE
2007-11-30,379593,https://www.finra.org/sites/default/files/2021-03/margin-statistics.xlsx,7453.6,M2SL,5.092747128904153,2026-07-03T23:13:42+00:00,28.719663342364665,5.9171261297106925,1.8762278521816895,88.33333333333333,ELEVATED_LEVERAGE
2007-12-31,355292,https://www.finra.org/sites/default/files/2021-03/margin-statistics.xlsx,7483.9,M2SL,4.7474177901896075,2026-07-03T23:13:42+00:00,17.14673841365304,5.703309275292701,1.3998739776073699,84.16666666666667,NEUTRAL
2008-01-31,365592,https://www.finra.org/sites/default/files/2021-03/margin-statistics.xlsx,7517.5,M2SL,4.863212504156967,2026-07-03T23:13:42+00:00,17.362747427015847,5.608080581037611,1.4935490546493695,85.0,WATCH_ELEVATED
2008-02-29,377088,https://www.finra.org/sites/default/files/2021-03/margin-statistics.xlsx,7604.0,M2SL,4.95907417148869,2026-07-03T23:13:42+00:00,17.41035149499799,6.583687257334292,1.5606150308927562,86.66666666666667,ELEVATED_LEVERAGE
2008-03-31,349419,https://www.finra.org/sites/default/files/2021-03/margin-statistics.xlsx,7670.0,M2SL,4.555658409387223,2026-07-03T23:13:42+00:00,9.971139653235216,7.000362713093944,1.0261427526825337,80.0,NEUTRAL
2008-04-30,332303,https://www.finra.org/sites/default/files/2021-03/margin-statistics.xlsx,7712.5,M2SL,4.308628849270665,2026-07-03T23:13:42+00:00,-2.8592392511780695,6.515944590992584,0.6883462704821993,76.66666666666667,NEUTRAL
2008-05-31,341610,https://www.finra.org/sites/default/files/2021-03/margin-statistics.xlsx,7725.2,M2SL,4.422021436338218,2026-07-03T23:13:42+00:00,-10.646278432275214,6.486918644721951,0.8071620332062938,77.5,NEUTRAL
2008-06-30,346892,https://www.finra.org/sites/default/files/2021-03/margin-statistics.xlsx,7743.9,M2SL,4.4795516471028805,2026-07-03T23:13:42+00:00,-15.069874940016259,6.258404456763356,0.8533237176556915,78.33333333333333,NEUTRAL
2008-07-31,343297,https://www.finra.org/sites/default/files/2021-03/margin-statistics.xlsx,7791.2,M2SL,4.406214703768354,2026-07-03T23:13:42+00:00,-17.556549784703755,6.456064601636902,0.7296046016623888,75.83333333333333,NEUTRAL
2008-08-31,324814,https://www.finra.org/sites/default/files/2021-03/margin-statistics.xlsx,7805.8,M2SL,4.161187834687027,2026-07-03T23:13:42+00:00,-10.389957928132976,5.557959647319732,0.378348606227737,66.66666666666666,NEUTRAL
2008-09-30,345745,https://www.finra.org/sites/default/files/2021-03/margin-statistics.xlsx,7872.4,M2SL,4.391862710228138,2026-07-03T23:13:42+00:00,-3.720092229549099,6.197221098070949,0.6654235778532015,75.0,NEUTRAL
2008-10-31,277568,https://www.finra.org/sites/default/files/2021-03/margin-statistics.xlsx,7974.9,M2SL,3.48052013191388,2026-07-03T23:13:42+00:00,-26.370434427381895,7.361236386155268,-0.6118052206439153,44.166666666666664,NEUTRAL
2008-11-30,227334,https://www.finra.org/sites/default/files/2021-03/margin-statistics.xlsx,8027.0,M2SL,2.8321166064532206,2026-07-03T23:13:42+00:00,-40.1111190143127,7.692926907802944,-1.5048255065405545,14.166666666666666,DELEVERAGED
2008-12-31,210185,https://www.finra.org/sites/default/files/2021-03/margin-statistics.xlsx,8204.7,M2SL,2.561763379526369,2026-07-03T23:13:42+00:00,-40.841617599045286,9.6313419473804,-1.8415041159206347,8.333333333333332,DELEVERAGED
2009-01-31,205007,https://www.finra.org/sites/default/files/2021-03/margin-statistics.xlsx,8289.0,M2SL,2.4732416455543493,2026-07-03T23:13:42+00:00,-43.92464824175584,10.26272031925508,-1.9054467489588804,8.333333333333332,DELEVERAGED
2009-02-28,199655,https://www.finra.org/sites/default/files/2021-03/margin-statistics.xlsx,8319.3,M2SL,2.3999014340148817,2026-07-03T23:13:42+00:00,-47.05347292939579,9.406891109942128,-1.940702869840408,0.8333333333333334,DELEVERAGED
2009-03-31,203967,https://www.finra.org/sites/default/files/2021-03/margin-statistics.xlsx,8386.4,M2SL,2.43211628350663,2026-07-03T23:13:42+00:00,-41.62681479827943,9.34028683181225,-1.8442805349815494,6.666666666666667,DELEVERAGED
2009-04-30,208010,https://www.finra.org/sites/default/files/2021-03/margin-statistics.xlsx,8391.1,M2SL,2.478936015540275,2026-07-03T23:13:42+00:00,-37.40351426258566,8.798703403565655,-1.7334350418189965,10.833333333333334,DELEVERAGED
2009-05-31,214401,https://www.finra.org/sites/default/files/2021-03/margin-statistics.xlsx,8449.2,M2SL,2.537530180372106,2026-07-03T23:13:42+00:00,-37.23807851058224,9.371925645937985,-1.623828296899747,11.666666666666666,DELEVERAGED
2009-06-30,217140,https://www.finra.org/sites/default/files/2021-03/margin-statistics.xlsx,8459.3,M2SL,2.566879056186682,2026-07-03T23:13:42+00:00,-37.404148841714424,9.238239130154046,-1.5555579956206698,13.333333333333334,DELEVERAGED
2009-07-31,228734,https://www.finra.org/sites/default/files/2021-03/margin-statistics.xlsx,8463.5,M2SL,2.702593489691026,2026-07-03T23:13:42+00:00,-33.371395613710575,8.628966012937678,-1.374870473981381,15.833333333333332,DELEVERAGED
2009-08-31,236251,https://www.finra.org/sites/default/files/2021-03/margin-statistics.xlsx,8463.0,M2SL,2.7915750915750914,2026-07-03T23:13:42+00:00,-27.265758249336546,8.41938046068309,-1.2582616150380916,18.333333333333332,DELEVERAGED
2009-09-30,254107,https://www.finra.org/sites/default/files/2021-03/margin-statistics.xlsx,8461.6,M2SL,3.003060886829914,2026-07-03T23:13:42+00:00,-26.50450476507252,7.484375793912923,-1.0018812089762272,33.33333333333333,WATCH_DELEVERAGING
2009-10-31,265404,https://www.finra.org/sites/default/files/2021-03/margin-statistics.xlsx,8487.9,M2SL,3.126851164599018,2026-07-03T23:13:42+00:00,-4.382349550380448,6.432682541473866,-0.8538390534349231,40.833333333333336,NEUTRAL
2009-11-30,250988,https://www.finra.org/sites/default/files/2021-03/margin-statistics.xlsx,8517.0,M2SL,2.9469061876247507,2026-07-03T23:13:42+00:00,10.404954824179402,6.104397657904581,-1.0569650844073395,28.333333333333332,WATCH_DELEVERAGING
2009-12-31,262399,https://www.finra.org/sites/default/files/2021-03/margin-statistics.xlsx,8512.2,M2SL,3.082622588754963,2026-07-03T23:13:42+00:00,24.841924970858997,3.7478518410179573,-0.8847569910373009,36.666666666666664,NEUTRAL
2010-01-31,266455,https://www.finra.org/sites/default/files/2021-03/margin-statistics.xlsx,8477.7,M2SL,3.1430104863347372,2026-07-03T23:13:42+00:00,29.97361065719708,2.2765110387260368,-0.8043865968046932,43.333333333333336,NEUTRAL
2010-02-28,263657,https://www.finra.org/sites/default/files/2021-03/margin-statistics.xlsx,8527.3,M2SL,3.091916550373506,2026-07-03T23:13:42+00:00,32.0562971125191,2.5002103542365317,-0.853514764337276,39.166666666666664,NEUTRAL
2010-03-31,277798,https://www.finra.org/sites/default/files/2021-03/margin-statistics.xlsx,8523.5,M2SL,3.2592010324397256,2026-07-03T23:13:42+00:00,36.19752214819063,1.6347896594486322,-0.6492310514228752,46.666666666666664,NEUTRAL
2010-04-30,295550,https://www.finra.org/sites/default/files/2021-03/margin-statistics.xlsx,8554.8,M2SL,3.45478561743115,2026-07-03T23:13:42+00:00,42.08451516754002,1.9508765239360626,-0.4210316162354296,55.00000000000001,NEUTRAL
2010-05-31,268566,https://www.finra.org/sites/default/files/2021-03/margin-statistics.xlsx,8609.0,M2SL,3.119595771866651,2026-07-03T23:13:42+00:00,25.26340828634195,1.891303318657389,-0.8080156823685388,43.333333333333336,NEUTRAL
2010-06-30,263202,https://www.finra.org/sites/default/files/2021-03/margin-statistics.xlsx,8628.1,M2SL,3.0505209721723205,2026-07-03T23:13:42+00:00,21.213042276872063,1.9954369746906009,-0.8770027026106798,36.666666666666664,NEUTRAL
2010-07-31,267468,https://www.finra.org/sites/default/files/2021-03/margin-statistics.xlsx,8639.5,M2SL,3.095873603796516,2026-07-03T23:13:42+00:00,16.934080635148252,2.0795179299344158,-0.8106618772196759,40.833333333333336,NEUTRAL
2010-08-31,268371,https://www.finra.org/sites/default/files/2021-03/margin-statistics.xlsx,8687.9,M2SL,3.089020361652413,2026-07-03T23:13:42+00:00,13.595709647789844,2.6574500768049125,-0.8064571198283793,39.166666666666664,NEUTRAL
2010-09-30,288540,https://www.finra.org/sites/default/files/2021-03/margin-statistics.xlsx,8718.7,M2SL,3.309438333696537,2026-07-03T23:13:42+00:00,13.550590892812874,3.038432447764028,-0.5425169157084601,51.66666666666667,NEUTRAL
2010-10-31,303428,https://www.finra.org/sites/default/files/2021-03/margin-statistics.xlsx,8768.4,M2SL,3.4604716938095885,2026-07-03T23:13:42+00:00,14.326837575921992,3.3047043438306334,-0.3650037626776022,60.0,NEUTRAL
2010-11-30,309340,https://www.finra.org/sites/default/files/2021-03/margin-statistics.xlsx,8789.0,M2SL,3.519626806235067,2026-07-03T23:13:42+00:00,23.24892026710441,3.1936127744510934,-0.2941726544126635,65.0,NEUTRAL
2010-12-31,313678,https://www.finra.org/sites/default/files/2021-03/margin-statistics.xlsx,8823.2,M2SL,3.5551500589355336,2026-07-03T23:13:42+00:00,19.542376304787744,3.6535795681492456,-0.2513140463942056,65.83333333333333,NEUTRAL
2011-01-31,326868,https://www.finra.org/sites/default/files/2021-03/margin-statistics.xlsx,8849.0,M2SL,3.6938411119900554,2026-07-03T23:13:42+00:00,22.672871591826006,4.379725633131626,-0.08944953631280636,72.5,NEUTRAL
2011-02-28,348979,https://www.finra.org/sites/default/files/2021-03/margin-statistics.xlsx,8913.3,M2SL,3.9152614632066687,2026-07-03T23:13:42+00:00,32.36098415744699,4.52663797450541,0.16141645946980707,80.83333333333333,NEUTRAL
2011-03-31,355413,https://www.finra.org/sites/default/files/2021-03/margin-statistics.xlsx,8971.5,M2SL,3.9615783313827118,2026-07-03T23:13:42+00:00,27.939366014154167,5.256056784184904,0.21220214908232402,80.83333333333333,NEUTRAL
2011-04-30,360883,https://www.finra.org/sites/default/files/2021-03/margin-statistics.xlsx,9035.1,M2SL,3.994233600070835,2026-07-03T23:13:42+00:00,22.105565894095758,5.6143919203254455,0.24782117002161688,80.83333333333333,NEUTRAL
2011-05-31,355736,https://www.finra.org/sites/default/files/2021-03/margin-statistics.xlsx,9107.8,M2SL,3.905838951228617,2026-07-03T23:13:42+00:00,32.4575709509022,5.793936577999759,0.14307736130147417,78.33333333333333,NEUTRAL
2011-06-30,345273,https://www.finra.org/sites/default/files/2021-03/margin-statistics.xlsx,9182.1,M2SL,3.7602835952559874,2026-07-03T23:13:42+00:00,31.18175393803999,6.420880611026769,-0.026178001244033522,73.33333333333333,NEUTRAL
2011-07-31,344572,https://www.finra.org/sites/default/files/2021-03/margin-statistics.xlsx,9344.2,M2SL,3.687549495944008,2026-07-03T23:13:42+00:00,28.827373741905582,8.156722032525042,-0.10939451706656278,68.33333333333333,NEUTRAL
2011-08-31,308866,https://www.finra.org/sites/default/files/2021-03/margin-statistics.xlsx,9531.0,M2SL,3.2406463120344142,2026-07-03T23:13:42+00:00,15.089186238453479,9.704301384684456,-0.6151149676252495,49.166666666666664,NEUTRAL
2011-09-30,298277,https://www.finra.org/sites/default/files/2021-03/margin-statistics.xlsx,9551.5,M2SL,3.1228288750458044,2026-07-03T23:13:42+00:00,3.3745754488112567,9.551882734811379,-0.7346120528559954,45.83333333333333,NEUTRAL
2011-10-31,317028,https://www.finra.org/sites/default/files/2021-03/margin-statistics.xlsx,9584.4,M2SL,3.3077500939025914,2026-07-03T23:13:42+00:00,4.4821176687715125,9.306144792664561,-0.5123957634944881,50.83333333333333,NEUTRAL
2011-11-30,303930,https://www.finra.org/sites/default/files/2021-03/margin-statistics.xlsx,9636.5,M2SL,3.153945934727339,2026-07-03T23:13:42+00:00,-1.7488847223120163,9.642735237228361,-0.6668537710151715,46.666666666666664,NEUTRAL
2011-12-31,301616,https://www.finra.org/sites/default/files/2021-03/margin-statistics.xlsx,9683.9,M2SL,3.114612914218445,2026-07-03T23:13:42+00:00,-3.8453445890371696,9.754964185329573,-0.6888891654108223,42.5,NEUTRAL
2012-01-31,309844,https://www.finra.org/sites/default/files/2021-03/margin-statistics.xlsx,9757.6,M2SL,3.1754119865540704,2026-07-03T23:13:42+00:00,-5.208218608123161,10.267826873093,-0.5980381444737498,46.666666666666664,NEUTRAL
2012-02-29,323021,https://www.finra.org/sites/default/files/2021-03/margin-statistics.xlsx,9809.8,M2SL,3.292839813247977,2026-07-03T23:13:42+00:00,-7.438269924551333,10.058003208688149,-0.4437970188514735,49.166666666666664,NEUTRAL
2012-03-31,330815,https://www.finra.org/sites/default/files/2021-03/margin-statistics.xlsx,9853.9,M2SL,3.357198672606785,2026-07-03T23:13:42+00:00,-6.9209623733515695,9.835590480967493,-0.3514481101728412,51.66666666666667,NEUTRAL
2012-04-30,335154,https://www.finra.org/sites/default/files/2021-03/margin-statistics.xlsx,9907.7,M2SL,3.382762901581598,2026-07-03T23:13:42+00:00,-7.129457469595413,9.657889785392527,-0.29992696303891053,52.5,NEUTRAL
2012-05-31,315147,https://www.finra.org/sites/default/files/2021-03/margin-statistics.xlsx,9951.4,M2SL,3.1668609441887576,2026-07-03T23:13:42+00:00,-11.409865743135361,9.262390478490978,-0.5261389990729985,43.333333333333336,NEUTRAL
2012-06-30,320952,https://www.finra.org/sites/default/files/2021-03/margin-statistics.xlsx,10021.6,M2SL,3.202602378861659,2026-07-03T23:13:42+00:00,-7.043991276468187,9.142788686683879,-0.45769855009822574,44.166666666666664,NEUTRAL
2012-07-31,313525,https://www.finra.org/sites/default/files/2021-03/margin-statistics.xlsx,10074.5,M2SL,3.1120651148940395,2026-07-03T23:13:42+00:00,-9.010308440616189,7.815543331692387,-0.5518063516565759,35.833333333333336,NEUTRAL
2012-08-31,320395,https://www.finra.org/sites/default/files/2021-03/margin-statistics.xlsx,10145.6,M2SL,3.1579699574199656,2026-07-03T23:13:42+00:00,3.732686666709828,6.448431434267121,-0.46406791623705007,41.66666666666667,NEUTRAL
2012-09-30,339159,https://www.finra.org/sites/default/files/2021-03/margin-statistics.xlsx,10226.1,M2SL,3.316601636987708,2026-07-03T23:13:42+00:00,13.706051757259186,7.062765010731309,-0.21557614946941425,50.0,NEUTRAL
2012-10-31,342325,https://www.finra.org/sites/default/files/2021-03/margin-statistics.xlsx,10292.4,M2SL,3.325997823636858,2026-07-03T23:13:42+00:00,7.979421376029872,7.38700388130713,-0.16830265426623914,50.0,NEUTRAL
2012-11-30,351441,https://www.finra.org/sites/default/files/2021-03/margin-statistics.xlsx,10361.9,M2SL,3.391665621169863,2026-07-03T23:13:42+00:00,15.632217944921534,7.527629326000107,-0.029053234626903297,54.166666666666664,NEUTRAL
2012-12-31,355009,https://www.finra.org/sites/default/files/2021-03/margin-statistics.xlsx,10484.1,M2SL,3.3861657176104765,2026-07-03T23:13:42+00:00,17.70231022226938,8.263199743904837,-0.0019022052097717225,51.66666666666667,NEUTRAL
2013-01-31,388123,https://www.finra.org/sites/default/files/2021-03/margin-statistics.xlsx,10508.1,M2SL,3.6935602059363726,2026-07-03T23:13:42+00:00,25.264003821277804,7.6914405181601975,0.565335628711209,68.33333333333333,NEUTRAL
2013-02-28,390351,https://www.finra.org/sites/default/files/2021-03/margin-statistics.xlsx,10527.5,M2SL,3.707917359297079,2026-07-03T23:13:42+00:00,20.84384606573566,7.316153234520595,0.6695825921274345,70.83333333333334,NEUTRAL
2013-03-31,403933,https://www.finra.org/sites/default/files/2021-03/margin-statistics.xlsx,10583.8,M2SL,3.8165214762183717,2026-07-03T23:13:42+00:00,22.102383507398393,7.407219476552429,0.9283763686980596,75.0,NEUTRAL
2013-04-30,408677,https://www.finra.org/sites/default/files/2021-03/margin-statistics.xlsx,10611.3,M2SL,3.851337724878196,2026-07-03T23:13:42+00:00,21.93707967083789,7.101547281407372,1.03263880456683,76.66666666666667,NEUTRAL
2013-05-31,401606,https://www.finra.org/sites/default/files/2021-03/margin-statistics.xlsx,10646.1,M2SL,3.7723297733442296,2026-07-03T23:13:42+00:00,27.434498821185027,6.980927306710627,0.9296828119235699,72.5,NEUTRAL
2013-06-30,407681,https://www.finra.org/sites/default/files/2021-03/margin-statistics.xlsx,10703.3,M2SL,3.808928087599152,2026-07-03T23:13:42+00:00,27.02242079812558,6.802307016843612,1.070043628986345,73.33333333333333,NEUTRAL
2013-07-31,412101,https://www.finra.org/sites/default/files/2021-03/margin-statistics.xlsx,10742.8,M2SL,3.8360669471646123,2026-07-03T23:13:42+00:00,31.44119288732956,6.633579830264513,1.1912539415304955,75.83333333333333,NEUTRAL
2013-08-31,414442,https://www.finra.org/sites/default/files/2021-03/margin-statistics.xlsx,10801.2,M2SL,3.836999592637855,2026-07-03T23:13:42+00:00,29.353454329811647,6.46191452452296,1.2285958214775208,75.83333333333333,NEUTRAL
2013-09-30,432852,https://www.finra.org/sites/default/files/2021-03/margin-statistics.xlsx,10862.0,M2SL,3.985011968329958,2026-07-03T23:13:42+00:00,27.625096193820585,6.218401932310447,1.6282751876524013,80.0,WATCH_ELEVATED
2013-10-31,445022,https://www.finra.org/sites/default/files/2021-03/margin-statistics.xlsx,10986.3,M2SL,4.050699507568517,2026-07-03T23:13:42+00:00,29.999853939969334,6.741867785939126,1.7165158919108054,80.83333333333333,WATCH_ELEVATED
2013-11-30,456378,https://www.finra.org/sites/default/files/2021-03/margin-statistics.xlsx,10995.6,M2SL,4.150551129542726,2026-07-03T23:13:42+00:00,29.859065959862384,6.115673766394192,1.8534844588707247,80.83333333333333,WATCH_ELEVATED
2013-12-31,478502,https://www.finra.org/sites/default/files/2021-03/margin-statistics.xlsx,11060.1,M2SL,4.326380412473667,2026-07-03T23:13:42+00:00,34.78587866786476,5.4940338226457275,2.1424081362109417,84.16666666666667,WATCH_ELEVATED
2014-01-31,487549,https://www.finra.org/sites/default/files/2021-03/margin-statistics.xlsx,11130.8,M2SL,4.380179322240989,2026-07-03T23:13:42+00:00,25.61713683548772,5.925904778218705,2.1683399054590917,85.0,ELEVATED_LEVERAGE
2014-02-28,502093,https://www.finra.org/sites/default/files/2021-03/margin-statistics.xlsx,11196.8,M2SL,4.4842544298370965,2026-07-03T23:13:42+00:00,28.626031443495737,6.3576347660888155,2.2996849916333844,89.16666666666667,ELEVATED_LEVERAGE
2014-03-31,487932,https://www.finra.org/sites/default/files/2021-03/margin-statistics.xlsx,11232.6,M2SL,4.343891886117195,2026-07-03T23:13:42+00:00,20.795280405413763,6.130123396133724,1.941940921792713,82.5,WATCH_ELEVATED
2014-04-30,475195,https://www.finra.org/sites/default/files/2021-03/margin-statistics.xlsx,11277.7,M2SL,4.213580783315747,2026-07-03T23:13:42+00:00,16.276423679335995,6.28009763176991,1.6236191854057114,79.16666666666666,WATCH_ELEVATED
2014-05-31,475362,https://www.finra.org/sites/default/files/2021-03/margin-statistics.xlsx,11342.8,M2SL,4.19086997919385,2026-07-03T23:13:42+00:00,18.365263467179282,6.544180498022745,1.5388430029775515,78.33333333333333,WATCH_ELEVATED
2014-06-30,502270,https://www.finra.org/sites/default/files/2021-03/margin-statistics.xlsx,11398.1,M2SL,4.406611628253831,2026-07-03T23:13:42+00:00,23.201718991073903,6.491455906122412,1.958918622305985,85.83333333333333,ELEVATED_LEVERAGE
2014-07-31,498671,https://www.finra.org/sites/default/files/2021-03/margin-statistics.xlsx,11453.0,M2SL,4.354064437265345,2026-07-03T23:13:42+00:00,21.006986151453155,6.610939419890549,1.7838246628860224,81.66666666666667,WATCH_ELEVATED
2014-08-31,501000,https://www.finra.org/sites/default/files/2021-03/margin-statistics.xlsx,11477.3,M2SL,4.365138142245999,2026-07-03T23:13:42+00:00,20.88543149584261,6.259489686331143,1.7480392241939857,81.66666666666667,WATCH_ELEVATED
2014-09-30,503901,https://www.finra.org/sites/default/files/2021-03/margin-statistics.xlsx,11519.1,M2SL,4.374482381436049,2026-07-03T23:13:42+00:00,16.4141554157079,6.049530473209352,1.6993788768634297,81.66666666666667,WATCH_ELEVATED
2014-10-31,492888,https://www.finra.org/sites/default/files/2021-03/margin-statistics.xlsx,11593.1,M2SL,4.2515634299712755,2026-07-03T23:13:42+00:00,10.755872743369999,5.523242583945476,1.3765624678335076,75.83333333333333,NEUTRAL
2014-11-30,496341,https://www.finra.org/sites/default/files/2021-03/margin-statistics.xlsx,11634.2,M2SL,4.266223719722886,2026-07-03T23:13:42+00:00,8.756557064538617,5.807777656517166,1.364816922795198,75.83333333333333,NEUTRAL
2014-12-31,495756,https://www.finra.org/sites/default/files/2021-03/margin-statistics.xlsx,11717.6,M2SL,4.230866389021642,2026-07-03T23:13:42+00:00,3.6058365482275923,5.9447925425629045,1.2446793964705818,74.16666666666667,NEUTRAL
2015-01-31,485872,https://www.finra.org/sites/default/files/2021-03/margin-statistics.xlsx,11805.2,M2SL,4.1157456036322975,2026-07-03T23:13:42+00:00,-0.34396542706476296,6.058863693535077,0.9586336868214526,69.16666666666667,NEUTRAL
2015-02-28,504923,https://www.finra.org/sites/default/files/2021-03/margin-statistics.xlsx,11922.8,M2SL,4.234936424329856,2026-07-03T23:13:42+00:00,0.5636406004465355,6.483995427264944,1.1833831544427533,74.16666666666667,NEUTRAL
2015-03-31,518055,https://www.finra.org/sites/default/files/2021-03/margin-statistics.xlsx,11920.5,M2SL,4.3459166981250785,2026-07-03T23:13:42+00:00,6.173606158235168,6.1241386678062115,1.3779509752396797,79.16666666666666,NEUTRAL
2015-04-30,549964,https://www.finra.org/sites/default/files/2021-03/margin-statistics.xlsx,11954.6,M2SL,4.600438324996236,2026-07-03T23:13:42+00:00,15.734382727090978,6.002110359381785,1.8448595210319265,90.83333333333333,ELEVATED_LEVERAGE
2015-05-31,541671,https://www.finra.org/sites/default/files/2021-03/margin-statistics.xlsx,11982.6,M2SL,4.52047969555856,2026-07-03T23:13:42+00:00,13.949158746386958,5.640582572204411,1.6115246973665471,89.16666666666667,ELEVATED_LEVERAGE
2015-06-30,547957,https://www.finra.org/sites/default/files/2021-03/margin-statistics.xlsx,12023.2,M2SL,4.557497172133875,2026-07-03T23:13:42+00:00,9.0961036892508,5.484247374562434,1.6312882345284048,90.0,ELEVATED_LEVERAGE
2015-07-31,530744,https://www.finra.org/sites/default/files/2021-03/margin-statistics.xlsx,12067.0,M2SL,4.398309438965774,2026-07-03T23:13:42+00:00,6.431695446496799,5.361040775342696,1.2545626825745704,81.66666666666667,NEUTRAL
2015-08-31,515960,https://www.finra.org/sites/default/files/2021-03/margin-statistics.xlsx,12112.0,M2SL,4.259907529722589,2026-07-03T23:13:42+00:00,2.98602794411178,5.53004626523661,0.930597753485031,70.83333333333334,NEUTRAL
2015-09-30,497279,https://www.finra.org/sites/default/files/2021-03/margin-statistics.xlsx,12173.9,M2SL,4.084796162281602,2026-07-03T23:13:42+00:00,-1.3141470249116383,5.684471877143182,0.5295801652617573,62.5,NEUTRAL
2015-10-31,513941,https://www.finra.org/sites/default/files/2021-03/margin-statistics.xlsx,12225.2,M2SL,4.2039475836796125,2026-07-03T23:13:42+00:00,4.271355764392726,5.452381157757635,0.7624650002949366,66.66666666666666,NEUTRAL
2015-11-30,515410,https://www.finra.org/sites/default/files/2021-03/margin-statistics.xlsx,12317.0,M2SL,4.184541690346675,2026-07-03T23:13:42+00:00,3.8419151349576186,5.868903749290877,0.6963631176087047,64.16666666666667,NEUTRAL
2015-12-31,503444,https://www.finra.org/sites/default/files/2021-03/margin-statistics.xlsx,12387.9,M2SL,4.063997933467335,2026-07-03T23:13:42+00:00,1.5507628752854163,5.72045470062128,0.41640118008841764,60.0,NEUTRAL
2016-01-31,487200,https://www.finra.org/sites/default/files/2021-03/margin-statistics.xlsx,12518.5,M2SL,3.8918400766865044,2026-07-03T23:13:42+00:00,0.27332301511509005,6.042252566665529,0.03342008974264229,53.333333333333336,NEUTRAL
2016-02-29,474156,https://www.finra.org/sites/default/files/2021-03/margin-statistics.xlsx,12603.9,M2SL,3.7619784352462333,2026-07-03T23:13:42+00:00,-6.093404340859898,5.712584292280343,-0.24474540550305318,45.0,NEUTRAL
2016-03-31,483909,https://www.finra.org/sites/default/files/2021-03/margin-statistics.xlsx,12661.8,M2SL,3.821802587309861,2026-07-03T23:13:42+00:00,-6.591192054897643,6.218698880080531,-0.10897019484975765,49.166666666666664,NEUTRAL
2016-04-30,495178,https://www.finra.org/sites/default/files/2021-03/margin-statistics.xlsx,12743.2,M2SL,3.8858214577186265,2026-07-03T23:13:42+00:00,-9.961742950447661,6.596623893731279,0.034903024777070614,53.333333333333336,NEUTRAL
2016-05-31,489867,https://www.finra.org/sites/default/files/2021-03/margin-statistics.xlsx,12802.0,M2SL,3.826488048742384,2026-07-03T23:13:42+00:00,-9.563738874704386,6.838248794084745,-0.09194616595586912,50.0,NEUTRAL
2016-06-30,487636,https://www.finra.org/sites/default/files/2021-03/margin-statistics.xlsx,12852.5,M2SL,3.7940945341373276,2026-07-03T23:13:42+00:00,-11.008345545362141,6.897498170204264,-0.16405227512123022,45.83333333333333,NEUTRAL
2016-07-31,513221,https://www.finra.org/sites/default/files/2021-03/margin-statistics.xlsx,12911.9,M2SL,3.9747906969539724,2026-07-03T23:13:42+00:00,-3.3015917278386597,7.001740283417579,0.22089981920589383,56.666666666666664,NEUTRAL
2016-08-31,510157,https://www.finra.org/sites/default/files/2021-03/margin-statistics.xlsx,12989.7,M2SL,3.92739632170104,2026-07-03T23:13:42+00:00,-1.1246995891154299,7.246532364597091,0.09364165734963205,55.00000000000001,NEUTRAL
2016-09-30,540615,https://www.finra.org/sites/default/files/2021-03/margin-statistics.xlsx,13054.9,M2SL,4.14108878658588,2026-07-03T23:13:42+00:00,8.714624989191178,7.236793467992997,0.5439170874934973,61.66666666666667,NEUTRAL
2016-10-31,523760,https://www.finra.org/sites/default/files/2021-03/margin-statistics.xlsx,13122.8,M2SL,3.9912213856798857,2026-07-03T23:13:42+00:00,1.9105305861957023,7.342211170369395,0.17940158742726195,56.666666666666664,NEUTRAL
2016-11-30,539972,https://www.finra.org/sites/default/files/2021-03/margin-statistics.xlsx,13208.7,M2SL,4.088002604344107,2026-07-03T23:13:42+00:00,4.765526474069182,7.239587561906324,0.3770704818808799,60.83333333333333,NEUTRAL
2016-12-31,529372,https://www.finra.org/sites/default/files/2021-03/margin-statistics.xlsx,13234.9,M2SL,3.9998186612668016,2026-07-03T23:13:42+00:00,5.1501259325764215,6.837317059388592,0.13702615593852335,58.333333333333336,NEUTRAL
2017-01-31,553557,https://www.finra.org/sites/default/files/2021-03/margin-statistics.xlsx,13315.7,M2SL,4.1571753644194445,2026-07-03T23:13:42+00:00,13.620073891625605,6.368175100850748,0.4977409321079972,65.0,NEUTRAL
2017-02-28,568637,https://www.finra.org/sites/default/files/2021-03/margin-statistics.xlsx,13394.8,M2SL,4.245207095290709,2026-07-03T23:13:42+00:00,19.926142451007678,6.275041852125129,0.6946936708411966,71.66666666666667,NEUTRAL
2017-03-31,577674,https://www.finra.org/sites/default/files/2021-03/margin-statistics.xlsx,13463.6,M2SL,4.290635491250483,2026-07-03T23:13:42+00:00,19.376577001047714,6.332432987410952,0.7852337317837088,75.0,NEUTRAL
2017-04-30,590797,https://www.finra.org/sites/default/files/2021-03/margin-statistics.xlsx,13521.7,M2SL,4.369250907800055,2026-07-03T23:13:42+00:00,19.31002588968007,6.1091405612405,0.9624921502117393,80.83333333333333,NEUTRAL
2017-05-31,582764,https://www.finra.org/sites/default/files/2021-03/margin-statistics.xlsx,13568.9,M2SL,4.2948507248192564,2026-07-03T23:13:42+00:00,18.963718723653567,5.990470239025147,0.7435735964892555,75.83333333333333,NEUTRAL
2017-06-30,584258,https://www.finra.org/sites/default/files/2021-03/margin-statistics.xlsx,13580.5,M2SL,4.302183277493465,2026-07-03T23:13:42+00:00,19.814369734802195,5.664267652207733,0.7440353232173065,76.66666666666667,NEUTRAL
2017-07-31,594414,https://www.finra.org/sites/default/files/2021-03/margin-statistics.xlsx,13643.1,M2SL,4.356883699452471,2026-07-03T23:13:42+00:00,15.820280152215126,5.662993052920173,0.8948625808954614,81.66666666666667,NEUTRAL
2017-08-31,596567,https://www.finra.org/sites/default/files/2021-03/margin-statistics.xlsx,13697.7,M2SL,4.355234820444308,2026-07-03T23:13:42+00:00,16.93792303153736,5.450472297281683,0.8844707877566854,81.66666666666667,NEUTRAL
2017-09-30,606334,https://www.finra.org/sites/default/files/2021-03/margin-statistics.xlsx,13745.1,M2SL,4.411273835766928,2026-07-03T23:13:42+00:00,12.156340464101078,5.2869037679338815,1.0589235646411115,90.0,WATCH_ELEVATED
2017-10-31,607838,https://www.finra.org/sites/default/files/2021-03/margin-statistics.xlsx,13800.1,M2SL,4.404591271077746,2026-07-03T23:13:42+00:00,16.052772262104774,5.161246075532677,1.031080307035593,88.33333333333333,WATCH_ELEVATED
2017-11-30,627422,https://www.finra.org/sites/default/files/2021-03/margin-statistics.xlsx,13843.5,M2SL,4.532249792321306,2026-07-03T23:13:42+00:00,16.195284199921467,4.805923368688814,1.4949099450495593,95.0,WATCH_ELEVATED
2017-12-31,642798,https://www.finra.org/sites/default/files/2021-03/margin-statistics.xlsx,13881.7,M2SL,4.630542368730055,2026-07-03T23:13:42+00:00,21.42652048087168,4.887078859681604,1.8763177903075123,98.33333333333333,ELEVATED_LEVERAGE
2018-01-31,665716,https://www.finra.org/sites/default/files/2021-03/margin-statistics.xlsx,13900.3,M2SL,4.789220376538636,2026-07-03T23:13:42+00:00,20.261508751582944,4.3903061799229315,2.3892330573393625,99.16666666666667,ELEVATED_LEVERAGE
2018-02-28,645064,https://www.finra.org/sites/default/files/2021-03/margin-statistics.xlsx,13949.3,M2SL,4.6243467414135475,2026-07-03T23:13:42+00:00,13.440384639057967,4.139666139098752,1.6912189322967772,98.33333333333333,ELEVATED_LEVERAGE
2018-03-31,645235,https://www.finra.org/sites/default/files/2021-03/margin-statistics.xlsx,14012.7,M2SL,4.604644358332084,2026-07-03T23:13:42+00:00,11.695350664907899,4.078403992988511,1.558963788081337,97.5,ELEVATED_LEVERAGE
2018-04-30,652303,https://www.finra.org/sites/default/files/2021-03/margin-statistics.xlsx,14035.9,M2SL,4.6473899073091145,2026-07-03T23:13:42+00:00,10.410682518699321,3.802776278130704,1.6632427877818599,99.16666666666667,ELEVATED_LEVERAGE
2018-05-31,668940,https://www.finra.org/sites/default/files/2021-03/margin-statistics.xlsx,14092.4,M2SL,4.746813885498566,2026-07-03T23:13:42+00:00,14.787461133494872,3.858087243623287,1.9738411477201827,99.16666666666667,ELEVATED_LEVERAGE
2018-06-30,646931,https://www.finra.org/sites/default/files/2021-03/margin-statistics.xlsx,14137.2,M2SL,4.576090031972385,2026-07-03T23:13:42+00:00,10.726939126207945,4.099259968336955,1.2747087854941146,94.16666666666667,WATCH_ELEVATED
2018-07-31,652790,https://www.finra.org/sites/default/files/2021-03/margin-statistics.xlsx,14174.6,M2SL,4.6053504155320075,2026-07-03T23:13:42+00:00,9.82076465224575,3.8957421700346773,1.3491386943524446,95.83333333333334,WATCH_ELEVATED
2018-08-31,652395,https://www.finra.org/sites/default/files/2021-03/margin-statistics.xlsx,14223.2,M2SL,4.586836998706339,2026-07-03T23:13:42+00:00,9.358211231932035,3.836410492272435,1.2410331635178935,93.33333333333333,WATCH_ELEVATED
2018-09-30,648126,https://www.finra.org/sites/default/files/2021-03/margin-statistics.xlsx,14245.5,M2SL,4.549689375592292,2026-07-03T23:13:42+00:00,6.892570761329564,3.6405700940698837,1.0571594535512918,90.83333333333333,WATCH_ELEVATED
2018-10-31,607645,https://www.finra.org/sites/default/files/2021-03/margin-statistics.xlsx,14256.6,M2SL,4.2622013663846925,2026-07-03T23:13:42+00:00,-0.03175188125783546,3.307947043861992,-0.1092410635169824,72.5,NEUTRAL
2018-11-30,592593,https://www.finra.org/sites/default/files/2021-03/margin-statistics.xlsx,14282.8,M2SL,4.148997395468675,2026-07-03T23:13:42+00:00,-5.551128267736871,3.173330443890632,-0.5659668896502926,62.5,NEUTRAL
2018-12-31,554285,https://www.finra.org/sites/default/files/2021-03/margin-statistics.xlsx,14386.8,M2SL,3.852733060861345,2026-07-03T23:13:42+00:00,-13.769955724815574,3.6386033410893415,-1.6870564048029755,47.5,WATCH_DELEVERAGING
2019-01-31,568433,https://www.finra.org/sites/default/files/2021-03/margin-statistics.xlsx,14459.7,M2SL,3.931153481745818,2026-07-03T23:13:42+00:00,-14.613288549471548,4.02437357467107,-1.3299470421113995,51.66666666666667,WATCH_DELEVERAGING
2019-02-28,581205,https://www.finra.org/sites/default/files/2021-03/margin-statistics.xlsx,14506.3,M2SL,4.006569559432798,2026-07-03T23:13:42+00:00,-9.899637865390098,3.993031908411182,-1.0033984920059822,56.666666666666664,WATCH_DELEVERAGING
2019-03-31,574013,https://www.finra.org/sites/default/files/2021-03/margin-statistics.xlsx,14557.5,M2SL,3.9430740168298133,2026-07-03T23:13:42+00:00,-11.038148891489152,3.8879016891819607,-1.208673530759365,50.83333333333333,WATCH_DELEVERAGING
2019-04-30,588721,https://www.finra.org/sites/default/files/2021-03/margin-statistics.xlsx,14594.7,M2SL,4.0337999410745,2026-07-03T23:13:42+00:00,-9.74731068230562,3.981219586916418,-0.8453326174271115,56.666666666666664,NEUTRAL
2019-05-31,568751,https://www.finra.org/sites/default/files/2021-03/margin-statistics.xlsx,14704.4,M2SL,3.867896683985746,2026-07-03T23:13:42+00:00,-14.977277483780306,4.342766313757762,-1.4302593900881577,44.166666666666664,WATCH_DELEVERAGING
2019-06-30,596304,https://www.finra.org/sites/default/files/2021-03/margin-statistics.xlsx,14802.8,M2SL,4.028318966681979,2026-07-03T23:13:42+00:00,-7.825718662423043,4.708145884616455,-0.8053817806998876,55.833333333333336,NEUTRAL
2019-07-31,602139,https://www.finra.org/sites/default/files/2021-03/margin-statistics.xlsx,14886.8,M2SL,4.044784641427305,2026-07-03T23:13:42+00:00,-7.759156849829196,5.024480408618226,-0.7226180327911268,56.666666666666664,NEUTRAL
2019-08-31,564894,https://www.finra.org/sites/default/files/2021-03/margin-statistics.xlsx,14974.4,M2SL,3.7723982263062292,2026-07-03T23:13:42+00:00,-13.412273239371853,5.281511896057145,-1.6597311091671099,34.166666666666664,WATCH_DELEVERAGING
2019-09-30,555910,https://www.finra.org/sites/default/files/2021-03/margin-statistics.xlsx,15047.0,M2SL,3.6944905961321197,2026-07-03T23:13:42+00:00,-14.228097622993063,5.626338141869369,-1.8490041967894593,30.0,WATCH_DELEVERAGING
2019-10-31,554604,https://www.finra.org/sites/default/files/2021-03/margin-statistics.xlsx,15184.1,M2SL,3.6525312662587837,2026-07-03T23:13:42+00:00,-8.72894535460672,6.50575873630459,-1.9001045071970049,26.666666666666668,WATCH_DELEVERAGING
2019-11-30,563482,https://www.finra.org/sites/default/files/2021-03/margin-statistics.xlsx,15296.0,M2SL,3.6838519874476985,2026-07-03T23:13:42+00:00,-4.912477872671461,7.0938471448175555,-1.7151944608356435,26.666666666666668,WATCH_DELEVERAGING
2019-12-31,579221,https://www.finra.org/sites/default/files/2021-03/margin-statistics.xlsx,15347.5,M2SL,3.774041374816745,2026-07-03T23:13:42+00:00,4.49876868398027,6.677648955987436,-1.366817077640418,34.166666666666664,WATCH_DELEVERAGING
2020-01-31,561812,https://www.finra.org/sites/default/files/2021-03/margin-statistics.xlsx,15427.1,M2SL,3.6417213863914797,2026-07-03T23:13:42+00:00,-1.1647810735829878,6.690318609653034,-1.7293555853854838,24.166666666666668,DELEVERAGED
2020-02-29,545127,https://www.finra.org/sites/default/files/2021-03/margin-statistics.xlsx,15493.4,M2SL,3.518446564343527,2026-07-03T23:13:42+00:00,-6.2074483185795,6.804629712607624,-2.0115338164981176,21.666666666666668,DELEVERAGED
2020-03-31,479291,https://www.finra.org/sites/default/files/2021-03/margin-statistics.xlsx,16033.0,M2SL,2.9894031060936817,2026-07-03T23:13:42+00:00,-16.501716860071113,10.135668899192861,-3.2411326177540505,0.8333333333333334,DELEVERAGED
2020-04-30,524696,https://www.finra.org/sites/default/files/2021-03/margin-statistics.xlsx,17065.3,M2SL,3.0746368361528953,2026-07-03T23:13:42+00:00,-10.875270289322103,16.928062926952926,-2.7694221770114535,2.5,DELEVERAGED
2020-05-31,552543,https://www.finra.org/sites/default/files/2021-03/margin-statistics.xlsx,17932.9,M2SL,3.0811692475840493,2026-07-03T23:13:42+00:00,-2.8497532312031115,21.956013166127164,-2.5571557198244856,3.3333333333333335,DELEVERAGED
2020-06-30,584676,https://www.finra.org/sites/default/files/2021-03/margin-statistics.xlsx,18184.3,M2SL,3.215279114400884,2026-07-03T23:13:42+00:00,-1.9500120743781713,22.843651201124104,-2.1040213013346203,11.666666666666666,DELEVERAGED
2020-07-31,613830,https://www.finra.org/sites/default/files/2021-03/margin-statistics.xlsx,18335.4,M2SL,3.3477862495500506,2026-07-03T23:13:42+00:00,1.9415782734551357,23.165488889485996,-1.7026914457077194,16.666666666666664,DELEVERAGED
2020-08-31,645547,https://www.finra.org/sites/default/files/2021-03/margin-statistics.xlsx,18411.2,M2SL,3.5062733553489185,2026-07-03T23:13:42+00:00,14.277545875863428,22.95116999679454,-1.277488686049615,20.833333333333336,DELEVERAGED
2020-09-30,654324,https://www.finra.org/sites/default/files/2021-03/margin-statistics.xlsx,18602.5,M2SL,3.517398199166779,2026-07-03T23:13:42+00:00,17.703225342231654,23.629294876055027,-1.213221997530322,20.833333333333336,DELEVERAGED
2020-10-31,659313,https://www.finra.org/sites/default/files/2021-03/margin-statistics.xlsx,18757.6,M2SL,3.5149112892907413,2026-07-03T23:13:42+00:00,18.879957591362494,23.53448673283236,-1.17938350255464,20.0,DELEVERAGED
2020-11-30,722118,https://www.finra.org/sites/default/files/2021-03/margin-statistics.xlsx,18997.0,M2SL,3.8012212454598093,2026-07-03T23:13:42+00:00,28.152807010694225,24.195868200836813,-0.5029380302065011,35.0,NEUTRAL
2020-12-31,778037,https://www.finra.org/sites/default/files/2021-03/margin-statistics.xlsx,19115.7,M2SL,4.070146528769546,2026-07-03T23:13:42+00:00,34.324722342594626,24.552532985828314,0.11721867334777938,58.333333333333336,NEUTRAL
2021-01-31,798605,https://www.finra.org/sites/default/files/2021-03/margin-statistics.xlsx,19379.0,M2SL,4.120981474792301,2026-07-03T23:13:42+00:00,42.14808512456125,25.61660973222446,0.22574823049907428,60.83333333333333,NEUTRAL
2021-02-28,813680,https://www.finra.org/sites/default/files/2021-03/margin-statistics.xlsx,19641.8,M2SL,4.142593855960248,2026-07-03T23:13:42+00:00,49.264299878743856,26.775272051325082,0.26164870310331223,61.66666666666667,NEUTRAL
2021-03-31,822551,https://www.finra.org/sites/default/files/2021-03/margin-statistics.xlsx,19873.2,M2SL,4.1389962361371095,2026-07-03T23:13:42+00:00,71.61828617687375,23.95184931079648,0.24145503596184084,60.0,NEUTRAL
2021-04-30,847186,https://www.finra.org/sites/default/files/2021-03/margin-statistics.xlsx,20175.3,M2SL,4.199124672247748,2026-07-03T23:13:42+00:00,61.462256239803615,18.224115603007274,0.3686170389023271,65.83333333333333,NEUTRAL
2021-05-31,861626,https://www.finra.org/sites/default/files/2021-03/margin-statistics.xlsx,20458.8,M2SL,4.211517782079105,2026-07-03T23:13:42+00:00,55.938270867606676,14.08528458866105,0.38278563062218507,66.66666666666666,NEUTRAL
2021-06-30,882103,https://www.finra.org/sites/default/files/2021-03/margin-statistics.xlsx,20477.0,M2SL,4.307774576353958,2026-07-03T23:13:42+00:00,50.87039659572139,12.608128990392808,0.5861071410011139,75.83333333333333,NEUTRAL
2021-07-31,844324,https://www.finra.org/sites/default/files/2021-03/margin-statistics.xlsx,20633.2,M2SL,4.092065215284105,2026-07-03T23:13:42+00:00,37.550136031148696,12.53204184255592,0.08146363975193878,55.00000000000001,NEUTRAL
2021-08-31,911545,https://www.finra.org/sites/default/files/2021-03/margin-statistics.xlsx,20840.6,M2SL,4.373890387033002,2026-07-03T23:13:42+00:00,41.20505555753493,13.195228991048925,0.7151724469152916,82.5,NEUTRAL
2021-09-30,903117,https://www.finra.org/sites/default/files/2021-03/margin-statistics.xlsx,20981.0,M2SL,4.304451646727992,2026-07-03T23:13:42+00:00,38.022906083224825,12.785915871522647,0.5471635829131649,74.16666666666667,NEUTRAL
2021-10-31,935862,https://www.finra.org/sites/default/files/2021-03/margin-statistics.xlsx,21160.6,M2SL,4.422662873453493,2026-07-03T23:13:42+00:00,41.94502459378171,12.810807352753017,0.7988814117895631,87.5,WATCH_ELEVATED
2021-11-30,918598,https://www.finra.org/sites/default/files/2021-03/margin-statistics.xlsx,21335.7,M2SL,4.3054504890863665,2026-07-03T23:13:42+00:00,27.208849523208123,12.310891193346318,0.5205637280185086,73.33333333333333,NEUTRAL
2021-12-31,910021,https://www.finra.org/sites/default/files/2021-03/margin-statistics.xlsx,21498.7,M2SL,4.232911757455102,2026-07-03T23:13:42+00:00,16.963717663812904,12.466192710703773,0.34545679640681953,64.16666666666667,NEUTRAL
2022-01-31,829637,https://www.finra.org/sites/default/files/2021-03/margin-statistics.xlsx,21650.0,M2SL,3.8320415704387987,2026-07-03T23:13:42+00:00,3.8857758215888882,11.718870942773108,-0.5572423824824314,30.833333333333336,NEUTRAL
2022-02-28,835255,https://www.finra.org/sites/default/files/2021-03/margin-statistics.xlsx,21724.8,M2SL,3.8447074311386067,2026-07-03T23:13:42+00:00,2.651533772490411,10.604934374649977,-0.5126257450328042,32.5,NEUTRAL
2022-03-31,799660,https://www.finra.org/sites/default/files/2021-03/margin-statistics.xlsx,21786.9,M2SL,3.6703707273636907,2026-07-03T23:13:42+00:00,-2.7829277455136525,9.629551355594469,-0.8822329321718844,17.5,WATCH_DELEVERAGING
2022-04-30,772940,https://www.finra.org/sites/default/files/2021-03/margin-statistics.xlsx,21769.4,M2SL,3.550580172168273,2026-07-03T23:13:42+00:00,-8.763836985030437,7.901245582469674,-1.1156157223798797,15.0,DELEVERAGED
2022-05-31,752944,https://www.finra.org/sites/default/files/2021-03/margin-statistics.xlsx,21719.2,M2SL,3.466720689528159,2026-07-03T23:13:42+00:00,-12.613593368816634,6.160674135335409,-1.259359700166544,10.833333333333334,DELEVERAGED
2022-06-30,683445,https://www.finra.org/sites/default/files/2021-03/margin-statistics.xlsx,21651.1,M2SL,3.156629455316358,2026-07-03T23:13:42+00:00,-22.52095276855424,5.733750061044085,-1.8560531077457911,4.166666666666666,DELEVERAGED
2022-07-31,696781,https://www.finra.org/sites/default/files/2021-03/margin-statistics.xlsx,21652.5,M2SL,3.2180163953354115,2026-07-03T23:13:42+00:00,-17.474689811020415,4.940096543434858,-1.6498344709841193,5.833333333333333,DELEVERAGED
2022-08-31,687787,https://www.finra.org/sites/default/files/2021-03/margin-statistics.xlsx,21638.9,M2SL,3.1784748762645054,2026-07-03T23:13:42+00:00,-24.547115062887737,3.8305039202326308,-1.6600079769534761,4.166666666666666,DELEVERAGED
2022-09-30,664009,https://www.finra.org/sites/default/files/2021-03/margin-statistics.xlsx,21536.7,M2SL,3.0831510862852713,2026-07-03T23:13:42+00:00,-26.47586082423429,2.648586816643639,-1.7755120210961708,3.3333333333333335,DELEVERAGED
2022-10-31,649618,https://www.finra.org/sites/default/files/2021-03/margin-statistics.xlsx,21461.4,M2SL,3.026913435283812,2026-07-03T23:13:42+00:00,-30.586133425654637,1.4215097870570848,-1.8043736938021515,1.6666666666666667,DELEVERAGED
2022-11-30,643783,https://www.finra.org/sites/default/files/2021-03/margin-statistics.xlsx,21406.3,M2SL,3.007446405964599,2026-07-03T23:13:42+00:00,-29.916786232933234,0.3309007906935335,-1.7659236251605028,1.6666666666666667,DELEVERAGED
2022-12-31,606659,https://www.finra.org/sites/default/files/2021-03/margin-statistics.xlsx,21290.8,M2SL,2.8493950438687135,2026-07-03T23:13:42+00:00,-33.3357142307705,-0.9670352160828344,-1.9845032846857038,0.8333333333333334,DELEVERAGED
2023-01-31,641228,https://www.finra.org/sites/default/files/2021-03/margin-statistics.xlsx,21279.4,M2SL,3.0133744372491704,2026-07-03T23:13:42+00:00,-22.709811640512655,-1.7117782909930601,-1.6172871245468023,3.3333333333333335,DELEVERAGED
2023-02-28,624379,https://www.finra.org/sites/default/files/2021-03/margin-statistics.xlsx,21242.6,M2SL,2.9392776778737066,2026-07-03T23:13:42+00:00,-25.246900647107772,-2.2195831492119678,-1.6979284228324614,1.6666666666666667,DELEVERAGED
2023-03-31,645429,https://www.finra.org/sites/default/files/2021-03/margin-statistics.xlsx,20946.7,M2SL,3.0812920412284512,2026-07-03T23:13:42+00:00,-19.28707200560238,-3.8564458458982265,-1.3791094637153873,7.5,DELEVERAGED
2023-04-30,631949,https://www.finra.org/sites/default/files/2021-03/margin-statistics.xlsx,20761.3,M2SL,3.0438797185147366,2026-07-03T23:13:42+00:00,-18.240872512743557,-4.6308120572914335,-1.4097551096534553,5.833333333333333,DELEVERAGED
2023-05-31,644170,https://www.finra.org/sites/default/files/2021-03/margin-statistics.xlsx,20829.6,M2SL,3.092570188577793,2026-07-03T23:13:42+00:00,-14.44649270065237,-4.095915134995776,-1.2840624061520494,10.0,DELEVERAGED
2023-06-30,681228,https://www.finra.org/sites/default/files/2021-03/margin-statistics.xlsx,20799.2,M2SL,3.275260586945652,2026-07-03T23:13:42+00:00,-0.3243860149682809,-3.9346730651098505,-0.8924023572792031,14.166666666666666,WATCH_DELEVERAGING
2023-07-31,709834,https://www.finra.org/sites/default/files/2021-03/margin-statistics.xlsx,20791.1,M2SL,3.4141243128069223,2026-07-03T23:13:42+00:00,1.873328922573947,-3.9782934995958974,-0.5853199955843239,15.833333333333332,WATCH_DELEVERAGING
2023-08-31,689185,https://www.finra.org/sites/default/files/2021-03/margin-statistics.xlsx,20777.0,M2SL,3.317057323001396,2026-07-03T23:13:42+00:00,0.20326060248303524,-3.9831045016151534,-0.762703559142253,15.0,WATCH_DELEVERAGING
2023-09-30,680846,https://www.finra.org/sites/default/files/2021-03/margin-statistics.xlsx,20747.6,M2SL,3.2815650966858816,2026-07-03T23:13:42+00:00,2.535658402220453,-3.6639782325054493,-0.8137832920460764,15.0,WATCH_DELEVERAGING
2023-10-31,635276,https://www.finra.org/sites/default/files/2021-03/margin-statistics.xlsx,20733.1,M2SL,3.064066637405887,2026-07-03T23:13:42+00:00,-2.207759021455691,-3.3935344385734534,-1.2492123795089978,6.666666666666667,DELEVERAGED
2023-11-30,660887,https://www.finra.org/sites/default/files/2021-03/margin-statistics.xlsx,20746.6,M2SL,3.1855195550114237,2026-07-03T23:13:42+00:00,2.656795845805182,-3.0818030206060887,-0.9503913142880546,13.333333333333334,WATCH_DELEVERAGING
2023-12-31,700774,https://www.finra.org/sites/default/files/2021-03/margin-statistics.xlsx,20777.9,M2SL,3.3726892515605527,2026-07-03T23:13:42+00:00,15.513657590178331,-2.4090217370883127,-0.5203166432242047,19.166666666666668,WATCH_DELEVERAGING
2024-01-31,701975,https://www.finra.org/sites/default/files/2021-03/margin-statistics.xlsx,20843.7,M2SL,3.3678041806397134,2026-07-03T23:13:42+00:00,9.473541392453221,-2.0475201368459706,-0.5114683616009752,19.166666666666668,WATCH_DELEVERAGING
2024-02-29,742963,https://www.finra.org/sites/default/files/2021-03/margin-statistics.xlsx,20926.7,M2SL,3.5503113247669242,2026-07-03T23:13:42+00:00,18.992310759971097,-1.4871060981235695,-0.09230007615829273,25.833333333333336,NEUTRAL
2024-03-31,784136,https://www.finra.org/sites/default/files/2021-03/margin-statistics.xlsx,20973.4,M2SL,3.738716660150476,2026-07-03T23:13:42+00:00,21.490667447542645,0.12746637895229007,0.33565549267595285,31.666666666666664,NEUTRAL
2024-04-30,775464,https://www.finra.org/sites/default/files/2021-03/margin-statistics.xlsx,20959.6,M2SL,3.699803431363194,2026-07-03T23:13:42+00:00,22.709902223122434,0.9551425007104486,0.2632838881079643,31.666666666666664,NEUTRAL
2024-05-31,809431,https://www.finra.org/sites/default/files/2021-03/margin-statistics.xlsx,21020.6,M2SL,3.850656023139206,2026-07-03T23:13:42+00:00,25.654873713460734,0.9169643200061417,0.6037698243902704,40.833333333333336,NEUTRAL
2024-06-30,809322,https://www.finra.org/sites/default/files/2021-03/margin-statistics.xlsx,21068.4,M2SL,3.841402289685026,2026-07-03T23:13:42+00:00,18.803396219767833,1.2942805492518916,0.5933287540166139,40.0,NEUTRAL
2024-07-31,810835,https://www.finra.org/sites/default/files/2021-03/margin-statistics.xlsx,21095.3,M2SL,3.8436760795058618,2026-07-03T23:13:42+00:00,14.228819695872552,1.463126049126795,0.6099922348750766,40.833333333333336,NEUTRAL
2024-08-31,797162,https://www.finra.org/sites/default/files/2021-03/margin-statistics.xlsx,21186.7,M2SL,3.762558586282904,2026-07-03T23:13:42+00:00,15.667346213280897,1.9718919959570647,0.4255177970965165,34.166666666666664,NEUTRAL
2024-09-30,813211,https://www.finra.org/sites/default/files/2021-03/margin-statistics.xlsx,21269.5,M2SL,3.823366792825407,2026-07-03T23:13:42+00:00,19.44125396932639,2.515471669012337,0.5581126822174755,39.166666666666664,NEUTRAL
2024-10-31,815369,https://www.finra.org/sites/default/files/2021-03/margin-statistics.xlsx,21331.9,M2SL,3.8222989982139426,2026-07-03T23:13:42+00:00,28.34878068744924,2.8881353970221735,0.5479575809850962,39.166666666666664,NEUTRAL
2024-11-30,890852,https://www.finra.org/sites/default/files/2021-03/margin-statistics.xlsx,21452.2,M2SL,4.152730256104269,2026-07-03T23:13:42+00:00,34.79641754187932,3.4010392064242057,1.2631611218672567,66.66666666666666,NEUTRAL
2024-12-31,899168,https://www.finra.org/sites/default/files/2021-03/margin-statistics.xlsx,21485.8,M2SL,4.184940751566151,2026-07-03T23:13:42+00:00,28.31069645848734,3.4069853065035405,1.3024567745273863,69.16666666666667,NEUTRAL
2025-01-31,937253,https://www.finra.org/sites/default/files/2021-03/margin-statistics.xlsx,21548.1,M2SL,4.349585346271829,2026-07-03T23:13:42+00:00,33.516578225720295,3.379438391456402,1.6036149094560304,81.66666666666667,WATCH_ELEVATED
2025-02-28,918144,https://www.finra.org/sites/default/files/2021-03/margin-statistics.xlsx,21613.4,M2SL,4.248031313907114,2026-07-03T23:13:42+00:00,23.57869772788146,3.2814538364864143,1.3372617308484647,73.33333333333333,NEUTRAL
2025-03-31,880316,https://www.finra.org/sites/default/files/2021-03/margin-statistics.xlsx,21693.6,M2SL,4.057952575874912,2026-07-03T23:13:42+00:00,12.265729414285275,3.433873382474939,0.9027274693563239,57.49999999999999,NEUTRAL
2025-04-30,850558,https://www.finra.org/sites/default/files/2021-03/margin-statistics.xlsx,21775.8,M2SL,3.905978195979023,2026-07-03T23:13:42+00:00,9.68375063187976,3.894158285463467,0.5523696592828311,49.166666666666664,NEUTRAL
2025-05-31,920960,https://www.finra.org/sites/default/files/2021-03/margin-statistics.xlsx,21833.9,M2SL,4.218027929046117,2026-07-03T23:13:42+00:00,13.7786914511552,3.8690617774944647,1.1890004978487139,73.33333333333333,NEUTRAL
2025-06-30,1007961,https://www.finra.org/sites/default/files/2021-03/margin-statistics.xlsx,21938.7,M2SL,4.594442697151608,2026-07-03T23:13:42+00:00,24.543877467806396,4.13083100757532,1.9096286688227952,94.16666666666667,ELEVATED_LEVERAGE
2025-07-31,1022548,https://www.finra.org/sites/default/files/2021-03/margin-statistics.xlsx,22020.4,M2SL,4.643639534250059,2026-07-03T23:13:42+00:00,26.11049103701739,4.3853370181983875,1.9138162418111286,97.5,ELEVATED_LEVERAGE
2025-08-31,1059723,https://www.finra.org/sites/default/files/2021-03/margin-statistics.xlsx,22087.1,M2SL,4.797927296928977,2026-07-03T23:13:42+00:00,32.936968897162686,4.249835982007566,2.1054613105344044,100.0,ELEVATED_LEVERAGE
2025-09-30,1126494,https://www.finra.org/sites/default/files/2021-03/margin-statistics.xlsx,22170.4,M2SL,5.081072060044023,2026-07-03T23:13:42+00:00,38.52419605735782,4.2356425868027126,2.477150030233623,100.0,ELEVATED_LEVERAGE
2025-10-31,1183654,https://www.finra.org/sites/default/files/2021-03/margin-statistics.xlsx,22245.1,M2SL,5.320965066464075,2026-07-03T23:13:42+00:00,45.16789330965489,4.28091262381689,2.6910667327438285,100.0,ELEVATED_LEVERAGE
2025-11-30,1214321,https://www.finra.org/sites/default/files/2021-03/margin-statistics.xlsx,22277.3,M2SL,5.450934359190746,2026-07-03T23:13:42+00:00,36.310071706635895,3.8462255619470254,2.6868902803872734,100.0,ELEVATED_LEVERAGE
2025-12-31,1225597,https://www.finra.org/sites/default/files/2021-03/margin-statistics.xlsx,22353.4,M2SL,5.48282140524484,2026-07-03T23:13:42+00:00,36.303449411011066,4.03801580578802,2.5486936076099824,100.0,ELEVATED_LEVERAGE
2026-01-31,1279042,https://www.finra.org/sites/default/files/2021-03/margin-statistics.xlsx,22429.3,M2SL,5.702549789783898,2026-07-03T23:13:42+00:00,36.46710119892922,4.0894556828676265,2.6724719113661983,100.0,ELEVATED_LEVERAGE
2026-02-28,1253192,https://www.finra.org/sites/default/files/2021-03/margin-statistics.xlsx,22626.9,M2SL,5.538505053719246,2026-07-03T23:13:42+00:00,36.49187926948279,4.689220576124065,2.291328303461446,99.16666666666667,ELEVATED_LEVERAGE
2026-03-31,1220922,https://www.finra.org/sites/default/files/2021-03/margin-statistics.xlsx,22686.2,M2SL,5.381782757799896,2026-07-03T23:13:42+00:00,38.69133356658292,4.575543017295436,1.9762354853060238,96.66666666666667,ELEVATED_LEVERAGE
2026-04-30,1304281,https://www.finra.org/sites/default/files/2021-03/margin-statistics.xlsx,22804.5,M2SL,5.719401872437457,2026-07-03T23:13:42+00:00,53.34415760006961,4.72405146998045,2.288786086992714,100.0,ELEVATED_LEVERAGE
2026-05-31,1415557,https://www.finra.org/sites/default/files/2021-03/margin-statistics.xlsx,23052.3,M2SL,6.1406323880914275,2026-07-03T23:13:42+00:00,53.70450399583044,5.580313182711283,2.6213981096538697,100.0,ELEVATED_LEVERAGE
