time,VN30
2016-07-28,644.33
2016-07-29,639.17
2016-08-01,635.41
2016-08-02,623.16
2016-08-03,619.8
2016-08-04,617.41
2016-08-05,615.06
2016-08-08,614.65
2016-08-09,621.43
2016-08-10,632.86
2016-08-11,645.1
2016-08-12,641.11
2016-08-15,645.66
2016-08-16,646.44
2016-08-17,650.82
2016-08-18,652.87
2016-08-19,654.42
2016-08-22,647.46
2016-08-23,650.92
2016-08-24,650.95
2016-08-25,649.06
2016-08-26,656.71
2016-08-29,656.23
2016-08-30,661.2
2016-08-31,665.25
2016-09-01,659.09
2016-09-05,655.08
2016-09-06,656.02
2016-09-07,654.79
2016-09-08,659.25
2016-09-09,658.66
2016-09-12,651.63
2016-09-13,651.8
2016-09-14,646.93
2016-09-15,645.02
2016-09-16,639.37
2016-09-19,648.83
2016-09-20,653.66
2016-09-21,657.44
2016-09-22,662.31
2016-09-23,664.31
2016-09-26,666.1
2016-09-27,671.21
2016-09-28,669.17
2016-09-29,670.3
2016-09-30,668.44
2016-10-03,662.42
2016-10-04,661.89
2016-10-05,663.95
2016-10-06,663.12
2016-10-07,657.54
2016-10-10,647.25
2016-10-11,654.88
2016-10-12,653.25
2016-10-13,658.29
2016-10-14,657.59
2016-10-17,650.46
2016-10-18,653.32
2016-10-19,659.39
2016-10-20,657.15
2016-10-21,655.17
2016-10-24,648.29
2016-10-25,644.91
2016-10-26,641.81
2016-10-27,644.18
2016-10-28,649.27
2016-10-31,644.22
2016-11-01,643.05
2016-11-02,636.54
2016-11-03,632.81
2016-11-04,632.54
2016-11-07,639.91
2016-11-08,642.01
2016-11-09,635.42
2016-11-10,641.9
2016-11-11,642.0
2016-11-14,634.13
2016-11-15,637.51
2016-11-16,638.72
2016-11-17,636.02
2016-11-18,634.35
2016-11-21,638.87
2016-11-22,643.76
2016-11-23,647.59
2016-11-24,647.47
2016-11-25,643.38
2016-11-28,630.62
2016-11-29,625.78
2016-11-30,631.89
2016-12-01,631.55
2016-12-02,629.64
2016-12-05,625.32
2016-12-06,616.26
2016-12-07,615.0
2016-12-08,619.45
2016-12-09,619.64
2016-12-12,612.83
2016-12-13,606.71
2016-12-14,615.26
2016-12-15,613.25
2016-12-16,621.04
2016-12-19,623.85
2016-12-20,616.74
2016-12-21,618.43
2016-12-22,618.35
2016-12-23,620.75
2016-12-26,621.73
2016-12-27,623.46
2016-12-28,624.83
2016-12-29,626.95
2016-12-30,628.21
2017-01-03,633.89
2017-01-04,632.7
2017-01-05,634.83
2017-01-06,636.34
2017-01-09,638.4
2017-01-10,639.36
2017-01-11,643.39
2017-01-12,642.25
2017-01-13,640.07
2017-01-16,632.7
2017-01-17,637.54
2017-01-18,633.1
2017-01-19,631.0
2017-01-20,634.28
2017-01-23,635.42
2017-01-24,639.32
2017-01-25,644.79
2017-02-02,652.98
2017-02-03,651.18
2017-02-06,654.03
2017-02-07,656.48
2017-02-08,657.97
2017-02-09,658.83
2017-02-10,658.78
2017-02-13,662.68
2017-02-14,663.43
2017-02-15,669.08
2017-02-16,667.72
2017-02-17,668.1
2017-02-20,667.56
2017-02-21,671.52
2017-02-22,668.61
2017-02-23,667.42
2017-02-24,661.81
2017-02-27,666.22
2017-02-28,657.95
2017-03-01,655.99
2017-03-02,653.76
2017-03-03,656.77
2017-03-06,658.61
2017-03-07,659.9
2017-03-08,662.48
2017-03-09,664.3
2017-03-10,663.49
2017-03-13,662.67
2017-03-14,665.46
2017-03-15,663.57
2017-03-16,668.07
2017-03-17,668.35
2017-03-20,676.02
2017-03-21,679.69
2017-03-22,677.96
2017-03-23,689.32
2017-03-24,691.76
2017-03-27,693.49
2017-03-28,688.31
2017-03-29,689.91
2017-03-30,692.5
2017-03-31,693.22
2017-04-03,696.73
2017-04-04,699.07
2017-04-05,691.07
2017-04-07,697.62
2017-04-10,696.72
2017-04-11,697.93
2017-04-12,692.4
2017-04-13,687.72
2017-04-14,678.45
2017-04-17,669.31
2017-04-18,675.71
2017-04-19,679.69
2017-04-20,674.3
2017-04-21,672.6
2017-04-24,667.08
2017-04-25,668.58
2017-04-26,673.53
2017-04-27,681.36
2017-04-28,680.49
2017-05-03,684.99
2017-05-04,686.29
2017-05-05,684.17
2017-05-08,681.11
2017-05-09,688.08
2017-05-10,690.53
2017-05-11,691.02
2017-05-12,690.84
2017-05-15,695.22
2017-05-16,692.91
2017-05-17,696.37
2017-05-18,695.3
2017-05-19,702.03
2017-05-22,710.86
2017-05-23,708.62
2017-05-24,718.28
2017-05-25,716.4
2017-05-26,718.87
2017-05-29,722.26
2017-05-30,711.48
2017-05-31,713.43
2017-06-01,719.76
2017-06-02,718.33
2017-06-05,721.74
2017-06-06,732.69
2017-06-07,737.18
2017-06-08,737.52
2017-06-09,740.2
2017-06-12,736.86
2017-06-13,741.39
2017-06-14,745.53
2017-06-15,746.59
2017-06-16,750.07
2017-06-19,757.5
2017-06-20,759.67
2017-06-21,759.84
2017-06-22,757.94
2017-06-23,758.24
2017-06-26,760.8
2017-06-27,755.07
2017-06-28,757.1
2017-06-29,761.21
2017-06-30,765.41
2017-07-03,765.8
2017-07-04,763.92
2017-07-05,765.87
2017-07-06,770.58
2017-07-07,761.61
2017-07-10,750.79
2017-07-11,752.75
2017-07-12,757.57
2017-07-13,761.36
2017-07-14,759.97
2017-07-17,745.59
2017-07-18,741.32
2017-07-19,737.77
2017-07-20,736.64
2017-07-21,728.47
2017-07-24,729.54
2017-07-25,737.93
2017-07-26,745.79
2017-07-27,743.7
2017-07-28,749.86
2017-07-31,756.24
2017-08-01,758.36
2017-08-02,756.04
2017-08-03,757.88
2017-08-04,761.44
2017-08-07,763.08
2017-08-08,758.42
2017-08-09,741.36
2017-08-10,743.42
2017-08-11,744.99
2017-08-14,751.39
2017-08-15,746.07
2017-08-16,749.37
2017-08-17,743.2
2017-08-18,744.3
2017-08-21,743.66
2017-08-22,738.2
2017-08-23,743.1
2017-08-24,747.72
2017-08-25,751.14
2017-08-28,758.02
2017-08-29,754.59
2017-08-30,764.57
2017-08-31,770.08
2017-09-01,774.06
2017-09-05,777.02
2017-09-06,776.97
2017-09-07,779.2
2017-09-08,784.74
2017-09-11,779.58
2017-09-12,782.54
2017-09-13,786.43
2017-09-14,789.41
2017-09-15,789.49
2017-09-18,793.7
2017-09-19,792.68
2017-09-20,790.48
2017-09-21,786.41
2017-09-22,789.7
2017-09-25,789.89
2017-09-26,791.05
2017-09-27,788.31
2017-09-28,790.75
2017-09-29,792.72
2017-10-02,790.7
2017-10-03,787.02
2017-10-04,795.76
2017-10-05,797.42
2017-10-06,800.42
2017-10-09,801.49
2017-10-10,805.3
2017-10-11,806.83
2017-10-12,809.6
2017-10-13,815.47
2017-10-16,811.85
2017-10-17,818.48
2017-10-18,816.84
2017-10-19,817.39
2017-10-20,813.99
2017-10-23,809.36
2017-10-24,815.24
2017-10-25,821.45
2017-10-26,822.53
2017-10-27,834.91
2017-10-30,837.52
2017-10-31,831.62
2017-11-01,835.38
2017-11-02,827.66
2017-11-03,840.04
2017-11-06,844.73
2017-11-07,846.03
2017-11-08,853.57
2017-11-09,853.05
2017-11-10,858.2
2017-11-13,868.11
2017-11-14,871.08
2017-11-15,877.58
2017-11-16,890.01
2017-11-17,887.41
2017-11-20,899.31
2017-11-21,910.54
2017-11-22,922.18
2017-11-23,922.92
2017-11-24,926.21
2017-11-27,930.9
2017-11-28,935.74
2017-11-29,946.55
2017-11-30,943.05
2017-12-01,952.46
2017-12-04,966.44
2017-12-05,944.07
2017-12-06,939.06
2017-12-07,928.74
2017-12-08,930.25
2017-12-11,908.29
2017-12-12,914.82
2017-12-13,913.33
2017-12-14,928.21
2017-12-15,926.7
2017-12-18,950.81
2017-12-19,947.62
2017-12-20,948.78
2017-12-21,936.53
2017-12-22,945.88
2017-12-25,949.28
2017-12-26,955.73
2017-12-27,958.02
2017-12-28,966.91
2017-12-29,975.52
2018-01-02,992.72
2018-01-03,1004.66
2018-01-04,1014.15
2018-01-05,1007.73
2018-01-08,1023.5
2018-01-09,1039.64
2018-01-10,1039.7
2018-01-11,1047.2
2018-01-12,1049.86
2018-01-15,1063.11
2018-01-16,1061.78
2018-01-17,1030.0
2018-01-18,1048.56
2018-01-19,1053.47
2018-01-22,1082.54
2018-01-23,1082.54
2018-01-24,1082.54
2018-01-25,1095.52
2018-01-26,1104.42
2018-01-29,1096.78
2018-01-30,1099.16
2018-01-31,1095.9
2018-02-01,1086.9
2018-02-02,1090.4
2018-02-05,1035.02
2018-02-06,1007.72
2018-02-07,1030.91
2018-02-08,1013.56
2018-02-09,996.77
2018-02-12,1034.76
2018-02-13,1054.09
2018-02-21,1075.47
2018-02-22,1073.99
2018-02-23,1089.96
2018-02-26,1099.71
2018-02-27,1106.09
2018-02-28,1110.33
2018-03-01,1105.84
2018-03-02,1106.92
2018-03-05,1080.83
2018-03-06,1103.31
2018-03-07,1092.17
2018-03-08,1105.03
2018-03-09,1106.54
2018-03-12,1106.97
2018-03-13,1111.38
2018-03-14,1115.0
2018-03-15,1110.26
2018-03-16,1112.93
2018-03-19,1130.26
2018-03-20,1134.19
2018-03-21,1147.26
2018-03-22,1144.58
2018-03-23,1128.93
2018-03-26,1146.73
2018-03-27,1150.3
2018-03-28,1151.09
2018-03-29,1144.74
2018-03-30,1153.08
2018-04-02,1171.21
2018-04-03,1160.97
2018-04-04,1165.75
2018-04-05,1169.12
2018-04-06,1174.37
2018-04-09,1177.68
2018-04-10,1168.06
2018-04-11,1137.2
2018-04-12,1143.5
2018-04-13,1134.21
2018-04-16,1128.03
2018-04-17,1130.32
2018-04-18,1115.7
2018-04-19,1066.09
2018-04-20,1089.45
2018-04-23,1055.37
2018-04-24,1053.99
2018-04-26,1018.97
2018-04-27,1027.97
2018-05-02,1012.84
2018-05-03,1010.35
2018-05-04,1010.89
2018-05-07,1048.03
2018-05-08,1047.83
2018-05-09,1046.39
2018-05-10,1019.69
2018-05-11,1030.79
2018-05-14,1051.45
2018-05-15,1055.49
2018-05-16,1034.3
2018-05-17,1007.09
2018-05-18,1022.21
2018-05-21,997.21
2018-05-22,958.95
2018-05-23,968.54
2018-05-24,960.55
2018-05-25,936.32
2018-05-28,898.0
2018-05-29,924.9
2018-05-30,918.64
2018-05-31,947.31
2018-06-01,969.15
2018-06-04,996.67
2018-06-05,1007.32
2018-06-06,1022.72
2018-06-07,1026.75
2018-06-08,1025.87
2018-06-11,1024.85
2018-06-12,1008.76
2018-06-13,1018.59
2018-06-14,1004.31
2018-06-15,1005.04
2018-06-18,970.35
2018-06-19,945.11
2018-06-20,966.86
2018-06-21,955.75
2018-06-22,973.05
2018-06-25,982.09
2018-06-26,973.9
2018-06-27,961.29
2018-06-28,947.03
2018-06-29,947.55
2018-07-02,930.12
2018-07-03,891.97
2018-07-04,900.89
2018-07-05,883.77
2018-07-06,905.62
2018-07-09,898.73
2018-07-10,897.96
2018-07-11,881.14
2018-07-12,883.87
2018-07-13,899.45
2018-07-16,904.18
2018-07-17,915.53
2018-07-18,935.42
2018-07-19,941.09
2018-07-20,926.5
2018-07-23,932.17
2018-07-24,923.53
2018-07-25,915.68
2018-07-26,921.33
2018-07-27,927.19
2018-07-30,939.6
2018-07-31,944.38
2018-08-01,939.31
2018-08-02,937.86
2018-08-03,941.12
2018-08-06,939.84
2018-08-07,936.92
2018-08-08,945.89
2018-08-09,943.91
2018-08-10,948.32
2018-08-13,960.02
2018-08-14,965.6
2018-08-15,947.82
2018-08-16,950.18
2018-08-17,949.23
2018-08-20,945.65
2018-08-21,955.27
2018-08-22,959.63
2018-08-23,960.94
2018-08-24,960.42
2018-08-27,966.55
2018-08-28,971.01
2018-08-29,964.99
2018-08-30,975.43
2018-08-31,969.23
2018-09-04,951.14
2018-09-05,941.0
2018-09-06,932.12
2018-09-07,945.59
2018-09-10,943.31
2018-09-11,958.91
2018-09-12,958.67
2018-09-13,957.17
2018-09-14,960.33
2018-09-17,953.79
2018-09-18,959.75
2018-09-19,962.7
2018-09-20,971.18
2018-09-21,974.43
2018-09-24,985.59
2018-09-25,985.11
2018-09-26,984.39
2018-09-27,989.45
2018-09-28,994.73
2018-10-01,990.41
2018-10-02,987.88
2018-10-03,990.6
2018-10-04,993.61
2018-10-05,980.75
2018-10-08,970.28
2018-10-09,967.37
2018-10-10,966.27
2018-10-11,920.02
2018-10-12,943.49
2018-10-15,928.55
2018-10-16,939.41
2018-10-17,945.91
2018-10-18,937.54
2018-10-19,931.69
2018-10-22,922.75
2018-10-23,908.0
2018-10-24,896.5
2018-10-25,888.86
2018-10-26,881.06
2018-10-29,874.43
2018-10-30,874.06
2018-10-31,901.57
2018-11-01,887.72
2018-11-02,903.43
2018-11-05,904.83
2018-11-06,899.61
2018-11-07,899.25
2018-11-08,900.4
2018-11-09,885.65
2018-11-12,888.2
2018-11-13,875.73
2018-11-14,871.55
2018-11-15,864.98
2018-11-16,869.24
2018-11-19,888.76
2018-11-20,893.09
2018-11-21,897.1
2018-11-22,898.9
2018-11-23,890.62
2018-11-26,895.05
2018-11-27,895.3
2018-11-28,901.4
2018-11-29,897.58
2018-11-30,894.79
2018-12-03,921.72
2018-12-04,927.46
2018-12-05,925.68
2018-12-06,922.86
2018-12-07,929.59
2018-12-10,922.82
2018-12-11,922.34
2018-12-12,927.7
2018-12-13,928.9
2018-12-14,918.79
2018-12-17,901.41
2018-12-18,890.68
2018-12-19,882.79
2018-12-20,877.03
2018-12-21,873.09
2018-12-24,873.64
2018-12-25,865.69
2018-12-26,861.02
2018-12-27,865.45
2018-12-28,854.99
2019-01-02,855.66
2019-01-03,838.79
2019-01-04,840.17
2019-01-07,851.41
2019-01-08,845.43
2019-01-09,855.51
2019-01-10,857.95
2019-01-11,860.3
2019-01-14,859.42
2019-01-15,865.1
2019-01-16,864.29
2019-01-17,853.34
2019-01-18,854.79
2019-01-21,864.1
2019-01-22,859.17
2019-01-23,861.76
2019-01-24,865.52
2019-01-25,867.7
2019-01-28,868.76
2019-01-29,872.03
2019-01-30,869.16
2019-01-31,866.06
2019-02-01,859.81
2019-02-11,878.67
2019-02-12,888.33
2019-02-13,897.42
2019-02-14,900.12
2019-02-15,897.74
2019-02-18,904.93
2019-02-19,907.82
2019-02-20,911.8
2019-02-21,926.09
2019-02-22,929.5
2019-02-25,939.47
2019-02-26,929.51
2019-02-27,930.54
2019-02-28,904.98
2019-03-01,915.32
2019-03-04,928.42
2019-03-05,923.66
2019-03-06,923.58
2019-03-07,922.29
2019-03-08,914.74
2019-03-11,916.24
2019-03-12,929.86
2019-03-13,935.41
2019-03-14,935.62
2019-03-15,927.06
2019-03-18,932.75
2019-03-19,927.56
2019-03-20,924.12
2019-03-21,907.87
2019-03-22,912.27
2019-03-25,893.4
2019-03-26,894.58
2019-03-27,901.76
2019-03-28,901.65
2019-03-29,900.13
2019-04-01,905.87
2019-04-02,903.59
2019-04-03,901.5
2019-04-04,904.33
2019-04-05,904.69
2019-04-08,906.55
2019-04-09,900.07
2019-04-10,893.19
2019-04-11,896.04
2019-04-12,893.1
2019-04-16,887.76
2019-04-17,885.66
2019-04-18,877.02
2019-04-19,880.52
2019-04-22,878.23
2019-04-23,878.29
2019-04-24,888.65
2019-04-25,885.65
2019-04-26,890.55
2019-05-02,893.87
2019-05-03,895.42
2019-05-06,878.8
2019-05-07,877.02
2019-05-08,872.78
2019-05-09,871.5
2019-05-10,876.45
2019-05-13,879.64
2019-05-14,882.67
2019-05-15,893.22
2019-05-16,891.93
2019-05-17,890.53
2019-05-20,901.06
2019-05-21,901.36
2019-05-22,897.66
2019-05-23,895.07
2019-05-24,884.48
2019-05-27,889.2
2019-05-28,885.27
2019-05-29,883.52
2019-05-30,883.37
2019-05-31,876.29
2019-06-03,864.08
2019-06-04,864.35
2019-06-05,863.69
2019-06-06,861.31
2019-06-07,869.56
2019-06-10,872.49
2019-06-11,870.91
2019-06-12,865.42
2019-06-13,859.68
2019-06-14,861.65
2019-06-17,852.99
2019-06-18,848.17
2019-06-19,854.34
2019-06-20,864.59
2019-06-21,866.53
2019-06-24,868.94
2019-06-25,868.5
2019-06-26,866.81
2019-06-27,854.41
2019-06-28,864.24
2019-07-01,876.26
2019-07-02,872.92
2019-07-03,869.58
2019-07-04,879.72
2019-07-05,880.23
2019-07-08,870.92
2019-07-09,872.21
2019-07-10,876.12
2019-07-11,879.1
2019-07-12,874.99
2019-07-15,873.71
2019-07-16,880.91
2019-07-17,879.75
2019-07-18,870.81
2019-07-19,880.79
2019-07-22,879.62
2019-07-23,888.26
2019-07-24,887.39
2019-07-25,890.41
2019-07-26,887.84
2019-07-29,888.54
2019-07-30,877.92
2019-07-31,883.19
2019-08-01,887.39
2019-08-02,885.29
2019-08-05,872.39
2019-08-06,866.13
2019-08-07,868.27
2019-08-08,875.81
2019-08-09,878.62
2019-08-12,882.23
2019-08-13,877.97
2019-08-14,880.51
2019-08-15,890.78
2019-08-16,892.44
2019-08-19,891.78
2019-08-20,894.45
2019-08-21,900.54
2019-08-22,901.29
2019-08-23,900.53
2019-08-26,892.48
2019-08-27,886.91
2019-08-28,886.08
2019-08-29,889.13
2019-08-30,892.51
2019-09-03,888.97
2019-09-04,887.12
2019-09-05,886.1
2019-09-06,885.95
2019-09-09,885.61
2019-09-10,883.04
2019-09-11,885.52
2019-09-12,894.32
2019-09-13,905.05
2019-09-16,908.6
2019-09-17,912.38
2019-09-18,913.48
2019-09-19,918.88
2019-09-20,915.16
2019-09-23,909.98
2019-09-24,910.76
2019-09-25,912.42
2019-09-26,918.1
2019-09-27,924.83
2019-09-30,922.89
2019-10-01,926.31
2019-10-02,919.73
2019-10-03,921.7
2019-10-04,915.16
2019-10-07,907.5
2019-10-08,915.27
2019-10-09,914.54
2019-10-10,913.05
2019-10-11,916.68
2019-10-14,921.91
2019-10-15,923.27
2019-10-16,924.64
2019-10-17,919.1
2019-10-18,919.13
2019-10-21,914.0
2019-10-22,916.81
2019-10-23,919.61
2019-10-24,925.25
2019-10-25,927.05
2019-10-28,925.97
2019-10-29,923.97
2019-10-30,925.07
2019-10-31,922.68
2019-11-01,933.55
2019-11-04,940.25
2019-11-05,942.34
2019-11-06,942.38
2019-11-07,944.25
2019-11-08,944.7
2019-11-11,939.72
2019-11-12,939.82
2019-11-13,932.6
2019-11-14,928.44
2019-11-15,927.36
2019-11-18,920.95
2019-11-19,926.07
2019-11-20,917.0
2019-11-21,898.23
2019-11-22,892.31
2019-11-25,894.8
2019-11-26,897.5
2019-11-27,895.06
2019-11-28,885.7
2019-11-29,887.47
2019-12-02,875.1
2019-12-03,868.68
2019-12-04,883.56
2019-12-05,879.32
2019-12-06,880.43
2019-12-09,879.94
2019-12-10,873.16
2019-12-11,878.27
2019-12-12,884.8
2019-12-13,880.55
2019-12-16,876.65
2019-12-17,867.44
2019-12-18,863.16
2019-12-19,862.23
2019-12-20,868.37
2019-12-23,868.2
2019-12-24,869.88
2019-12-25,873.18
2019-12-26,872.07
2019-12-27,876.38
2019-12-30,880.29
2019-12-31,879.06
2020-01-02,886.88
2020-01-03,883.28
2020-01-06,872.34
2020-01-07,876.7
2020-01-08,865.18
2020-01-09,877.76
2020-01-10,885.52
2020-01-13,881.79
2020-01-14,884.77
2020-01-15,885.36
2020-01-16,891.96
2020-01-17,894.84
2020-01-20,897.4
2020-01-21,906.52
2020-01-22,909.09
2020-01-30,875.82
2020-01-31,848.63
2020-02-03,842.67
2020-02-04,845.52
2020-02-05,845.31
2020-02-06,862.86
2020-02-07,863.49
2020-02-10,852.87
2020-02-11,856.39
2020-02-12,863.23
2020-02-13,864.16
2020-02-14,865.86
2020-02-17,866.27
2020-02-18,861.71
2020-02-19,863.84
2020-02-20,871.4
2020-02-21,868.89
2020-02-24,837.4
2020-02-25,849.58
2020-02-26,841.68
2020-02-27,848.34
2020-02-28,831.97
2020-03-02,835.42
2020-03-03,837.99
2020-03-04,837.99
2020-03-05,839.12
2020-03-06,835.97
2020-03-09,782.85
2020-03-10,789.51
2020-03-11,758.16
2020-03-12,719.21
2020-03-13,716.65
2020-03-16,698.18
2020-03-17,699.73
2020-03-18,700.65
2020-03-19,679.55
2020-03-20,673.7
2020-03-23,632.86
2020-03-24,625.43
2020-03-25,652.31
2020-03-26,646.7
2020-03-27,642.23
2020-03-30,613.02
2020-03-31,610.76
2020-04-01,628.79
2020-04-03,649.15
2020-04-06,682.65
2020-04-07,693.61
2020-04-08,691.17
2020-04-09,700.32
2020-04-10,695.74
2020-04-13,706.37
2020-04-14,713.81
2020-04-15,722.8
2020-04-16,726.57
2020-04-17,734.98
2020-04-20,736.31
2020-04-21,706.65
2020-04-22,714.42
2020-04-23,717.49
2020-04-24,725.05
2020-04-27,719.66
2020-04-28,715.74
2020-04-29,715.33
2020-05-04,709.35
2020-05-05,711.01
2020-05-06,725.94
2020-05-07,739.98
2020-05-08,760.15
2020-05-11,777.13
2020-05-12,782.45
2020-05-13,783.69
2020-05-14,780.73
2020-05-15,773.95
2020-05-18,787.27
2020-05-19,799.31
2020-05-20,803.32
2020-05-21,815.55
2020-05-22,803.14
2020-05-25,807.25
2020-05-26,815.01
2020-05-27,801.36
2020-05-28,804.06
2020-05-29,806.23
2020-06-01,821.47
2020-06-02,818.7
2020-06-03,824.29
2020-06-04,823.77
2020-06-05,826.47
2020-06-08,838.52
2020-06-09,837.02
2020-06-10,839.11
2020-06-11,806.87
2020-06-12,807.76
2020-06-15,778.71
2020-06-16,798.82
2020-06-17,796.43
2020-06-18,797.08
2020-06-19,808.28
2020-06-22,809.97
2020-06-23,807.61
2020-06-24,801.62
2020-06-25,796.51
2020-06-26,795.53
2020-06-29,774.81
2020-06-30,770.53
2020-07-01,786.82
2020-07-02,785.59
2020-07-03,789.87
2020-07-06,803.46
2020-07-07,805.68
2020-07-08,805.06
2020-07-09,817.08
2020-07-10,809.02
2020-07-13,806.17
2020-07-14,805.37
2020-07-15,810.16
2020-07-16,819.83
2020-07-17,814.16
2020-07-20,803.36
2020-07-21,804.7
2020-07-22,797.85
2020-07-23,800.29
2020-07-24,772.29
2020-07-27,729.93
2020-07-28,756.17
2020-07-29,735.16
2020-07-30,746.02
2020-07-31,740.73
2020-08-03,757.86
2020-08-04,768.22
2020-08-05,780.71
2020-08-06,781.6
2020-08-07,782.15
2020-08-10,784.3
2020-08-11,784.57
2020-08-12,788.42
2020-08-13,795.09
2020-08-14,791.98
2020-08-17,791.54
2020-08-18,786.95
2020-08-19,789.41
2020-08-20,786.11
2020-08-21,793.6
2020-08-24,809.69
2020-08-25,815.18
2020-08-26,812.36
2020-08-27,814.55
2020-08-28,821.93
2020-08-31,823.93
2020-09-01,832.03
2020-09-03,843.64
2020-09-04,840.54
2020-09-07,824.36
2020-09-08,827.57
2020-09-09,824.42
2020-09-10,825.85
2020-09-11,825.56
2020-09-14,832.24
2020-09-15,833.33
2020-09-16,834.5
2020-09-17,831.84
2020-09-18,841.26
2020-09-21,851.54
2020-09-22,853.68
2020-09-23,858.3
2020-09-24,853.21
2020-09-25,854.71
2020-09-28,863.31
2020-09-29,856.2
2020-09-30,858.54
2020-10-01,867.58
2020-10-02,861.51
2020-10-05,867.7
2020-10-06,871.37
2020-10-07,870.85
2020-10-08,869.82
2020-10-09,874.53
2020-10-12,874.9
2020-10-13,878.35
2020-10-14,892.15
2020-10-15,899.2
2020-10-16,901.59
2020-10-19,901.47
2020-10-20,909.49
2020-10-21,906.1
2020-10-22,918.3
2020-10-23,930.3
2020-10-26,919.56
2020-10-27,915.46
2020-10-28,888.88
2020-10-29,886.68
2020-10-30,892.55
2020-11-02,899.27
2020-11-03,902.14
2020-11-04,905.48
2020-11-05,903.64
2020-11-06,902.91
2020-11-09,917.42
2020-11-10,916.5
2020-11-11,916.68
2020-11-12,923.0
2020-11-13,931.2
2020-11-16,915.97
2020-11-17,934.65
2020-11-18,937.67
2020-11-19,944.92
2020-11-20,950.89
2020-11-23,960.03
2020-11-24,959.61
2020-11-25,960.63
2020-11-26,964.16
2020-11-27,971.11
2020-11-30,965.89
2020-12-01,976.35
2020-12-02,979.95
2020-12-03,985.44
2020-12-04,984.34
2020-12-07,992.01
2020-12-08,993.61
2020-12-09,1004.03
2020-12-10,994.28
2020-12-11,1008.65
2020-12-14,1024.28
2020-12-15,1013.02
2020-12-16,1029.72
2020-12-17,1016.95
2020-12-18,1036.65
2020-12-21,1049.71
2020-12-22,1052.23
2020-12-23,1045.7
2020-12-24,1033.95
2020-12-25,1052.13
2020-12-28,1054.23
2020-12-29,1058.39
2020-12-30,1059.16
2020-12-31,1070.77
2021-01-04,1091.87
2021-01-05,1104.3
2021-01-06,1113.72
2021-01-07,1130.59
2021-01-08,1147.86
2021-01-11,1163.4
2021-01-12,1169.03
2021-01-13,1164.57
2021-01-14,1168.99
2021-01-15,1182.2
2021-01-18,1173.34
2021-01-19,1107.32
2021-01-20,1116.21
2021-01-21,1151.3
2021-01-22,1156.58
2021-01-25,1154.29
2021-01-26,1125.09
2021-01-27,1083.63
2021-01-28,1010.75
2021-01-29,1048.31
2021-02-01,1029.86
2021-02-02,1079.7
2021-02-03,1117.98
2021-02-04,1117.74
2021-02-05,1135.5
2021-02-08,1093.84
2021-02-09,1129.49
2021-02-17,1174.91
2021-02-18,1187.94
2021-02-19,1180.59
2021-02-22,1180.55
2021-02-23,1182.47
2021-02-24,1167.18
2021-02-25,1169.82
2021-02-26,1173.6
2021-03-01,1191.83
2021-03-02,1194.71
2021-03-03,1195.6
2021-03-04,1174.29
2021-03-05,1174.16
2021-03-08,1170.0
2021-03-09,1163.0
2021-03-10,1172.26
2021-03-11,1188.71
2021-03-12,1187.81
2021-03-15,1190.86
2021-03-16,1187.84
2021-03-17,1193.45
2021-03-18,1211.54
2021-03-19,1203.36
2021-03-22,1198.54
2021-03-23,1186.98
2021-03-24,1167.49
2021-03-25,1164.64
2021-03-26,1167.19
2021-03-29,1180.07
2021-03-30,1190.86
2021-03-31,1196.24
2021-04-01,1226.16
2021-04-02,1238.03
2021-04-05,1249.9
2021-04-06,1255.36
2021-04-07,1257.77
2021-04-08,1251.81
2021-04-09,1253.26
2021-04-12,1278.19
2021-04-13,1277.35
2021-04-14,1290.77
2021-04-15,1284.2
2021-04-16,1276.87
2021-04-19,1306.22
2021-04-20,1312.68
2021-04-22,1271.53
2021-04-23,1301.39
2021-04-26,1275.04
2021-04-27,1283.81
2021-04-28,1294.06
2021-04-29,1312.28
2021-05-04,1328.03
2021-05-05,1346.89
2021-05-06,1344.64
2021-05-07,1340.73
2021-05-10,1370.66
2021-05-11,1359.19
2021-05-12,1380.17
2021-05-13,1370.18
2021-05-14,1380.02
2021-05-17,1371.36
2021-05-18,1378.59
2021-05-19,1401.71
2021-05-20,1424.92
2021-05-21,1425.04
2021-05-24,1430.48
2021-05-25,1444.01
2021-05-26,1455.11
2021-05-27,1437.38
2021-05-28,1458.78
2021-05-31,1474.78
2021-06-01,1482.92
2021-06-02,1478.85
2021-06-03,1504.37
2021-06-04,1508.35
2021-06-07,1484.1
2021-06-08,1438.97
2021-06-09,1457.76
2021-06-10,1451.18
2021-06-11,1487.61
2021-06-14,1495.51
2021-06-15,1487.04
2021-06-16,1465.58
2021-06-17,1461.91
2021-06-18,1481.3
2021-06-21,1478.29
2021-06-22,1489.24
2021-06-23,1489.53
2021-06-24,1486.96
2021-06-25,1500.3
2021-06-28,1521.41
2021-06-29,1529.97
2021-06-30,1529.0
2021-07-01,1545.14
2021-07-02,1554.59
2021-07-05,1557.41
2021-07-06,1488.42
2021-07-07,1538.77
2021-07-08,1521.21
2021-07-09,1494.43
2021-07-12,1443.1
2021-07-13,1440.87
2021-07-14,1410.3
2021-07-15,1430.29
2021-07-16,1438.05
2021-07-19,1374.15
2021-07-20,1411.02
2021-07-21,1406.54
2021-07-22,1428.48
2021-07-23,1401.53
2021-07-26,1403.96
2021-07-27,1409.85
2021-07-28,1407.5
2021-07-29,1427.55
2021-07-30,1447.23
2021-08-02,1448.21
2021-08-03,1469.87
2021-08-04,1472.2
2021-08-05,1486.46
2021-08-06,1476.79
2021-08-09,1497.83
2021-08-10,1494.41
2021-08-11,1487.91
2021-08-12,1477.06
2021-08-13,1484.25
2021-08-16,1500.77
2021-08-17,1494.12
2021-08-18,1489.54
2021-08-19,1505.01
2021-08-20,1450.45
2021-08-23,1412.0
2021-08-24,1418.26
2021-08-25,1428.51
2021-08-26,1412.45
2021-08-27,1418.57
2021-08-30,1431.05
2021-08-31,1428.66
2021-09-01,1426.94
2021-09-06,1441.54
2021-09-07,1444.1
2021-09-08,1433.71
2021-09-09,1447.28
2021-09-10,1448.33
2021-09-13,1444.99
2021-09-14,1438.16
2021-09-15,1444.85
2021-09-16,1448.98
2021-09-17,1455.59
2021-09-20,1458.66
2021-09-21,1446.22
2021-09-22,1453.22
2021-09-23,1458.23
2021-09-24,1459.94
2021-09-27,1439.2
2021-09-28,1451.12
2021-09-29,1450.52
2021-09-30,1453.76
2021-10-01,1441.83
2021-10-04,1443.61
2021-10-05,1456.21
2021-10-06,1461.72
2021-10-07,1462.74
2021-10-08,1476.54
2021-10-11,1510.27
2021-10-12,1509.57
2021-10-13,1505.55
2021-10-14,1503.38
2021-10-15,1504.84
2021-10-18,1510.49
2021-10-19,1507.19
2021-10-20,1505.03
2021-10-21,1489.26
2021-10-22,1488.71
2021-10-25,1476.97
2021-10-26,1482.62
2021-10-27,1516.46
2021-10-28,1529.26
2021-10-29,1532.35
2021-11-01,1516.75
2021-11-02,1521.35
2021-11-03,1530.65
2021-11-04,1528.21
2021-11-05,1531.76
2021-11-08,1535.66
2021-11-09,1527.13
2021-11-10,1523.79
2021-11-11,1514.36
2021-11-12,1527.94
2021-11-15,1528.68
2021-11-16,1517.22
2021-11-17,1519.58
2021-11-18,1503.42
2021-11-19,1500.05
2021-11-22,1517.04
2021-11-23,1533.12
2021-11-24,1565.29
2021-11-25,1572.46
2021-11-26,1566.55
2021-11-29,1553.04
2021-11-30,1537.59
2021-12-01,1549.81
2021-12-02,1540.88
2021-12-03,1503.98
2021-12-06,1480.92
2021-12-07,1512.62
2021-12-08,1516.16
2021-12-09,1529.61
2021-12-10,1519.46
2021-12-13,1520.8
2021-12-14,1516.44
2021-12-15,1519.42
2021-12-16,1510.17
2021-12-17,1513.56
2021-12-20,1513.6
2021-12-21,1511.48
2021-12-22,1504.12
2021-12-23,1477.37
2021-12-24,1506.67
2021-12-27,1514.55
2021-12-28,1523.54
2021-12-29,1515.94
2021-12-30,1519.62
2021-12-31,1535.71
2022-01-04,1558.87
2022-01-05,1546.01
2022-01-06,1544.95
2022-01-07,1532.24
2022-01-10,1514.7
2022-01-11,1499.74
2022-01-12,1530.04
2022-01-13,1526.43
2022-01-14,1523.57
2022-01-17,1478.61
2022-01-18,1477.06
2022-01-19,1482.55
2022-01-20,1492.81
2022-01-21,1502.16
2022-01-24,1471.31
2022-01-25,1516.16
2022-01-26,1525.31
2022-01-27,1516.57
2022-01-28,1532.24
2022-02-07,1541.25
2022-02-08,1550.46
2022-02-09,1552.44
2022-02-10,1548.95
2022-02-11,1545.92
2022-02-14,1505.07
2022-02-15,1527.36
2022-02-16,1521.47
2022-02-17,1540.51
2022-02-18,1531.47
2022-02-21,1533.4
2022-02-22,1532.36
2022-02-23,1538.83
2022-02-24,1522.04
2022-02-25,1526.5
2022-02-28,1517.18
2022-03-01,1520.12
2022-03-02,1498.61
2022-03-03,1522.49
2022-03-04,1525.34
2022-03-07,1509.12
2022-03-08,1490.17
2022-03-09,1489.25
2022-03-10,1490.24
2022-03-11,1477.14
2022-03-14,1461.1
2022-03-15,1468.89
2022-03-16,1472.69
2022-03-17,1469.92
2022-03-18,1476.94
2022-03-21,1502.67
2022-03-22,1513.4
2022-03-23,1505.59
2022-03-24,1497.44
2022-03-25,1498.36
2022-03-28,1484.16
2022-03-29,1500.57
2022-03-30,1500.23
2022-03-31,1508.53
2022-04-01,1542.47
2022-04-04,1548.04
2022-04-05,1539.2
2022-04-06,1557.11
2022-04-07,1541.96
2022-04-08,1524.31
2022-04-12,1507.2
2022-04-13,1525.39
2022-04-14,1518.01
2022-04-15,1493.74
2022-04-18,1468.25
2022-04-19,1440.61
2022-04-20,1435.5
2022-04-21,1426.87
2022-04-22,1444.32
2022-04-25,1366.39
2022-04-26,1396.9
2022-04-27,1402.03
2022-04-28,1400.88
2022-04-29,1417.31
2022-05-04,1389.59
2022-05-05,1404.88
2022-05-06,1373.21
2022-05-09,1314.04
2022-05-10,1345.46
2022-05-11,1349.82
2022-05-12,1279.76
2022-05-13,1223.76
2022-05-16,1215.08
2022-05-17,1279.55
2022-05-18,1286.41
2022-05-19,1283.55
2022-05-20,1282.51
2022-05-23,1255.35
2022-05-24,1272.71
2022-05-25,1310.7
2022-05-26,1309.5
2022-05-27,1335.68
2022-05-30,1342.87
2022-05-31,1332.59
2022-06-01,1335.49
2022-06-02,1325.49
2022-06-03,1327.4
2022-06-06,1327.04
2022-06-07,1324.37
2022-06-08,1342.03
2022-06-09,1342.92
2022-06-10,1325.69
2022-06-13,1260.85
2022-06-14,1261.16
2022-06-15,1253.09
2022-06-16,1280.37
2022-06-17,1258.03
2022-06-20,1225.56
2022-06-21,1224.54
2022-06-22,1227.18
2022-06-23,1240.58
2022-06-24,1235.47
2022-06-27,1256.67
2022-06-28,1273.41
2022-06-29,1273.4
2022-06-30,1248.92
2022-07-01,1252.24
2022-07-04,1248.37
2022-07-05,1242.05
2022-07-06,1211.94
2022-07-07,1229.23
2022-07-08,1231.54
2022-07-11,1209.02
2022-07-12,1219.44
2022-07-13,1216.94
2022-07-14,1221.94
2022-07-15,1220.14
2022-07-18,1214.28
2022-07-19,1211.7
2022-07-20,1225.62
2022-07-21,1235.25
2022-07-22,1228.84
2022-07-25,1222.6
2022-07-26,1218.49
2022-07-27,1219.43
2022-07-28,1236.14
2022-07-29,1232.0
2022-08-01,1256.25
2022-08-02,1265.97
2022-08-03,1269.83
2022-08-04,1277.73
2022-08-05,1272.06
2022-08-08,1276.7
2022-08-09,1281.44
2022-08-10,1277.15
2022-08-11,1272.33
2022-08-12,1280.96
2022-08-15,1293.79
2022-08-16,1295.1
2022-08-17,1300.4
2022-08-18,1299.93
2022-08-19,1294.93
2022-08-22,1285.45
2022-08-23,1292.0
2022-08-24,1296.41
2022-08-25,1311.55
2022-08-26,1306.81
2022-08-29,1293.25
2022-08-30,1298.14
2022-08-31,1301.44
2022-09-05,1298.15
2022-09-06,1299.06
2022-09-07,1268.95
2022-09-08,1265.57
2022-09-09,1275.64
2022-09-12,1275.6
2022-09-13,1272.48
2022-09-14,1260.88
2022-09-15,1262.82
2022-09-16,1252.78
2022-09-19,1229.88
2022-09-20,1241.07
2022-09-21,1228.2
2022-09-22,1228.94
2022-09-23,1215.41
2022-09-26,1187.22
2022-09-27,1182.46
2022-09-28,1160.66
2022-09-29,1147.44
2022-09-30,1152.01
2022-10-03,1102.0
2022-10-04,1097.72
2022-10-05,1117.38
2022-10-06,1081.36
2022-10-07,1039.54
2022-10-10,1038.93
2022-10-11,1001.68
2022-10-12,1034.93
2022-10-13,1051.24
2022-10-14,1061.39
2022-10-17,1047.2
2022-10-18,1059.06
2022-10-19,1053.65
2022-10-20,1053.26
2022-10-21,1010.57
2022-10-24,973.88
2022-10-25,991.52
2022-10-26,990.41
2022-10-27,1028.5
2022-10-28,1029.49
2022-10-31,1026.84
2022-11-01,1038.09
2022-11-02,1025.18
2022-11-03,1023.8
2022-11-04,997.92
2022-11-07,972.85
2022-11-08,980.09
2022-11-09,979.68
2022-11-10,936.8
2022-11-11,948.86
2022-11-14,936.31
2022-11-15,904.77
2022-11-16,940.29
2022-11-17,971.04
2022-11-18,971.2
2022-11-21,956.89
2022-11-22,945.54
2022-11-23,938.73
2022-11-24,940.76
2022-11-25,967.49
2022-11-28,1004.34
2022-11-29,1029.04
2022-11-30,1049.21
2022-12-01,1042.64
2022-12-02,1092.99
2022-12-05,1110.94
2022-12-06,1054.06
2022-12-07,1047.58
2022-12-08,1062.73
2022-12-09,1065.08
2022-12-12,1037.42
2022-12-13,1056.43
2022-12-14,1056.17
2022-12-15,1068.08
2022-12-16,1064.07
2022-12-19,1050.22
2022-12-20,1029.79
2022-12-21,1033.1
2022-12-22,1038.34
2022-12-23,1034.13
2022-12-26,987.77
2022-12-27,1007.36
2022-12-28,1013.95
2022-12-29,1008.3
2022-12-30,1005.19
2023-01-03,1047.25
2023-01-04,1050.15
2023-01-05,1061.9
2023-01-06,1057.4
2023-01-09,1061.14
2023-01-10,1060.53
2023-01-11,1065.22
2023-01-12,1066.24
2023-01-13,1069.86
2023-01-16,1075.71
2023-01-17,1103.73
2023-01-18,1115.72
2023-01-19,1121.92
2023-01-27,1130.65
2023-01-30,1113.95
2023-01-31,1125.07
2023-02-01,1088.09
2023-02-02,1093.48
2023-02-03,1085.7
2023-02-06,1094.37
2023-02-07,1069.5
2023-02-08,1073.38
2023-02-09,1059.91
2023-02-10,1048.74
2023-02-13,1040.4
2023-02-14,1034.93
2023-02-15,1043.34
2023-02-16,1055.26
2023-02-17,1053.72
2023-02-20,1087.36
2023-02-21,1080.9
2023-02-22,1051.08
2023-02-23,1050.95
2023-02-24,1030.42
2023-02-27,1011.46
2023-02-28,1014.96
2023-03-01,1034.43
2023-03-02,1028.73
2023-03-03,1013.35
2023-03-06,1014.26
2023-03-07,1027.16
2023-03-08,1040.59
2023-03-09,1050.28
2023-03-10,1047.2
2023-03-13,1050.07
2023-03-14,1037.35
2023-03-15,1064.38
2023-03-16,1046.99
2023-03-17,1047.71
2023-03-20,1024.5
2023-03-21,1035.04
2023-03-22,1043.14
2023-03-23,1046.6
2023-03-24,1051.42
2023-03-27,1056.45
2023-03-28,1058.82
2023-03-29,1061.45
2023-03-30,1067.24
2023-03-31,1073.68
2023-04-03,1088.72
2023-04-04,1088.34
2023-04-05,1089.83
2023-04-06,1078.86
2023-04-07,1078.88
2023-04-10,1077.41
2023-04-11,1081.71
2023-04-12,1080.69
2023-04-13,1074.67
2023-04-14,1063.43
2023-04-17,1065.02
2023-04-18,1064.55
2023-04-19,1056.14
2023-04-20,1053.61
2023-04-21,1046.18
2023-04-24,1046.17
2023-04-25,1037.04
2023-04-26,1045.24
2023-04-27,1041.54
2023-04-28,1051.43
2023-05-04,1039.64
2023-05-05,1038.46
2023-05-08,1049.72
2023-05-09,1049.67
2023-05-10,1054.99
2023-05-11,1054.93
2023-05-12,1066.44
2023-05-15,1070.9
2023-05-16,1069.64
2023-05-17,1062.1
2023-05-18,1070.76
2023-05-19,1068.84
2023-05-22,1073.74
2023-05-23,1068.05
2023-05-24,1061.55
2023-05-25,1062.15
2023-05-26,1060.81
2023-05-29,1069.77
2023-05-30,1071.82
2023-05-31,1066.33
2023-06-01,1068.09
2023-06-02,1086.96
2023-06-05,1091.08
2023-06-06,1102.32
2023-06-07,1105.68
2023-06-08,1092.46
2023-06-09,1100.85
2023-06-12,1109.63
2023-06-13,1115.39
2023-06-14,1110.6
2023-06-15,1108.57
2023-06-16,1109.06
2023-06-19,1098.94
2023-06-20,1104.27
2023-06-21,1112.07
2023-06-22,1117.6
2023-06-23,1126.76
2023-06-26,1131.23
2023-06-27,1134.41
2023-06-28,1141.12
2023-06-29,1125.29
2023-06-30,1123.13
2023-07-03,1123.37
2023-07-04,1128.0
2023-07-05,1129.76
2023-07-06,1119.44
2023-07-07,1129.43
2023-07-10,1143.16
2023-07-11,1146.67
2023-07-12,1146.54
2023-07-13,1156.11
2023-07-14,1160.59
2023-07-17,1164.58
2023-07-18,1166.82
2023-07-19,1165.19
2023-07-20,1168.26
2023-07-21,1186.6
2023-07-24,1193.14
2023-07-25,1198.01
2023-07-26,1201.43
2023-07-27,1199.68
2023-07-28,1212.45
2023-07-31,1230.81
2023-08-01,1222.18
2023-08-02,1221.32
2023-08-03,1210.8
2023-08-04,1231.42
2023-08-07,1250.68
2023-08-08,1247.81
2023-08-09,1239.84
2023-08-10,1226.2
2023-08-11,1240.77
2023-08-14,1243.43
2023-08-15,1241.24
2023-08-16,1256.95
2023-08-17,1247.82
2023-08-18,1190.1
2023-08-21,1190.32
2023-08-22,1193.51
2023-08-23,1182.97
2023-08-24,1201.88
2023-08-25,1193.93
2023-08-28,1213.4
2023-08-29,1215.47
2023-08-30,1225.56
2023-08-31,1234.53
2023-09-05,1244.64
2023-09-06,1260.03
2023-09-07,1255.22
2023-09-08,1249.14
2023-09-11,1230.71
2023-09-12,1255.83
2023-09-13,1247.95
2023-09-14,1234.06
2023-09-15,1238.81
2023-09-18,1223.7
2023-09-19,1225.5
2023-09-20,1234.57
2023-09-21,1219.19
2023-09-22,1197.69
2023-09-25,1159.94
2023-09-26,1153.37
2023-09-27,1168.6
2023-09-28,1164.45
2023-09-29,1166.26
2023-10-02,1167.13
2023-10-03,1130.89
2023-10-04,1138.54
2023-10-05,1124.48
2023-10-06,1139.78
2023-10-09,1150.37
2023-10-10,1160.28
2023-10-11,1167.29
2023-10-12,1165.49
2023-10-13,1166.66
2023-10-16,1153.21
2023-10-17,1141.03
2023-10-18,1125.56
2023-10-19,1104.89
2023-10-20,1123.69
2023-10-23,1106.85
2023-10-24,1117.12
2023-10-25,1113.32
2023-10-26,1064.95
2023-10-27,1067.57
2023-10-30,1047.63
2023-10-31,1039.38
2023-11-01,1051.65
2023-11-02,1087.5
2023-11-03,1086.19
2023-11-06,1103.52
2023-11-07,1092.71
2023-11-08,1129.95
2023-11-09,1122.95
2023-11-10,1109.05
2023-11-13,1106.72
2023-11-14,1119.28
2023-11-15,1131.9
2023-11-16,1132.6
2023-11-17,1103.53
2023-11-20,1102.85
2023-11-21,1108.6
2023-11-22,1109.8
2023-11-23,1082.68
2023-11-24,1087.34
2023-11-27,1078.42
2023-11-28,1088.51
2023-11-29,1093.16
2023-11-30,1081.7
2023-12-01,1090.39
2023-12-04,1107.16
2023-12-05,1100.42
2023-12-06,1109.27
2023-12-07,1111.35
2023-12-08,1114.89
2023-12-11,1117.34
2023-12-12,1121.21
2023-12-13,1106.83
2023-12-14,1104.49
2023-12-15,1097.4
2023-12-18,1084.67
2023-12-19,1091.87
2023-12-20,1097.01
2023-12-21,1097.43
2023-12-22,1097.45
2023-12-25,1111.86
2023-12-26,1115.52
2023-12-27,1115.94
2023-12-28,1128.51
2023-12-29,1131.46
2024-01-02,1131.64
2024-01-03,1144.85
2024-01-04,1156.37
2024-01-05,1161.14
2024-01-08,1163.52
2024-01-09,1160.21
2024-01-10,1162.68
2024-01-11,1163.56
2024-01-12,1163.66
2024-01-15,1161.3
2024-01-16,1170.19
2024-01-17,1166.61
2024-01-18,1173.91
2024-01-19,1185.23
2024-01-22,1189.56
2024-01-23,1183.85
2024-01-24,1179.45
2024-01-25,1177.52
2024-01-26,1182.82
2024-01-29,1179.17
2024-01-30,1181.71
2024-01-31,1166.33
2024-02-01,1173.35
2024-02-02,1174.76
2024-02-05,1197.36
2024-02-06,1199.17
2024-02-07,1212.7
2024-02-15,1217.12
2024-02-16,1224.54
2024-02-19,1240.2
2024-02-20,1241.65
2024-02-21,1242.08
2024-02-22,1239.9
2024-02-23,1223.09
2024-02-26,1233.31
2024-02-27,1247.91
2024-02-28,1265.35
2024-02-29,1265.75
2024-03-01,1267.07
2024-03-04,1268.53
2024-03-05,1280.17
2024-03-06,1271.07
2024-03-07,1276.56
2024-03-08,1250.2
2024-03-11,1235.12
2024-03-12,1242.23
2024-03-13,1272.28
2024-03-14,1260.32
2024-03-15,1256.42
2024-03-18,1235.74
2024-03-19,1234.74
2024-03-20,1259.06
2024-03-21,1281.57
2024-03-22,1284.14
2024-03-25,1270.0
2024-03-26,1286.23
2024-03-27,1288.77
2024-03-28,1303.2
2024-03-29,1296.9
2024-04-01,1292.62
2024-04-02,1292.3
2024-04-03,1274.27
2024-04-04,1267.65
2024-04-05,1257.78
2024-04-08,1254.72
2024-04-09,1266.92
2024-04-10,1263.82
2024-04-11,1262.86
2024-04-12,1284.74
2024-04-15,1227.9
2024-04-16,1232.7
2024-04-17,1210.74
2024-04-19,1194.03
2024-04-22,1206.64
2024-04-23,1200.37
2024-04-24,1232.17
2024-04-25,1233.72
2024-04-26,1240.5
2024-05-02,1247.21
2024-05-03,1255.62
2024-05-06,1274.62
2024-05-07,1284.85
2024-05-08,1284.85
2024-05-09,1281.47
2024-05-10,1277.47
2024-05-13,1272.53
2024-05-14,1277.31
2024-05-15,1289.97
2024-05-16,1308.27
2024-05-17,1310.15
2024-05-20,1312.55
2024-05-21,1308.62
2024-05-22,1291.46
2024-05-23,1304.76
2024-05-24,1283.46
2024-05-27,1284.88
2024-05-28,1299.75
2024-05-29,1284.02
2024-05-30,1279.29
2024-05-31,1275.97
2024-06-03,1297.78
2024-06-04,1300.99
2024-06-05,1299.66
2024-06-06,1302.28
2024-06-07,1308.03
2024-06-10,1311.1
2024-06-11,1308.3
2024-06-12,1331.81
2024-06-13,1333.85
2024-06-14,1316.46
2024-06-17,1309.7
2024-06-18,1309.89
2024-06-19,1314.22
2024-06-20,1322.36
2024-06-21,1319.93
2024-06-24,1289.85
2024-06-25,1288.8
2024-06-26,1291.3
2024-06-27,1289.03
2024-06-28,1278.32
2024-07-01,1285.48
2024-07-02,1296.06
2024-07-03,1305.5
2024-07-04,1310.63
2024-07-05,1316.18
2024-07-08,1315.83
2024-07-09,1321.78
2024-07-10,1310.91
2024-07-11,1306.22
2024-07-12,1301.81
2024-07-15,1297.82
2024-07-16,1303.3
2024-07-17,1305.37
2024-07-18,1306.38
2024-07-19,1302.32
2024-07-22,1299.31
2024-07-23,1278.67
2024-07-24,1280.51
2024-07-25,1272.18
2024-07-26,1281.84
2024-07-29,1285.73
2024-07-30,1287.82
2024-07-31,1299.09
2024-08-01,1272.0
2024-08-02,1281.01
2024-08-05,1232.11
2024-08-06,1252.81
2024-08-07,1253.58
2024-08-08,1243.31
2024-08-09,1264.84
2024-08-12,1271.44
2024-08-13,1268.72
2024-08-14,1270.38
2024-08-15,1265.32
2024-08-16,1291.68
2024-08-19,1299.04
2024-08-20,1305.25
2024-08-21,1317.69
2024-08-22,1318.57
2024-08-23,1321.15
2024-08-26,1318.6
2024-08-27,1322.28
2024-08-28,1323.54
2024-08-29,1326.67
2024-08-30,1331.52
2024-09-04,1317.71
2024-09-05,1309.05
2024-09-06,1315.39
2024-09-09,1307.15
2024-09-10,1294.06
2024-09-11,1293.88
2024-09-12,1297.61
2024-09-13,1294.3
2024-09-16,1281.37
2024-09-17,1303.65
2024-09-18,1310.94
2024-09-19,1318.41
2024-09-20,1326.0
2024-09-23,1321.12
2024-09-24,1330.87
2024-09-25,1344.07
2024-09-26,1350.85
2024-09-27,1352.57
2024-09-30,1352.56
2024-10-01,1358.88
2024-10-02,1354.51
2024-10-03,1346.46
2024-10-04,1336.21
2024-10-07,1335.48
2024-10-08,1339.05
2024-10-09,1351.97
2024-10-10,1360.58
2024-10-11,1362.5
2024-10-14,1358.76
2024-10-15,1356.09
2024-10-16,1354.1
2024-10-17,1362.89
2024-10-18,1362.69
2024-10-21,1358.03
2024-10-22,1348.92
2024-10-23,1349.72
2024-10-24,1329.62
2024-10-25,1325.54
2024-10-28,1328.33
2024-10-29,1335.76
2024-10-30,1333.85
2024-10-31,1338.6
2024-11-01,1325.62
2024-11-04,1312.64
2024-11-05,1313.35
2024-11-06,1329.56
2024-11-07,1326.65
2024-11-08,1317.34
2024-11-11,1310.46
2024-11-12,1301.95
2024-11-13,1304.04
2024-11-14,1286.65
2024-11-15,1271.22
2024-11-18,1270.23
2024-11-19,1259.08
2024-11-20,1271.73
2024-11-21,1286.67
2024-11-22,1286.07
2024-11-25,1291.94
2024-11-26,1299.22
2024-11-27,1301.06
2024-11-28,1301.52
2024-11-29,1311.26
2024-12-02,1308.83
2024-12-03,1309.18
2024-12-04,1297.81
2024-12-05,1337.55
2024-12-06,1337.28
2024-12-09,1336.18
2024-12-10,1335.85
2024-12-11,1336.48
2024-12-12,1335.55
2024-12-13,1331.58
2024-12-16,1331.82
2024-12-17,1327.63
2024-12-18,1329.83
2024-12-19,1314.16
2024-12-20,1317.77
2024-12-23,1323.02
2024-12-24,1323.27
2024-12-25,1342.48
2024-12-26,1342.68
2024-12-27,1346.84
2024-12-30,1347.35
2024-12-31,1344.75
2025-01-02,1343.2
2025-01-03,1320.58
2025-01-06,1313.04
2025-01-07,1315.28
2025-01-08,1316.63
2025-01-09,1310.8
2025-01-10,1293.23
2025-01-13,1298.34
2025-01-14,1289.23
2025-01-15,1297.64
2025-01-16,1303.25
2025-01-17,1313.48
2025-01-20,1316.95
2025-01-21,1314.81
2025-01-22,1309.72
2025-01-23,1332.54
2025-01-24,1337.59
2025-02-03,1315.46
2025-02-04,1327.21
2025-02-05,1331.35
2025-02-06,1336.59
2025-02-07,1340.8
2025-02-10,1330.88
2025-02-11,1338.4
2025-02-12,1335.68
2025-02-13,1337.78
2025-02-14,1340.52
2025-02-17,1334.01
2025-02-18,1337.39
2025-02-19,1344.64
2025-02-20,1349.45
2025-02-21,1353.73
2025-02-24,1364.52
2025-02-25,1360.56
2025-02-26,1360.56
2025-02-27,1363.62
2025-02-28,1356.43
2025-03-03,1361.16
2025-03-04,1367.97
2025-03-05,1363.91
2025-03-06,1379.62
2025-03-07,1389.77
2025-03-10,1391.07
2025-03-11,1393.57
2025-03-12,1392.39
2025-03-13,1387.3
2025-03-14,1387.03
2025-03-17,1394.9
2025-03-18,1388.64
2025-03-19,1377.63
2025-03-20,1378.95
2025-03-21,1378.27
2025-03-24,1390.7
2025-03-25,1388.79
2025-03-26,1381.47
2025-03-27,1380.26
2025-03-28,1373.93
2025-03-31,1363.88
2025-04-01,1376.91
2025-04-02,1376.94
2025-04-03,1283.18
2025-04-04,1280.52
2025-04-08,1197.51
2025-04-09,1168.68
2025-04-10,1249.29
2025-04-11,1309.94
2025-04-14,1325.87
2025-04-15,1310.76
2025-04-16,1293.25
2025-04-17,1303.03
2025-04-18,1306.24
2025-04-21,1294.29
2025-04-22,1290.38
2025-04-23,1303.04
2025-04-24,1311.66
2025-04-25,1317.18
2025-04-28,1312.32
2025-04-29,1309.73
2025-05-05,1320.41
2025-05-06,1319.66
2025-05-07,1324.8
2025-05-08,1351.1
2025-05-09,1352.25
2025-05-12,1372.04
2025-05-13,1382.78
2025-05-14,1397.87
2025-05-15,1401.49
2025-05-16,1384.44
2025-05-19,1379.75
2025-05-20,1407.52
2025-05-21,1419.36
2025-05-22,1409.56
2025-05-23,1409.4
2025-05-26,1423.85
2025-05-27,1427.45
2025-05-28,1432.19
2025-05-29,1431.57
2025-05-30,1423.68
2025-06-02,1423.04
2025-06-03,1437.87
2025-06-04,1435.28
2025-06-05,1432.38
2025-06-06,1418.97
2025-06-09,1396.56
2025-06-10,1404.82
2025-06-11,1405.15
2025-06-12,1412.16
2025-06-13,1401.2
2025-06-16,1420.35
2025-06-17,1431.39
2025-06-18,1432.99
2025-06-19,1439.3
2025-06-20,1435.19
2025-06-23,1448.32
2025-06-24,1462.8
2025-06-25,1465.36
2025-06-26,1463.57
2025-06-27,1475.89
2025-06-30,1477.56
2025-07-01,1476.16
2025-07-02,1482.76
2025-07-03,1481.2
2025-07-04,1488.77
2025-07-07,1508.66
2025-07-08,1529.27
2025-07-09,1543.27
2025-07-10,1569.34
2025-07-11,1594.01
2025-07-14,1605.66
2025-07-15,1593.84
2025-07-16,1614.42
2025-07-17,1634.7
2025-07-18,1643.91
2025-07-21,1628.06
2025-07-22,1655.98
2025-07-23,1653.01
2025-07-24,1661.23
2025-07-25,1669.33
2025-07-28,1695.63
2025-07-29,1621.29
2025-07-30,1630.78
2025-07-31,1615.23
2025-08-01,1614.11
2025-08-04,1653.22
2025-08-05,1690.43
2025-08-06,1723.31
2025-08-07,1734.85
2025-08-08,1729.08
2025-08-11,1741.9
2025-08-12,1755.25
2025-08-13,1753.71
2025-08-14,1793.78
2025-08-15,1783.25
2025-08-18,1786.37
2025-08-19,1810.46
2025-08-20,1828.46
2025-08-21,1874.91
2025-08-22,1814.02
2025-08-25,1783.12
2025-08-26,1849.05
2025-08-27,1848.55
2025-08-28,1861.2
2025-08-29,1865.38
2025-09-03,1859.59
2025-09-04,1883.59
2025-09-05,1845.48
2025-09-08,1807.22
2025-09-09,1825.17
2025-09-10,1828.63
2025-09-11,1855.08
2025-09-12,1865.45
2025-09-15,1876.75
2025-09-16,1875.39
2025-09-17,1868.85
2025-09-18,1861.74
2025-09-19,1859.53
2025-09-22,1819.6
2025-09-23,1821.45
2025-09-24,1853.48
2025-09-25,1858.67
2025-09-26,1852.65
2025-09-29,1862.23
2025-09-30,1863.13
2025-10-01,1870.63
2025-10-02,1859.8
2025-10-03,1859.51
2025-10-06,1918.97
2025-10-07,1909.65
2025-10-08,1922.95
2025-10-09,1940.89
2025-10-10,1980.57
2025-10-13,2012.28
2025-10-14,2013.69
2025-10-15,2009.64
2025-10-16,2022.27
2025-10-17,1977.14
2025-10-20,1870.86
2025-10-21,1915.9
2025-10-22,1930.88
2025-10-23,1945.78
2025-10-24,1944.6
2025-10-27,1900.76
2025-10-28,1949.28
2025-10-29,1949.76
2025-10-30,1925.18
2025-10-31,1885.36
2025-11-03,1857.64
2025-11-04,1897.71
2025-11-05,1886.47
2025-11-06,1869.6
2025-11-07,1824.71
2025-11-10,1804.18
2025-11-11,1821.6
2025-11-12,1872.27
2025-11-13,1864.23
2025-11-14,1871.54
2025-11-17,1893.54
2025-11-18,1898.07
2025-11-19,1886.2
2025-11-20,1897.46
2025-11-21,1899.89
2025-11-24,1916.36
2025-11-25,1909.6
2025-11-26,1923.55
2025-11-27,1921.18
2025-11-28,1923.92
2025-12-01,1933.56
2025-12-02,1950.12
2025-12-03,1971.99
2025-12-04,1979.53
2025-12-05,1975.5
2025-12-08,1983.82
2025-12-09,1973.02
2025-12-10,1946.98
2025-12-11,1924.29
2025-12-12,1867.03
2025-12-15,1869.84
2025-12-16,1909.87
2025-12-17,1897.95
2025-12-18,1903.47
2025-12-19,1933.28
2025-12-22,1985.28
2025-12-23,2012.87
2025-12-24,2023.13
2025-12-25,1976.21
2025-12-26,1965.97
2025-12-29,1990.66
2025-12-30,2009.7
2025-12-31,2030.63
2026-01-05,2028.68
2026-01-06,2055.96
2026-01-07,2096.76
2026-01-08,2074.03
2026-01-09,2066.21
2026-01-12,2080.24
2026-01-13,2089.21
2026-01-14,2067.1
2026-01-15,2047.48
2026-01-16,2080.35
2026-01-19,2094.24
2026-01-20,2085.61
2026-01-21,2080.38
2026-01-22,2082.35
2026-01-23,2077.76
2026-01-26,2032.28
2026-01-27,2019.88
2026-01-28,1997.13
2026-01-29,2018.98
2026-01-30,2029.81
2026-02-02,2004.31
2026-02-03,1997.69
2026-02-04,1988.19
2026-02-05,1969.27
2026-02-06,1943.6
2026-02-09,1947.75
2026-02-10,1951.58
2026-02-11,2000.9
2026-02-12,2016.47
2026-02-13,2018.64
2026-02-23,2039.8
2026-02-24,2050.85
2026-02-25,2049.64
2026-02-26,2069.82
2026-02-27,2061.75
2026-03-02,2010.75
2026-03-03,1959.35
2026-03-04,1956.53
2026-03-05,1942.76
2026-03-06,1904.19
2026-03-09,1780.71
2026-03-10,1836.96
2026-03-11,1889.94
2026-03-12,1859.8
2026-03-13,1853.6
2026-03-16,1852.99
2026-03-17,1873.65
2026-03-18,1868.84
2026-03-19,1854.19
2026-03-20,1797.99
2026-03-23,1741.05
2026-03-24,1770.16
2026-03-25,1814.73
2026-03-26,1791.25
2026-03-27,1821.53
2026-03-30,1811.92
2026-03-31,1829.59
2026-04-01,1861.84
2026-04-02,1852.99
2026-04-03,1837.43
2026-04-06,1836.25
2026-04-07,1840.96
2026-04-08,1931.01
2026-04-09,1915.01
2026-04-10,1928.23
2026-04-13,1925.66
2026-04-14,1946.55
2026-04-15,1961.6
2026-04-16,1979.19
2026-04-17,1988.11
2026-04-20,2009.04
2026-04-21,2007.08
2026-04-22,2025.41
2026-04-23,2024.74
2026-04-24,2011.42
2026-04-28,2041.4
2026-04-29,2022.75
2026-05-04,2014.62
2026-05-05,2032.3
2026-05-06,2053.41
2026-05-07,2079.1
2026-05-08,2074.06
2026-05-11,2040.51
2026-05-12,2053.97
2026-05-13,2043.51
2026-05-14,2068.62
2026-05-15,2061.2
